Date,Close,Open,High,Low,Volume,Change,7_Day_MA,14_Day_MA
2015-03-19,88.61,87.39,88.87,87.0,382040.0,0.0101,0.0,0.0
2015-03-20,89.37,88.9,89.87,88.11,415990.0,0.0086,0.0,0.0
2015-03-23,86.98,89.85,89.85,86.7,398800.0,-0.026699999999999998,0.0,0.0
2015-03-24,87.87,86.79,88.46,85.65,481130.0,0.0102,0.0,0.0
2015-03-25,88.28,88.36,89.3,87.64,345280.0,0.004699999999999999,0.0,0.0
2015-03-26,89.0,87.5,89.01,84.73,965630.0,0.008199999999999999,0.0,0.0
2015-03-27,90.1,90.0,91.25,88.46,717880.0,0.0124,88.60142857142857,0.0
2015-03-30,92.36,90.45,92.36,90.39,403810.0,0.025099999999999997,89.13714285714286,0.0
2015-03-31,91.47,92.62,93.17,90.57,354570.0,-0.0096,89.43714285714285,0.0
2015-04-01,90.69,91.45,92.25,90.26,478900.0,-0.0085,89.96714285714286,0.0
2015-04-02,90.48,90.27,90.62,89.87,271140.0,-0.0023,90.34,0.0
2015-04-07,91.35,91.2,91.77,90.32,268910.0,0.0096,90.77857142857144,0.0
2015-04-08,91.44,91.48,91.88,89.64,309580.0,0.001,91.12714285714286,0.0
2015-04-09,92.86,92.25,93.03,91.94,279240.0,0.0155,91.52142857142857,90.06142857142856
2015-04-10,94.0,93.15,94.56,92.82,479550.0,0.0123,91.75571428571428,90.44642857142857
2015-04-13,92.44,93.01,93.38,92.37,401220.0,-0.0166,91.89428571428572,90.66571428571429
2015-04-14,91.66,92.5,93.23,91.06,279380.0,-0.0084,92.03285714285714,91.0
2015-04-15,91.36,91.9,92.69,91.19,256040.00000000003,-0.0033,92.15857142857142,91.24928571428572
2015-04-16,89.66,91.52,92.1,89.53,457080.0,-0.018600000000000002,91.91714285714286,91.34785714285715
2015-04-17,88.72,89.43,91.95,88.38,583620.0,-0.0105,91.52857142857144,91.32785714285714
2015-04-20,87.75,89.0,89.34,87.52,440960.0,-0.0109,90.79857142857142,91.16
2015-04-21,86.59,88.14,88.79,86.23,517909.99999999994,-0.0132,89.74,90.74785714285714
2015-04-22,85.79,86.03,87.31,84.68,548130.0,-0.0092,88.79,90.34214285714286
2015-04-23,85.21,85.86,86.65,84.47,423460.0,-0.0068000000000000005,87.86857142857141,89.95071428571428
2015-04-24,85.69,85.93,86.65,84.81,429320.0,0.005600000000000001,87.05857142857144,89.60857142857142
2015-04-27,89.61,87.82,89.61,87.27,727550.0,0.045700000000000005,87.05142857142857,89.48428571428572
2015-04-28,87.86,89.6,89.9,86.79,422530.0,-0.0195,86.92857142857143,89.22857142857143
2015-04-29,84.81,89.0,89.0,84.19,453710.0,-0.0347,86.50857142857144,88.65357142857144
2015-04-30,85.3,86.07,86.07,83.95,477540.0,0.0058,86.32428571428571,88.03214285714286
2015-05-04,84.63,85.4,85.41,83.83,326150.0,-0.0079,86.15857142857142,87.47428571428573
2015-05-05,82.87,85.4,85.6,82.54,530550.0,-0.0208,85.82428571428571,86.84642857142856
2015-05-06,81.7,82.52,84.2,80.78,715310.0,-0.0141,85.25428571428571,86.15642857142858
2015-05-07,83.23,81.5,84.18,80.73,565230.0,0.0187,84.34285714285714,85.69714285714285
2015-05-08,84.74,84.06,85.24,83.15,330100.0,0.0181,83.89714285714285,85.41285714285713
2015-05-11,85.11,85.17,85.27,84.15,256029.99999999997,0.0044,83.94000000000001,85.2242857142857
2015-05-12,81.97,84.66,84.89,81.8,387150.0,-0.0369,83.46428571428571,84.89428571428572
2015-05-13,81.7,82.49,83.21,81.15,272510.0,-0.0033,83.04571428571428,84.60214285714287
2015-05-14,81.28,78.1,81.48,78.08,349970.0,-0.0051,82.81857142857143,84.32142857142857
2015-05-15,79.59,81.39,81.71,79.34,329800.0,-0.0208,82.51714285714286,83.88571428571429
2015-05-18,82.0,80.16,82.29,79.85,476550.0,0.030299999999999997,82.34142857142857,83.34214285714286
2015-05-19,85.63,82.81,85.91,82.7,569330.0,0.0443,82.46857142857142,83.18285714285715
2015-05-20,85.27,85.62,85.99,84.71,261170.00000000003,-0.0042,82.49142857142859,83.21571428571428
2015-05-21,85.19,85.13,85.64,84.41,254680.0,-0.0009,82.95142857142856,83.20785714285715
2015-05-22,84.67,85.57,85.74,84.29,304890.0,-0.0060999999999999995,83.37571428571428,83.21071428571427
2015-05-26,82.94,84.5,85.35,82.48,338810.0,-0.0204,83.61285714285714,83.21571428571428
2015-05-27,83.88,82.93,84.15,82.18,358280.0,0.0113,84.22571428571428,83.37142857142858
2015-05-28,82.18,83.69,83.97,81.53,289390.0,-0.0203,84.25142857142858,83.29642857142858
2015-05-29,80.42,82.5,82.5,80.19,479630.0,-0.021400000000000002,83.50714285714285,82.98785714285714
2015-06-01,80.44,81.3,81.5,79.98,377900.0,0.0002,82.81714285714285,82.65428571428572
2015-06-02,79.2,80.91,80.91,78.75,281540.0,-0.0154,81.96142857142857,82.45642857142857
2015-06-03,79.61,79.51,80.96,78.95,369910.0,0.0052,81.23857142857142,82.30714285714285
2015-06-04,78.99,79.5,79.61,78.01,329110.0,-0.0078000000000000005,80.67428571428572,82.14357142857143
2015-06-05,78.09,78.05,78.82,77.5,298860.0,-0.011399999999999999,79.84714285714287,82.03642857142859
2015-06-08,76.76,78.0,78.29,76.39,369970.0,-0.017,79.07285714285715,81.66214285714287
2015-06-09,76.5,76.5,76.89,74.69,439380.0,-0.0034000000000000002,78.51285714285714,81.01
2015-06-10,78.98,76.68,79.14,76.45,508090.0,0.032400000000000005,78.30428571428571,80.56071428571428
2015-06-11,79.54,79.09,80.29,78.94,472780.0,0.0070999999999999995,78.35285714285715,80.15714285714286
2015-06-12,77.63,78.9,79.16,76.95,400510.0,-0.024,78.07000000000001,79.65428571428572
2015-06-15,76.12,76.5,76.71,75.6,294410.0,-0.0195,77.66,79.16714285714286
2015-06-16,76.81,75.41,77.2,74.94,335750.0,0.0091,77.47714285714287,78.66214285714285
2015-06-17,75.76,77.23,77.28,75.53,311340.0,-0.0137,77.33428571428571,78.20357142857142
2015-06-18,76.32,75.13,76.36,74.2,427630.0,0.0074,77.30857142857144,77.91071428571429
2015-06-19,77.48,76.5,78.04,76.5,597790.0,0.0152,77.0942857142857,77.69928571428571
2015-06-22,79.76,79.12,80.2,78.55,346820.0,0.0294,77.12571428571428,77.73928571428571
2015-06-23,80.47,80.58,81.25,80.01,331680.0,0.0089,77.53142857142858,77.80071428571429
2015-06-24,79.79,80.4,80.4,78.53,292580.0,-0.0085,78.05571428571429,77.85785714285714
2015-06-25,79.78,78.86,80.66,78.85,205130.0,-0.0001,78.48,77.97857142857143
2015-06-26,79.98,79.39,80.36,79.06,335160.0,0.0025,79.08285714285715,78.20857142857143
2015-06-29,77.29,76.0,78.65,75.55,425150.0,-0.0336,79.22142857142858,78.265
2015-06-30,75.57,77.0,77.67,75.57,342620.0,-0.0223,78.94857142857143,78.02142857142857
2015-07-01,77.89,76.5,78.6,76.06,369730.0,0.030699999999999998,78.68142857142857,77.90357142857144
2015-07-02,77.49,78.16,78.75,77.3,237220.0,-0.0051,78.25571428571428,77.89357142857143
2015-07-03,76.51,77.5,77.5,76.3,249810.0,-0.0126,77.78714285714285,77.92142857142858
2015-07-06,75.52,74.74,76.35,74.65,267110.0,-0.0129,77.17857142857143,77.8292857142857
2015-07-07,74.45,75.55,75.9,74.02,463230.0,-0.014199999999999999,76.38857142857144,77.73571428571428
2015-07-08,72.3,74.4,74.4,71.96,677600.0,-0.028900000000000002,75.67571428571429,77.44857142857143
2015-07-09,74.12,72.84,75.12,72.84,390130.0,0.0252,75.46857142857142,77.20857142857143
2015-07-10,75.2,76.06,76.06,74.09,356510.0,0.0146,75.08428571428571,76.88285714285715
2015-07-13,75.77,75.96,76.88,74.66,405950.0,0.0076,74.83857142857143,76.54714285714286
2015-07-14,74.44,75.93,75.93,73.2,355620.0,-0.0176,74.54285714285716,76.16499999999999
2015-07-15,73.75,74.28,74.29,73.44,325630.0,-0.009300000000000001,74.28999999999999,75.73428571428572
2015-07-16,75.49,74.74,76.37,74.18,477540.0,0.0236,74.43857142857142,75.41357142857143
2015-07-17,75.41,76.18,76.3,75.04,214250.0,-0.0011,74.88285714285713,75.27928571428572
2015-07-20,74.75,75.28,75.34,74.08,345690.0,-0.0088,74.97285714285714,75.22071428571428
2015-07-21,74.09,74.8,75.26,73.75,403270.0,-0.0088,74.81428571428572,74.94928571428571
2015-07-22,73.0,73.3,73.65,72.51,369390.0,-0.0147,74.41857142857144,74.62857142857142
2015-07-23,73.04,73.69,73.86,72.43,202080.0,0.0005,74.21857142857142,74.38071428571428
2015-07-24,71.3,72.75,73.04,70.95,343910.0,-0.023799999999999998,73.86857142857143,74.0792857142857
2015-07-27,69.38,70.95,70.95,68.86,525550.0,-0.0269,72.99571428571429,73.71714285714286
2015-07-28,70.47,69.85,70.84,69.47,390250.0,0.015700000000000002,72.29,73.58642857142857
2015-07-29,69.12,70.79,70.96,68.44,466300.0,-0.0192,71.48571428571428,73.22928571428572
2015-07-30,68.7,69.79,69.79,68.2,336630.0,-0.0060999999999999995,70.71571428571428,72.765
2015-07-31,68.49,69.0,69.19,68.19,377250.0,-0.0031,70.07142857142857,72.24499999999999
2015-08-03,68.49,69.4,69.4,67.56,393090.0,0.0,69.42142857142856,71.82000000000001
2015-08-04,69.41,68.55,69.45,68.08,402050.0,0.0134,69.15142857142857,71.51
2015-08-05,71.4,69.95,72.34,69.95,571770.0,0.0287,69.44,71.21785714285714
2015-08-06,70.93,71.57,72.13,70.69,250930.0,-0.0066,69.50571428571429,70.89785714285715
2015-08-07,70.57,70.09,70.9,69.53,305610.0,-0.0051,69.71285714285715,70.59928571428571
2015-08-10,71.16,71.1,71.34,70.29,244650.0,0.0084,70.06428571428572,70.39
2015-08-11,68.42,70.72,70.72,67.94,558280.0,-0.0385,70.05428571428571,70.06285714285714
2015-08-12,66.05,67.7,67.7,65.85,727290.0,-0.0346,69.70571428571428,69.56357142857142
2015-08-13,66.37,67.53,67.74,66.27,276660.0,0.0048,69.27142857142857,69.21142857142857
2015-08-14,67.79,67.1,68.12,66.48,481310.0,0.021400000000000002,68.75571428571428,69.09785714285714
2015-08-17,67.58,68.65,69.06,66.89,359410.0,-0.0031,68.27714285714286,68.89142857142858
2015-08-18,66.71,67.2,67.73,66.43,287660.0,-0.0129,67.72571428571429,68.7192857142857
2015-08-19,65.36,66.25,66.61,65.22,367350.0,-0.0202,66.89714285714287,68.48071428571428
2015-08-20,63.8,64.75,65.09,63.37,485540.0,-0.0239,66.23714285714286,68.14571428571428
2015-08-21,62.67,62.34,63.92,62.0,559090.0,-0.0177,65.75428571428571,67.73
2015-08-24,59.62,60.6,61.7,57.55,1020000.0,-0.0487,64.78999999999999,67.0307142857143
2015-08-25,62.59,60.41,63.45,59.86,1040000.0,0.049800000000000004,64.04714285714286,66.40142857142857
2015-08-26,61.74,61.91,62.73,60.43,565640.0,-0.013600000000000001,63.212857142857146,65.74499999999999
2015-08-27,63.18,63.9,64.3,62.71,451950.0,0.0233,62.708571428571425,65.21714285714286
2015-08-28,62.9,63.29,63.29,61.85,396300.0,-0.0044,62.357142857142854,64.62714285714286
2015-08-31,62.11,62.5,62.88,61.56,348440.0,-0.0126,62.1157142857143,64.17642857142857
2015-09-01,60.36,61.3,61.55,59.75,363860.0,-0.0282,61.785714285714285,63.77
2015-09-02,59.85,60.56,60.98,59.76,311480.0,-0.0084,61.81857142857143,63.30428571428571
2015-09-03,61.66,60.58,62.19,60.23,441810.0,0.0302,61.685714285714276,62.86642857142857
2015-09-04,60.3,61.07,61.16,59.34,455460.0,-0.022099999999999998,61.48,62.346428571428575
2015-09-07,60.51,60.86,61.04,60.33,190050.0,0.0034999999999999996,61.098571428571425,61.903571428571425
2015-09-08,61.69,61.35,62.47,61.35,429020.0,0.0195,60.92571428571428,61.64142857142857
2015-09-09,62.42,63.05,63.6,62.14,375010.0,0.0118,60.970000000000006,61.542857142857144
2015-09-10,61.86,61.9,62.8,61.47,262930.0,-0.009000000000000001,61.184285714285714,61.485
2015-09-11,61.5,61.9,61.92,61.0,250660.0,-0.0058,61.42,61.61928571428571
2015-09-14,61.3,61.26,62.16,60.79,210910.0,-0.0033,61.368571428571435,61.527142857142856
2015-09-15,62.02,61.4,62.38,61.05,260880.0,0.011699999999999999,61.614285714285714,61.54714285714285
2015-09-16,63.2,62.9,63.35,62.56,393980.0,0.019,61.99857142857143,61.54857142857143
2015-09-17,62.59,63.26,63.5,62.53,310260.0,-0.0097,62.127142857142864,61.526428571428575
2015-09-18,60.64,62.2,62.2,59.74,553640.0,-0.031200000000000002,61.87285714285714,61.42142857142857
2015-09-21,50.2,53.8,54.01,46.285,4360000.0,-0.1722,60.207142857142856,60.69571428571429
2015-09-22,41.555,50.51,50.55,40.11,4680000.0,-0.1722,57.35785714285714,59.38892857142857
2015-09-23,42.33,41.4,44.385,38.565,3680000.0,0.0187,54.64785714285715,58.00821428571429
2015-09-24,42.075,44.2,45.49,41.655,2550000.0,-0.006,51.798571428571435,56.70642857142857
2015-09-25,40.745,43.6,43.6,40.3,2000000.0,-0.0316,48.590714285714284,55.294642857142854
2015-09-28,37.92,40.57,40.57,37.25,1900000.0,-0.0693,45.06642857142857,53.596785714285716
2015-09-29,37.54,37.1,38.92,36.37,1470000.0,-0.01,41.76642857142857,51.81964285714286
2015-09-30,38.095,39.36,39.48,37.85,1460000.0,0.0148,40.037142857142854,50.12214285714286
2015-10-01,37.53,38.67,39.685,37.225,900550.0,-0.0148,39.46214285714286,48.410000000000004
2015-10-02,35.865,37.675,37.94,35.53,1110000.0,-0.0444,38.53857142857144,46.59321428571429
2015-10-05,37.17,35.8,37.51,34.03,1510000.0,0.0364,37.837857142857146,44.81821428571429
2015-10-06,38.395,37.465,38.795,36.015,1360000.0,0.033,37.50214285714286,43.04642857142857
2015-10-07,40.45,39.25,41.41,39.2,2009999.9999999998,0.0535,37.86357142857143,41.464999999999996
2015-10-08,41.31,41.335,42.12,40.69,1710000.0,0.0213,38.402142857142856,40.08428571428572
2015-10-09,42.22,41.95,42.85,41.45,1800000.0,0.022000000000000002,38.99142857142858,39.51428571428572
2015-10-12,42.255,42.5,43.17,41.9,1050000.0,0.0008,39.666428571428575,39.56428571428571
2015-10-13,41.225,42.465,42.48,40.2,834030.0,-0.024399999999999998,40.432142857142864,39.48535714285715
2015-10-14,40.21,40.75,42.0,40.18,897880.0,-0.0246,40.86642857142857,39.35214285714285
2015-10-15,39.89,40.5,41.0,39.575,1050000.0,-0.008,41.08,39.291071428571435
2015-10-16,38.78,40.3,40.49,38.59,856240.0,-0.0278,40.84142857142857,39.3525
2015-10-19,38.815,38.8,39.3,38.09,565790.0,0.0009,40.485,39.44357142857143
2015-10-20,38.41,38.92,39.085,37.605,567980.0,-0.0104,39.940714285714286,39.466071428571425
2015-10-21,39.235,38.495,39.42,37.93,592740.0,0.0215,39.50928571428572,39.587857142857146
2015-10-22,40.87,39.525,41.0,39.01,712910.0,0.0417,39.458571428571425,39.94535714285714
2015-10-23,42.16,41.4,43.37,41.2,982270.0,0.0316,39.73714285714285,40.301785714285714
2015-10-26,42.0,42.79,43.08,41.76,618990.0,-0.0038,40.03857142857142,40.559285714285714
2015-10-27,40.345,42.095,42.13,40.345,758590.0,-0.0394,40.262142857142855,40.551785714285714
2015-10-28,42.095,40.685,42.59,40.055,980330.0,0.0434,40.730714285714285,40.60785714285714
2015-10-29,42.02,42.52,42.52,41.5,818090.0,-0.0018,41.24642857142857,40.59357142857143
2015-10-30,42.6,42.245,42.635,41.995,923660.0,0.0138,41.72714285714286,40.61821428571428
2015-11-02,44.105,42.39,44.31,42.3,903370.0,0.0353,42.18928571428571,40.82392857142857
2015-11-03,43.57,42.11,43.57,41.85,898590.0,-0.0121,42.39071428571429,41.06392857142857
2015-11-04,40.08,40.66,40.69,39.1,2120000.0,-0.0801,42.11642857142857,41.0775
2015-11-05,39.13,40.36,40.39,38.46,1370000.0,-0.023700000000000002,41.94285714285714,41.102500000000006
2015-11-06,40.06,39.27,40.24,39.0,861230.0,0.023799999999999998,41.652142857142856,41.19142857142857
2015-11-09,39.76,40.47,41.22,39.6,774570.0,-0.0075,41.32928571428572,41.28785714285714
2015-11-10,39.9,40.22,40.4,39.635,645190.0,0.0034999999999999996,40.94357142857143,41.33535714285714
2015-11-11,38.845,39.86,40.2,38.5,729790.0,-0.0264,40.19214285714286,41.190714285714286
2015-11-12,38.025,38.9,38.94,37.83,827900.0,-0.021099999999999997,39.4,40.895357142857144
2015-11-13,38.685,38.01,39.48,37.825,522659.99999999994,0.0174,39.200714285714284,40.65857142857143
2015-11-16,38.785,38.65,39.485,38.46,450730.0,0.0026,39.151428571428575,40.54714285714285
2015-11-17,39.825,39.1,39.95,38.925,483290.0,0.0268,39.11785714285714,40.385000000000005
2015-11-18,40.855,39.9,41.19,39.58,856100.0,0.0259,39.27428571428572,40.30178571428571
2015-11-19,41.925,41.44,42.255,41.27,749910.0,0.0262,39.56357142857143,40.25357142857143
2015-11-20,42.7,42.0,42.985,41.775,808770.0,0.018500000000000003,40.114285714285714,40.153214285714284
2015-11-23,42.41,42.3,42.73,41.62,763890.0,-0.0068000000000000005,40.74071428571428,40.07035714285714
2015-11-24,44.415,43.33,44.92,43.2,1530000.0,0.0473,41.55928571428571,40.379999999999995
2015-11-25,46.365,44.795,46.6,44.2,1250000.0,0.043899999999999995,42.64214285714286,40.89678571428571
2015-11-26,47.725,47.75,48.0,46.255,1330000.0,0.029300000000000003,43.770714285714284,41.44428571428572
2015-11-27,48.095,47.4,48.73,47.26,693120.0,0.0078000000000000005,44.805,42.03964285714286
2015-11-30,49.68,48.425,49.68,47.84,1290000.0,0.033,45.91285714285714,42.738214285714285
2015-12-01,49.585,50.01,51.9,48.995,1500000.0,-0.0019,46.896428571428565,43.50535714285714
2015-12-02,48.335,49.93,49.95,47.0,1030000.0,-0.0252,47.74285714285715,44.24178571428571
2015-12-03,48.23,48.9,50.02,47.75,913310.0,-0.0022,48.28785714285714,44.92357142857143
2015-12-04,48.715,48.405,48.9,47.9,637360.0,0.0101,48.62357142857143,45.63285714285714
2015-12-07,49.055,49.25,49.955,48.6,458040.0,0.006999999999999999,48.81357142857143,46.29214285714285
2015-12-08,47.14,49.11,49.49,46.29,771510.0,-0.039,48.67714285714286,46.74107142857143
2015-12-09,49.69,47.41,50.64,46.45,1250000.0,0.0541,48.67857142857143,47.29571428571428
2015-12-10,50.08,50.1,50.95,48.99,1310000.0,0.0078000000000000005,48.74928571428571,47.82285714285715
2015-12-11,48.655,50.14,50.18,48.19,892230.0,-0.0285,48.795,48.26892857142857
2015-12-14,46.67,49.095,49.195,46.545,796670.0,-0.0408,48.57214285714286,48.43
2015-12-15,46.565,46.89,48.3,46.475,886150.0,-0.0022,48.26499999999999,48.44428571428572
2015-12-16,47.48,47.0,47.85,45.895,862000.0,0.0196,48.04,48.42678571428571
2015-12-17,48.81,48.65,49.69,48.18,735900.0,0.027999999999999997,48.278571428571425,48.47785714285714
2015-12-18,49.045,48.2,49.375,48.04,971620.0,0.0048,48.18642857142857,48.4325
2015-12-21,49.125,49.01,50.58,48.86,844020.0,0.0016,48.050000000000004,48.39964285714285
2015-12-22,50.12,49.98,50.55,49.495,624460.0,0.0203,48.25928571428572,48.527142857142856
2015-12-23,51.27,50.85,51.37,50.57,653460.0,0.0229,48.916428571428575,48.744285714285716
2015-12-28,50.4,51.39,51.48,50.35,309950.0,-0.017,49.464285714285715,48.86464285714286
2015-12-29,50.79,50.92,50.99,50.12,365380.0,0.0077,49.93714285714286,48.98857142857143
2015-12-30,50.01,50.75,50.75,49.85,207310.0,-0.0154,50.10857142857143,49.19357142857143
2016-01-04,48.19,49.0,49.0,48.0,794990.0,-0.0364,49.98642857142857,49.08642857142858
2016-01-05,47.17,47.0,47.72,45.75,934910.0,-0.0212,49.707142857142856,48.878571428571426
2016-01-06,45.93,46.7,47.1,44.66,608520.0,-0.0263,49.10857142857143,48.68392857142857
2016-01-07,43.6,44.58,44.605,43.02,905350.0,-0.0507,48.012857142857136,48.464642857142856
2016-01-08,43.865,43.97,45.595,43.85,701390.0,0.0060999999999999995,47.07928571428572,48.27178571428571
2016-01-11,44.895,44.0,46.02,44.0,650240.0,0.0235,46.237142857142864,48.08714285714286
2016-01-12,45.67,45.31,47.195,45.105,605190.0,0.0173,45.61714285714286,47.862857142857145
2016-01-13,45.77,46.495,47.36,45.335,517530.0,0.0022,45.27142857142858,47.628928571428574
2016-01-14,44.25,45.05,45.5,42.85,750490.0,-0.0332,44.854285714285716,47.28071428571429
2016-01-15,42.59,44.265,44.74,42.0,930940.0,-0.0375,44.37714285714286,46.74285714285715
2016-01-18,42.05,42.645,43.8,41.965,522970.0,-0.0127,44.15571428571429,46.08428571428572
2016-01-19,43.095,43.25,43.675,42.57,655370.0,0.024900000000000002,44.04571428571429,45.5625
2016-01-20,40.7,42.225,42.26,40.37,667980.0,-0.0556,43.44642857142857,44.84178571428571
2016-01-21,42.845,41.0,43.0,40.23,661620.0,0.0527,43.042857142857144,44.33
2016-01-22,43.875,43.77,44.64,43.5,461420.0,0.024,42.77214285714285,44.02178571428571
2016-01-25,42.98,44.31,44.315,42.765,409120.0,-0.0204,42.590714285714284,43.722500000000004
2016-01-26,43.665,42.3,43.75,41.82,464100.0,0.0159,42.744285714285716,43.56071428571429
2016-01-27,43.82,43.66,43.82,42.71,285200.0,0.0034999999999999996,42.99714285714286,43.57642857142857
2016-01-28,42.185,43.4,44.21,42.08,406060.0,-0.0373,42.86714285714286,43.45642857142857
2016-01-29,41.79,42.695,43.12,41.18,553390.0,-0.009399999999999999,43.02285714285714,43.234642857142866
2016-02-01,41.48,41.98,42.395,40.515,444260.0,-0.0074,42.82785714285715,42.935357142857136
2016-02-02,40.21,41.3,41.45,39.975,571770.0,-0.030600000000000002,42.30428571428571,42.53821428571428
2016-02-03,39.21,40.125,40.195,38.45,959530.0,-0.024900000000000002,41.76571428571429,42.17821428571428
2016-02-04,39.685,39.84,40.17,38.56,839360.0,0.0121,41.19714285714286,41.97071428571428
2016-02-05,40.635,39.49,41.545,39.49,787010.0,0.0239,40.74214285714286,41.86964285714286
2016-02-08,38.91,41.0,41.53,38.8,659870.0,-0.0425,40.27428571428572,41.57071428571429
2016-02-09,37.58,38.68,38.95,36.755,779430.0,-0.0342,39.67285714285714,41.347857142857144
2016-02-10,37.98,37.735,38.895,37.5,585830.0,0.0106,39.17285714285714,41.00035714285714
2016-02-11,36.725,37.705,37.73,35.94,759220.0,-0.033,38.675000000000004,40.48964285714286
2016-02-12,37.44,37.455,38.105,36.83,636990.0,0.0195,38.42214285714285,40.09392857142857
2016-02-15,40.0,38.75,40.5,38.515,699530.0,0.0684,38.46714285714285,39.832142857142856
2016-02-16,39.735,40.8,40.93,39.1,652420.0,-0.0066,38.33857142857143,39.54035714285714
2016-02-17,41.555,39.9,41.995,39.885,684910.0,0.0458,38.71642857142857,39.49535714285714
2016-02-18,41.525,42.05,42.775,41.005,554270.0,-0.0007000000000000001,39.279999999999994,39.47642857142857
2016-02-19,40.48,41.0,41.36,40.04,559030.0,-0.0252,39.637142857142855,39.404999999999994
2016-02-22,42.07,41.0,42.25,41.0,466330.0,0.0393,40.40071428571428,39.53785714285714
2016-02-23,40.91,41.8,42.005,40.55,333020.0,-0.0276,40.896428571428565,39.659285714285716
2016-02-24,38.79,40.8,40.875,38.1,775350.0,-0.0518,40.723571428571425,39.59535714285715
2016-02-25,38.925,39.4,39.5,38.525,441370.0,0.0034999999999999996,40.60785714285714,39.473214285714285
2016-02-26,40.87,39.405,41.005,39.35,697080.0,0.05,40.51,39.61321428571428
2016-02-29,42.18,40.025,42.595,39.82,765630.0,0.0321,40.603571428571435,39.94178571428572
2016-03-01,43.45,42.1,43.63,42.1,536840.0,0.0301,41.027857142857144,40.332499999999996
2016-03-02,44.76,43.9,44.85,43.84,603720.0,0.0301,41.412142857142854,40.90642857142857
2016-03-03,45.8,44.765,45.92,44.045,612100.0,0.0232,42.11071428571428,41.50357142857143
2016-03-04,47.46,46.0,47.85,45.99,707040.0,0.0362,43.34928571428571,42.03642857142857
2016-03-07,45.99,46.65,47.065,45.01,705300.0,-0.031,44.35857142857143,42.48321428571428
2016-03-08,43.75,45.0,45.35,43.5,704050.0,-0.0487,44.769999999999996,42.63999999999999
2016-03-09,43.815,43.03,44.385,42.32,719050.0,0.0015,45.003571428571426,42.80357142857143
2016-03-10,42.035,43.735,45.2,42.035,749090.0,-0.0406,44.80142857142857,42.91464285714285
2016-03-11,44.575,42.94,44.715,42.76,605060.0,0.0604,44.775,43.09357142857143
2016-03-14,44.97,45.415,46.405,44.63,480370.0,0.0089,44.65642857142857,43.38357142857143
2016-03-15,43.76,43.69,44.3,43.415,427330.0,-0.0269,44.12785714285714,43.738571428571426
2016-03-16,44.57,43.9,45.03,43.9,401310.0,0.018500000000000003,43.925000000000004,44.14178571428572
2016-03-17,44.79,45.2,45.82,43.76,763370.0,0.0049,44.07357142857143,44.42178571428571
2016-03-18,46.55,44.8,46.81,44.435,812230.0,0.0393,44.464285714285715,44.73392857142857
2016-03-21,47.425,47.0,48.25,46.76,1000000.0,0.018799999999999997,45.23428571428572,45.017857142857146
2016-03-22,47.315,47.335,47.45,46.175,538810.0,-0.0023,45.62571428571429,45.20035714285715
2016-03-23,47.135,47.9,47.9,46.76,495180.0,-0.0038,45.935,45.29571428571428
2016-03-24,46.0,46.895,46.895,45.555,510840.0,-0.0241,46.255,45.191428571428574
2016-03-29,45.86,45.8,46.28,44.91,435750.0,-0.003,46.439285714285724,45.18214285714286
2016-03-30,46.58,45.76,47.115,45.54,412310.0,0.015700000000000002,46.695,45.38428571428572
2016-03-31,45.29,46.165,46.345,45.275,462360.0,-0.0277,46.51499999999999,45.48964285714285
2016-04-01,43.9,44.74,45.215,43.455,575610.0,-0.030699999999999998,46.01142857142857,45.62285714285714
2016-04-04,43.575,43.95,44.25,43.18,367590.0,-0.0074,45.47714285714285,45.551428571428566
2016-04-05,42.095,43.12,43.12,41.75,572160.0,-0.034,44.75714285714285,45.34607142857143
2016-04-06,42.205,42.35,43.38,41.145,536940.0,0.0026,44.214999999999996,45.23500000000001
2016-04-07,42.11,42.335,43.01,41.75,554530.0,-0.0023,43.67928571428571,45.05928571428571
2016-04-08,43.26,42.495,43.755,42.31,427040.0,0.0273,43.205,44.95
2016-04-11,43.345,42.61,43.485,41.865,531570.0,0.002,42.92714285714286,44.72107142857142
2016-04-12,43.445,43.43,44.2,42.785,282900.0,0.0023,42.86214285714285,44.43678571428571
2016-04-13,45.055,44.2,45.49,44.065,531390.0,0.0371,43.07357142857143,44.27535714285714
2016-04-14,45.015,45.02,45.325,44.67,621540.0,-0.0009,43.490714285714276,44.123928571428564
2016-04-15,44.335,45.045,45.045,44.1,364410.0,-0.0151,43.795,44.004999999999995
2016-04-18,44.57,43.04,44.835,42.88,601730.0,0.0053,44.14642857142858,43.91285714285715
2016-04-19,45.375,44.8,45.53,44.475,463550.0,0.0181,44.44857142857143,43.82678571428572
2016-04-20,48.115,45.465,48.33,44.92,1500000.0,0.0604,45.13,44.02857142857143
2016-04-21,49.175,49.0,50.5,47.01,1330000.0,0.022000000000000002,45.94857142857143,44.40535714285714
2016-04-22,49.07,48.0,49.315,46.8,822750.0,-0.0021,46.52214285714286,44.79785714285715
2016-04-25,48.49,48.65,48.98,47.5,661140.0,-0.0118,47.01857142857143,45.25464285714286
2016-04-26,48.995,48.54,49.485,48.075,557680.0,0.0104,47.68428571428571,45.73964285714285
2016-04-27,50.5,49.8,50.6,49.61,769670.0,0.030699999999999998,48.53142857142857,46.33892857142856
2016-04-28,50.56,50.0,51.09,49.365,689850.0,0.0012,49.27214285714285,46.86035714285714
2016-04-29,48.73,49.815,50.7,48.73,530030.0,-0.0362,49.36,47.245000000000005
2016-05-02,48.745,48.885,49.82,48.385,345520.0,0.0003,49.298571428571435,47.62357142857143
2016-05-03,47.23,48.6,48.715,47.02,524020.0,-0.0311,49.035714285714285,47.77892857142857
2016-05-04,46.495,47.01,47.565,46.365,430180.0,-0.015600000000000001,48.750714285714274,47.88464285714286
2016-05-05,45.755,46.45,46.505,45.305,393390.0,-0.0159,48.28785714285714,47.986071428571435
2016-05-06,46.115,45.78,46.89,45.15,464500.0,0.0079,47.66142857142857,48.09642857142857
2016-05-09,46.77,46.9,48.09,46.66,481580.0,0.014199999999999999,47.120000000000005,48.19607142857143
2016-05-10,48.54,47.4,49.0,47.19,607770.0,0.0378,47.09285714285714,48.22642857142857
2016-05-11,48.52,48.4,48.78,47.77,378650.0,-0.0004,47.06071428571429,48.17964285714286
2016-05-12,47.71,48.425,49.02,47.32,361250.0,-0.0167,47.12928571428572,48.082499999999996
2016-05-13,48.385,47.2,48.45,46.955,363830.0,0.0141,47.39928571428572,48.074999999999996
2016-05-17,47.275,48.7,49.53,46.88,578010.0,-0.0229,47.61642857142857,47.95214285714286
2016-05-18,47.165,47.105,47.575,46.125,589150.0,-0.0023,47.76642857142857,47.713928571428575
2016-05-19,47.32,46.9,48.04,46.365,312500.0,0.0033,47.84499999999999,47.4825
2016-05-20,47.76,47.5,48.415,47.285,323060.0,0.009300000000000001,47.73357142857143,47.41321428571428
2016-05-23,47.365,47.95,48.085,46.895,264560.0,-0.0083,47.568571428571424,47.31464285714286
2016-05-24,48.605,47.3,48.87,46.9,379020.0,0.0262,47.69642857142857,47.41285714285714
2016-05-25,49.21,48.89,49.75,48.805,439560.0,0.0124,47.81428571428571,47.606785714285714
2016-05-26,49.735,49.26,49.98,49.16,338770.0,0.010700000000000001,48.16571428571428,47.89107142857143
2016-05-27,49.675,49.8,49.895,48.87,387220.0,-0.0012,48.52428571428572,48.14535714285715
2016-05-30,50.29,50.0,50.65,49.865,416000.0,0.0124,48.94857142857143,48.39678571428571
2016-05-31,49.49,50.35,50.65,48.825,731390.0,-0.0159,49.19571428571429,48.464642857142856
2016-06-01,48.55,49.37,49.5,48.235,423980.0,-0.019,49.365,48.46678571428571
2016-06-02,49.795,48.38,50.07,48.33,374440.0,0.0256,49.535000000000004,48.61571428571428
2016-06-03,48.235,50.0,50.1,47.91,496500.0,-0.0313,49.39571428571429,48.605000000000004
2016-06-06,49.045,48.555,49.405,48.55,343250.0,0.0168,49.29714285714285,48.73142857142857
2016-06-07,50.0,49.5,50.23,48.91,506310.0,0.0195,49.34357142857142,48.933928571428574
2016-06-08,49.0,49.58,50.06,48.74,395400.0,-0.02,49.159285714285716,49.05392857142857
2016-06-09,47.99,48.665,48.975,47.11,589770.0,-0.0206,48.945,49.07035714285714
2016-06-10,46.605,47.825,47.825,46.09,599310.0,-0.028900000000000002,48.667142857142856,49.01607142857143
2016-06-13,45.725,46.1,46.23,45.3,474450.0,-0.0189,48.08571428571429,48.81035714285714
2016-06-14,44.99,45.54,45.725,44.0,754150.0,-0.0161,47.622142857142855,48.50892857142857
2016-06-15,45.075,45.555,46.05,44.87,432480.0,0.0019,47.05500000000001,48.17607142857143
2016-06-16,44.55,44.43,44.85,43.81,547270.0,-0.0116,46.276428571428575,47.809999999999995
2016-06-17,45.655,44.95,45.97,44.73,489180.0,0.0248,45.798571428571435,47.478928571428575
2016-06-20,47.98,47.17,48.235,47.1,518030.0,0.0509,45.797142857142866,47.371071428571426
2016-06-21,47.11,47.9,48.265,47.08,400260.0,-0.0181,45.86928571428571,47.268214285714286
2016-06-22,46.735,47.4,47.895,46.735,347580.0,-0.008,46.01357142857143,47.04964285714285
2016-06-23,48.085,47.245,48.29,46.715,527450.0,0.028900000000000002,46.455714285714286,47.03892857142857
2016-06-24,44.305,44.2,46.5,42.0,1570000.0,-0.0786,46.34571428571428,46.700357142857136
2016-06-27,41.355,44.55,44.71,41.17,957410.0,-0.0666,45.88928571428572,46.082857142857144
2016-06-28,42.68,42.89,43.695,42.355,659790.0,0.032,45.464285714285715,45.63142857142857
2016-06-29,42.24,43.265,43.355,42.15,653950.0,-0.0103,44.644285714285715,45.22071428571429
2016-06-30,41.335,41.5,41.825,40.715,897060.0,-0.021400000000000002,43.81928571428572,44.84428571428571
2016-07-01,43.9,41.635,44.28,41.61,899210.0,0.0621,43.41428571428571,44.713928571428575
2016-07-04,42.78,44.025,44.135,42.225,518330.00000000006,-0.0255,42.65642857142857,44.556071428571435
2016-07-05,41.11,42.525,42.57,40.98,628520.0,-0.039,42.199999999999996,44.27285714285715
2016-07-06,40.48,40.9,41.22,39.56,852220.0,-0.015300000000000001,42.074999999999996,43.982142857142854
2016-07-07,40.655,40.91,42.195,40.585,466600.0,0.0043,41.785714285714285,43.625
2016-07-08,42.71,40.71,43.11,40.7,643900.0,0.050499999999999996,41.85285714285715,43.248571428571424
2016-07-11,43.84,43.3,44.645,43.08,619470.0,0.0265,42.21071428571429,43.015
2016-07-12,45.105,44.105,45.91,44.105,773250.0,0.028900000000000002,42.38285714285714,42.89857142857143
2016-07-13,44.21,45.125,45.76,44.165,587760.0,-0.019799999999999998,42.58714285714286,42.621785714285714
2016-07-14,44.905,44.55,45.425,44.5,641770.0,0.015700000000000002,43.12928571428571,42.66464285714286
2016-07-15,44.825,44.5,45.38,44.295,375100.0,-0.0018,43.75,42.9125
2016-07-18,44.995,44.85,45.9,44.505,380750.0,0.0038,44.37,43.077857142857134
2016-07-19,44.68,44.905,45.1,43.875,337330.0,-0.006999999999999999,44.651428571428575,43.25214285714286
2016-07-20,46.215,44.8,46.945,44.475,729420.0,0.0344,44.99071428571428,43.60071428571429
2016-07-21,45.955,46.5,46.91,45.7,380380.0,-0.005600000000000001,45.112142857142864,43.7475
2016-07-22,45.64,45.755,46.08,45.325,248450.0,-0.0069,45.31642857142857,43.95178571428571
2016-07-25,45.925,45.645,46.465,45.29,253110.0,0.0062,45.46214285714286,44.29571428571428
2016-07-26,46.685,45.92,47.1,45.91,405140.0,0.0165,45.72785714285715,44.73892857142857
2016-07-27,48.125,47.4,48.5,47.4,735630.0,0.0308,46.175000000000004,45.272499999999994
2016-07-28,46.105,48.1,48.31,45.86,588840.0,-0.042,46.378571428571426,45.515
2016-07-29,46.87,46.35,47.105,46.35,355950.0,0.0166,46.47214285714285,45.73142857142857
2016-08-01,46.085,47.5,47.645,45.865,331010.0,-0.0167,46.49071428571428,45.80142857142857
2016-08-02,44.11,46.005,46.195,43.71,632590.0,-0.0429,46.27214285714285,45.79428571428571
2016-08-03,44.35,43.7,44.56,43.17,451110.0,0.0054,46.04714285714285,45.754642857142855
2016-08-04,44.92,44.685,45.75,44.475,430730.0,0.0129,45.795,45.761428571428574
2016-08-05,46.335,45.11,46.405,44.815,364330.0,0.0315,45.53928571428571,45.857142857142854
2016-08-08,45.975,46.48,47.23,45.795,321020.0,-0.0078000000000000005,45.520714285714284,45.949642857142855
2016-08-09,47.08,45.5,47.25,45.475,396030.0,0.024,45.550714285714285,46.01142857142857
2016-08-10,47.34,46.74,47.775,46.645,402530.0,0.0055000000000000005,45.730000000000004,46.11035714285715
2016-08-11,47.785,47.5,47.95,46.9,352310.0,0.009399999999999999,46.254999999999995,46.26357142857143
2016-08-12,47.03,47.565,47.9,46.935,282260.0,-0.0158,46.63785714285715,46.342499999999994
2016-08-15,47.48,47.1,48.01,47.1,213960.0,0.0096,47.003571428571426,46.39928571428572
2016-08-16,46.585,47.13,47.485,46.095,357030.0,-0.0189,47.03928571428572,46.28928571428572
2016-08-17,45.64,46.745,46.85,45.275,363150.0,-0.0203,46.99142857142857,46.25607142857143
2016-08-18,45.7,45.6,45.815,45.175,296430.0,0.0013,46.794285714285714,46.1725
2016-08-19,45.04,45.7,45.7,44.32,398170.0,-0.0144,46.465714285714284,46.097857142857144
2016-08-22,44.855,44.775,45.7,44.46,307220.0,-0.0040999999999999995,46.04714285714285,46.15107142857142
2016-08-23,45.35,45.25,45.94,44.76,370870.0,0.011000000000000001,45.80714285714286,46.222500000000004
2016-08-24,45.37,45.2,45.87,45.04,267420.0,0.0004,45.50571428571429,46.254642857142855
2016-08-25,44.29,45.0,45.0,44.18,515820.00000000006,-0.023799999999999998,45.17785714285714,46.10857142857143
2016-08-26,45.38,44.35,45.49,44.27,450760.0,0.0246,45.14071428571429,46.06607142857143
2016-08-29,45.01,45.1,45.55,44.515,229210.0,-0.008199999999999999,45.042142857142856,45.918214285714285
2016-08-30,45.6,45.3,46.07,44.825,438550.0,0.0131,45.122142857142855,45.793928571428566
2016-08-31,45.425,45.52,46.23,45.415,439520.0,-0.0038,45.20357142857143,45.62535714285714
2016-09-01,45.445,45.6,46.47,45.2,520280.0,0.0004,45.21714285714285,45.512142857142855
2016-09-02,45.765,45.5,45.88,44.375,461320.0,0.006999999999999999,45.27357142857142,45.38964285714285
2016-09-05,45.845,45.8,46.205,45.48,266160.0,0.0017000000000000001,45.49571428571429,45.33678571428571
2016-09-06,45.82,45.7,46.4,45.575,258800.0,-0.0005,45.558571428571426,45.349642857142854
2016-09-07,46.895,45.87,47.065,45.735,518090.00000000006,0.0235,45.827857142857134,45.435
2016-09-08,46.455,46.9,47.07,45.885,516750.0,-0.009399999999999999,45.95,45.536071428571425
2016-09-09,46.72,46.08,47.015,45.95,498460.0,0.005699999999999999,46.135,45.669285714285714
2016-09-12,46.235,46.0,46.24,45.295,574720.0,-0.0104,46.24785714285714,45.7325
2016-09-13,45.925,46.45,46.5,45.83,317720.0,-0.0067,46.27071428571429,45.77214285714286
2016-09-14,45.775,46.0,46.365,45.41,374770.0,-0.0033,46.260714285714286,45.878214285714286
2016-09-15,45.925,45.7,46.28,45.335,334590.0,0.0033,46.27571428571429,45.91714285714285
2016-09-16,44.765,45.75,46.2,44.64,604400.0,-0.0253,45.97142857142857,45.89964285714285
2016-09-19,45.38,45.0,45.63,44.855,266250.0,0.0137,45.817857142857136,45.88392857142857
2016-09-20,45.135,45.44,45.655,45.135,215210.0,-0.0054,45.59142857142857,45.86321428571428
2016-09-21,45.445,45.475,45.85,45.165,201940.0,0.0069,45.478571428571435,45.863214285714285
2016-09-22,46.175,45.6,46.61,45.6,533460.0,0.0161,45.51428571428571,45.89249999999999
2016-09-23,45.695,46.13,46.32,45.5,273260.0,-0.0104,45.50285714285714,45.88178571428572
2016-09-26,44.6,45.45,45.45,44.5,400920.0,-0.024,45.31357142857143,45.794642857142854
2016-09-27,43.7,44.96,45.0,43.195,608120.0,-0.0202,45.16142857142857,45.56642857142857
2016-09-28,44.825,43.86,45.05,43.755,368770.0,0.025699999999999997,45.08214285714286,45.449999999999996
2016-09-29,44.81,45.25,45.465,44.665,331050.0,-0.0003,45.035714285714285,45.313571428571436
2016-09-30,45.435,44.35,45.49,43.57,481020.0,0.0139,45.034285714285716,45.25642857142857
2016-10-04,47.055,45.12,47.26,45.12,955510.0,0.035699999999999996,45.160000000000004,45.33714285714285
2016-10-05,47.45,46.44,47.54,46.22,636130.0,0.0084,45.41071428571429,45.456785714285715
2016-10-06,47.315,47.5,48.08,47.23,439450.0,-0.0028000000000000004,45.798571428571435,45.556071428571435
2016-10-07,46.895,47.2,47.365,46.485,390510.0,-0.0089,46.255,45.70821428571429
2016-10-10,47.815,46.92,47.815,46.745,343900.0,0.0196,46.682142857142864,45.88214285714286
2016-10-11,47.105,47.7,47.95,46.96,406610.0,-0.0148,47.010000000000005,46.02285714285715
2016-10-12,46.91,47.15,47.675,46.765,388690.0,-0.0040999999999999995,47.22071428571428,46.1275
2016-10-13,46.1,46.52,46.52,45.635,396960.0,-0.0173,47.08428571428572,46.12214285714286
2016-10-14,47.49,46.335,47.74,46.235,457530.0,0.0302,47.089999999999996,46.25035714285714
2016-10-17,46.89,47.03,47.625,46.825,540660.0,-0.0126,47.02928571428571,46.41392857142857
2016-10-18,47.315,47.2,47.53,47.045,416160.0,0.0091,47.089285714285715,46.672142857142866
2016-10-19,47.5,47.3,47.9,47.24,302790.0,0.0039000000000000003,47.044285714285714,46.863214285714285
2016-10-20,48.41,47.525,48.43,47.28,545640.0,0.0192,47.23071428571428,47.120357142857145
2016-10-21,48.31,48.3,48.48,47.705,333020.0,-0.0021,47.43071428571428,47.325714285714284
2016-10-24,48.89,48.395,48.99,48.395,291280.0,0.012,47.82928571428572,47.45678571428572
2016-10-25,48.76,48.585,49.37,48.585,423800.0,-0.0027,48.010714285714286,47.550357142857145
2016-10-26,48.5,48.685,48.75,47.605,412260.0,-0.0053,48.24071428571428,47.635
2016-10-27,48.97,48.85,49.17,48.28,381030.0,0.0097,48.47714285714285,47.78321428571428
2016-10-28,49.175,48.59,49.325,48.35,316180.0,0.0042,48.71642857142857,47.88035714285714
2016-10-31,49.125,49.17,49.35,48.77,314720.0,-0.001,48.81857142857143,48.02464285714286
2016-11-01,48.42,49.27,49.4,48.23,260970.00000000003,-0.0144,48.83428571428572,48.1325
2016-11-02,47.245,48.0,48.0,46.98,482330.0,-0.024300000000000002,48.59928571428571,48.214285714285715
2016-11-03,46.9,47.0,47.415,46.87,318350.0,-0.0073,48.333571428571425,48.17214285714285
2016-11-04,46.605,46.48,46.745,46.02,317000.0,-0.0063,48.06285714285714,48.151785714285715
2016-11-07,46.865,47.03,47.19,46.415,386420.0,0.005600000000000001,47.76214285714286,48.11964285714286
2016-11-08,46.465,46.75,46.75,45.78,554000.0,-0.0085,47.375,48.04571428571428
2016-11-09,45.77,44.445,45.98,44.11,605390.0,-0.015,46.895714285714284,47.857142857142854
2016-11-10,45.1,45.8,46.095,44.57,928950.0,-0.0146,46.42142857142857,47.627857142857145
2016-11-11,46.02,45.115,46.44,45.115,463730.0,0.0204,46.24642857142857,47.42285714285714
2016-11-14,45.91,46.465,46.8,45.5,498580.0,-0.0024,46.105000000000004,47.21928571428571
2016-11-15,46.4,46.09,46.495,45.635,309910.0,0.010700000000000001,46.075714285714284,47.069285714285705
2016-11-16,46.25,46.255,47.07,45.655,336680.0,-0.0032,45.98785714285714,46.875
2016-11-17,46.14,46.045,46.66,45.555,242440.0,-0.0024,45.941428571428574,46.65821428571428
2016-11-18,46.065,46.45,46.885,46.005,415960.0,-0.0016,45.98357142857143,46.43964285714286
2016-11-21,47.12,46.4,47.375,46.11,467620.0,0.0229,46.27214285714285,46.346785714285716
2016-11-22,47.17,47.5,47.525,46.765,362570.0,0.0011,46.43642857142857,46.34142857142857
2016-11-23,48.16,47.655,48.25,47.415,605430.0,0.021,46.75785714285714,46.431428571428576
2016-11-24,48.59,48.3,48.855,48.175,351940.0,0.0089,47.07071428571429,46.573214285714286
2016-11-25,48.5,48.545,48.67,48.315,222000.0,-0.0019,47.39214285714286,46.69
2016-11-28,48.3,48.05,48.755,47.69,391820.0,-0.0040999999999999995,47.70071428571429,46.82107142857143
2016-11-29,48.17,48.115,48.24,47.49,329550.0,-0.0027,48.001428571428576,46.9925
2016-11-30,47.83,48.0,48.22,47.545,447500.0,-0.0070999999999999995,48.10285714285715,47.1875
2016-12-01,47.135,47.5,48.125,46.98,417060.0,-0.014499999999999999,48.097857142857144,47.26714285714286
2016-12-02,46.6,47.0,47.0,46.0,478580.0,-0.011399999999999999,47.875,47.316428571428574
2016-12-05,47.71,46.25,47.96,46.22,349850.0,0.023799999999999998,47.74928571428571,47.410000000000004
2016-12-06,47.95,47.58,48.0,47.32,469400.0,0.005,47.67071428571428,47.53142857142858
2016-12-07,49.645,48.06,49.65,48.06,851640.0,0.0353,47.862857142857145,47.78178571428571
2016-12-08,50.85,49.76,50.85,49.59,1130000.0,0.024300000000000002,48.24571428571428,48.12357142857143
2016-12-09,50.16,51.0,51.0,49.42,691400.0,-0.013600000000000001,48.57857142857143,48.340714285714284
2016-12-12,49.57,49.8,50.32,49.335,424340.0,-0.0118,48.92642857142857,48.51214285714286
2016-12-13,50.48,49.485,50.84,49.485,678140.0,0.0184,49.480714285714285,48.67785714285714
2016-12-14,50.65,50.08,51.03,50.08,520539.99999999994,0.0034000000000000002,49.90071428571429,48.825
2016-12-15,51.01,50.53,51.12,50.3,493650.0,0.0070999999999999995,50.337857142857146,49.00428571428572
2016-12-16,51.51,51.02,51.85,50.88,608940.0,0.0098,50.60428571428571,49.23357142857143
2016-12-19,51.79,51.31,51.8,50.37,375380.0,0.0054,50.73857142857143,49.49214285714286
2016-12-20,52.54,51.5,52.54,51.48,549120.0,0.014499999999999999,51.07857142857142,49.82857142857142
2016-12-21,53.59,52.75,53.59,52.6,623410.0,0.02,51.652857142857144,50.28964285714285
2016-12-22,53.62,53.4,54.04,53.3,431580.0,0.0006,52.10142857142858,50.79107142857142
2016-12-23,53.42,53.44,53.84,52.79,252790.0,-0.0037,52.49714285714286,51.198928571428574
2016-12-27,53.41,53.87,53.87,53.25,237580.0,-0.0002,52.839999999999996,51.588928571428575
2016-12-28,53.48,53.29,53.54,53.28,279250.0,0.0013,53.121428571428574,51.862857142857145
2016-12-29,52.28,53.2,53.23,51.96,406220.0,-0.022400000000000003,53.19142857142857,51.964999999999996
2016-12-30,51.74,51.86,52.09,51.25,214320.0,-0.0103,53.07714285714286,52.07785714285715
2017-01-02,52.88,51.34,53.22,51.34,200550.0,0.022000000000000002,52.97571428571428,52.31428571428571
2017-01-03,54.23,53.14,54.89,53.14,535100.0,0.0255,53.06285714285714,52.58214285714286
2017-01-04,53.45,54.37,54.7,52.92,449380.0,-0.0144,53.067142857142855,52.78214285714285
2017-01-05,53.92,53.23,54.15,53.15,438940.0,0.0088,53.14,52.99
2017-01-06,53.84,53.88,54.07,53.51,264340.0,-0.0015,53.19142857142857,53.15642857142857
2017-01-09,55.15,54.02,55.28,54.02,687940.0,0.024300000000000002,53.60142857142858,53.39642857142858
2017-01-10,55.14,55.33,55.97,54.34,554200.0,-0.0002,54.08714285714286,53.58214285714286
2017-01-11,57.34,55.26,57.4,55.12,916450.0,0.039900000000000005,54.72428571428571,53.85
2017-01-12,55.67,57.45,57.99,55.63,906310.0,-0.0291,54.93,53.996428571428574
2017-01-13,56.32,56.15,57.28,55.33,645130.0,0.011699999999999999,55.339999999999996,54.20357142857142
2017-01-16,55.04,55.6,55.71,54.46,518059.99999999994,-0.0227,55.5,54.32
2017-01-17,54.89,54.52,55.1,53.76,449680.0,-0.0027,55.65,54.42071428571428
2017-01-18,55.5,55.0,55.63,54.8,469240.0,0.0111,55.699999999999996,54.65071428571429
2017-01-19,55.92,55.5,56.22,55.16,375130.0,0.0076,55.81142857142857,54.949285714285715
2017-01-20,55.97,55.74,56.1,55.4,299540.0,0.0009,55.61571428571428,55.17
2017-01-23,56.9,55.8,57.0,55.21,498310.0,0.0166,55.791428571428575,55.36071428571428
2017-01-24,57.79,57.0,57.87,56.83,401230.0,0.015600000000000001,56.00142857142857,55.67071428571428
2017-01-25,58.25,58.0,58.57,57.89,558330.0,0.008,56.459999999999994,55.98
2017-01-26,58.04,58.63,58.63,57.68,383200.0,-0.0036,56.910000000000004,56.28000000000001
2017-01-27,57.49,57.7,57.93,57.2,289480.0,-0.0095,57.19428571428572,56.44714285714286
2017-01-30,56.16,57.1,57.25,55.85,334910.0,-0.0231,57.22857142857142,56.519999999999996
2017-01-31,55.5,56.0,56.97,55.42,436610.0,-0.0118,57.16142857142857,56.38857142857143
2017-02-01,56.08,55.8,56.65,55.7,323150.0,0.0105,57.044285714285714,56.417857142857144
2017-02-02,55.83,55.69,56.07,55.05,312030.0,-0.0045000000000000005,56.76428571428572,56.38285714285714
2017-02-03,55.53,55.74,56.21,55.45,236160.0,-0.0054,56.37571428571429,56.41785714285714
2017-02-06,54.36,55.53,55.53,54.15,470570.0,-0.021099999999999997,55.85,56.379999999999995
2017-02-07,53.8,54.07,54.63,53.73,302740.0,-0.0103,55.32285714285714,56.25857142857143
2017-02-08,53.62,53.8,54.22,52.76,395650.0,-0.0033,54.96,56.09428571428572
2017-02-09,53.55,53.72,53.86,52.87,520000.0,-0.0013,54.68142857142857,55.92142857142857
2017-02-10,54.0,54.0,54.57,53.85,227160.0,0.0084,54.3842857142857,55.714285714285715
2017-02-13,55.21,54.15,55.55,54.15,331060.0,0.022400000000000003,54.29571428571428,55.53000000000001
2017-02-14,55.9,55.09,56.04,54.76,350810.0,0.0125,54.348571428571425,55.362142857142864
2017-02-15,55.58,56.2,56.24,55.26,298420.0,-0.005699999999999999,54.52285714285714,55.186428571428564
2017-02-16,54.37,55.68,55.74,54.06,345470.0,-0.0218,54.60428571428571,54.96357142857142
2017-02-17,53.97,54.22,54.39,53.14,359500.0,-0.0074,54.65428571428571,54.80714285714286
2017-02-20,54.0,54.2,54.72,53.74,172530.0,0.0006,54.71857142857142,54.699999999999996
2017-02-21,54.87,53.82,54.89,53.7,269340.0,0.0161,54.84285714285714,54.613571428571426
2017-02-22,54.07,55.0,55.1,53.47,337160.0,-0.0146,54.68,54.487857142857145
2017-02-23,53.61,54.3,54.65,53.5,327120.0,-0.0085,54.35285714285715,54.35071428571429
2017-02-24,52.67,53.5,53.7,52.04,553590.0,-0.0175,53.93714285714285,54.230000000000004
2017-02-27,52.33,53.07,53.32,51.7,519150.0,-0.006500000000000001,53.64571428571429,54.125
2017-02-28,52.15,52.6,52.75,52.07,318930.0,-0.0034000000000000002,53.385714285714286,54.019999999999996
2017-03-01,53.4,52.57,53.57,52.19,457930.0,0.024,53.3,54.00928571428572
2017-03-02,53.57,53.33,53.95,53.27,305010.0,0.0032,53.11428571428571,53.978571428571435
2017-03-03,53.72,53.2,53.93,52.84,267480.0,0.0028000000000000004,53.06428571428571,53.872142857142855
2017-03-06,53.07,53.5,53.85,52.86,396350.0,-0.0121,52.98714285714285,53.67
2017-03-07,52.91,53.18,53.32,52.76,331470.0,-0.003,53.02142857142858,53.47928571428571
2017-03-08,52.8,52.83,53.4,52.79,283920.0,-0.0021,53.08857142857142,53.36714285714286
2017-03-09,52.04,52.8,53.02,51.51,617490.0,-0.0144,53.07285714285714,53.229285714285716
2017-03-10,52.01,52.25,52.87,51.83,329720.0,-0.0006,52.87428571428571,53.08714285714286
2017-03-13,53.06,52.1,53.07,51.6,412650.0,0.0202,52.801428571428566,52.957857142857144
2017-03-14,52.73,53.0,53.39,52.67,485600.0,-0.0062,52.660000000000004,52.86214285714285
2017-03-15,51.91,52.62,52.82,51.74,576050.0,-0.015600000000000001,52.49428571428571,52.740714285714276
2017-03-16,51.9,52.9,53.0,51.6,497650.0,-0.0002,52.35,52.68571428571429
2017-03-17,50.94,51.68,51.68,50.67,940420.0,-0.018500000000000003,52.08428571428572,52.58642857142856
2017-03-20,51.03,50.82,51.23,50.71,471390.0,0.0018,51.94,52.506428571428565
2017-03-21,50.01,51.17,51.5,49.81,569720.0,-0.02,51.65428571428571,52.26428571428571
2017-03-22,50.34,49.55,50.39,49.135,661690.0,0.0066,51.26571428571429,52.03357142857142
2017-03-23,50.6,50.5,50.6,49.835,413450.0,0.0052,50.96142857142856,51.81071428571429
2017-03-24,50.16,50.6,50.6,49.84,451180.0,-0.0087,50.71142857142858,51.60285714285714
2017-03-27,49.515,49.76,49.76,48.68,647660.0,-0.0129,50.37071428571428,51.36035714285714
2017-03-28,50.67,49.8,50.89,49.65,453390.0,0.0233,50.332142857142856,51.20821428571429
2017-03-29,50.91,51.06,51.4,50.67,361290.0,0.004699999999999999,50.315,51.1275
2017-03-30,51.0,50.9,51.0,50.37,273340.0,0.0018,50.45642857142857,51.05535714285714
2017-03-31,51.14,51.0,51.21,50.86,462780.0,0.0027,50.57071428571429,50.918214285714285
2017-04-03,50.47,51.4,51.47,50.17,338440.0,-0.0131,50.55214285714286,50.75678571428572
2017-04-04,50.54,50.6,50.62,49.51,522110.0,0.0014000000000000002,50.60642857142857,50.658928571428575
2017-04-05,49.86,50.55,50.56,49.765,364000.0,-0.013500000000000002,50.65571428571429,50.513214285714284
2017-04-06,49.47,49.53,49.55,48.815,564480.0,-0.0078000000000000005,50.48428571428571,50.40821428571429
2017-04-07,49.605,49.31,49.86,49.095,350670.0,0.0027,50.29785714285715,50.306428571428576
2017-04-10,49.675,49.25,49.9,49.25,247920.0,0.0014000000000000002,50.10857142857143,50.282500000000006
2017-04-11,48.945,49.585,49.885,48.57,366710.0,-0.0147,49.794999999999995,50.18285714285714
2017-04-12,49.0,49.265,49.89,48.835,373430.0,0.0011,49.585,50.06857142857143
2017-04-13,48.58,49.0,49.005,48.375,301360.0,-0.0086,49.305,49.955714285714286
2017-04-18,49.935,49.12,50.43,47.965,801740.0,0.0279,49.315714285714286,49.98571428571429
2017-04-19,51.4,50.43,51.7,50.35,840740.0,0.029300000000000003,49.59142857142857,50.03785714285714
2017-04-20,51.62,51.2,51.66,50.89,486020.0,0.0043,49.87928571428571,50.08857142857143
2017-04-21,51.32,51.55,51.8,51.24,358410.0,-0.0058,50.114285714285714,50.11142857142857
2017-04-24,52.8,52.24,52.87,52.1,770540.0,0.0288,50.665000000000006,50.230000000000004
2017-04-25,53.9,52.84,53.9,52.64,747230.0,0.0208,51.364999999999995,50.475
2017-04-26,54.14,53.93,54.27,53.63,512799.99999999994,0.0045000000000000005,52.159285714285716,50.732142857142854
2017-04-27,53.58,53.92,54.03,53.5,398240.0,-0.0103,52.68,50.99785714285714
2017-04-28,53.71,53.27,54.05,53.11,452770.0,0.0024,53.01,51.30071428571428
2017-05-02,53.41,53.81,53.89,53.19,399770.0,-0.005600000000000001,53.26571428571429,51.5725
2017-05-03,53.44,53.45,53.45,52.82,316480.0,0.0006,53.56857142857143,51.84142857142857
2017-05-04,53.77,53.6,54.3,53.5,552400.0,0.0062,53.707142857142856,52.18607142857143
2017-05-05,53.8,53.65,53.92,52.95,405790.0,0.0006,53.69285714285714,52.52892857142858
2017-05-08,54.12,54.11,54.25,53.53,391000.0,0.0059,53.690000000000005,52.924642857142864
2017-05-09,53.8,54.36,54.37,53.52,322000.0,-0.0059,53.72142857142857,53.200714285714284
2017-05-10,53.84,53.65,54.26,53.57,412710.0,0.0007000000000000001,53.74,53.375
2017-05-11,53.71,53.8,54.36,53.43,359560.0,-0.0024,53.78285714285714,53.52428571428571
2017-05-12,53.9,53.63,54.26,53.51,271400.0,0.0034999999999999996,53.848571428571425,53.70857142857143
2017-05-15,54.4,54.25,54.4,53.94,384500.0,0.009300000000000001,53.93857142857143,53.82285714285714
2017-05-16,54.36,54.2,54.73,53.97,412380.0,-0.0007000000000000001,54.01857142857143,53.855714285714285
2017-05-17,53.59,54.01,54.19,53.35,471930.0,-0.014199999999999999,53.942857142857136,53.81642857142857
2017-05-18,52.85,53.2,53.6,52.17,504200.0,-0.0138,53.807142857142864,53.76428571428571
2017-05-19,53.34,53.35,53.68,52.93,342590.0,0.009300000000000001,53.73571428571428,53.737857142857145
2017-05-22,53.08,53.57,53.64,52.69,513990.0,-0.0049,53.64571428571429,53.714285714285715
2017-05-23,53.12,53.16,54.34,52.86,622870.0,0.0008,53.534285714285716,53.691428571428574
2017-05-24,53.19,53.05,53.19,52.61,304700.0,0.0013,53.36142857142857,53.65
2017-05-25,53.18,53.32,53.48,52.68,274110.0,-0.0002,53.192857142857136,53.60571428571428
2017-05-26,52.72,53.14,53.14,52.03,378290.0,-0.0086,53.06857142857143,53.505714285714284
2017-05-29,52.58,52.77,52.77,52.3,222140.0,-0.0027,53.029999999999994,53.41857142857143
2017-05-30,52.03,52.49,52.64,51.78,464060.0,-0.0105,52.84285714285715,53.28928571428571
2017-05-31,50.95,51.44,51.5,50.94,593090.0,-0.0208,52.53857142857142,53.09214285714286
2017-06-01,51.92,51.0,52.07,50.92,397150.0,0.019,52.36714285714286,52.950714285714284
2017-06-02,52.58,52.22,53.34,52.0,540030.0,0.0127,52.279999999999994,52.82071428571429
2017-06-06,51.29,52.41,52.45,51.0,354510.0,-0.0245,52.010000000000005,52.60142857142857
2017-06-07,50.96,51.3,51.49,50.75,406880.0,-0.0064,51.75857142857143,52.41357142857144
2017-06-08,50.65,51.0,51.03,50.2,467960.0,-0.0060999999999999995,51.48285714285714,52.25642857142857
2017-06-09,50.91,50.6,51.21,50.47,371500.0,0.0051,51.32285714285714,52.082857142857144
2017-06-12,51.64,50.9,51.78,50.83,789970.0,0.0143,51.42142857142857,51.98
2017-06-13,51.91,51.65,52.16,51.65,392700.0,0.0052,51.419999999999995,51.89357142857143
2017-06-14,50.78,51.85,51.98,50.7,629230.0,-0.0218,51.16285714285714,51.721428571428575
2017-06-15,49.93,50.8,50.9,49.75,632620.0,-0.0167,50.96857142857143,51.489285714285714
2017-06-16,50.08,50.08,50.54,49.8,649350.0,0.003,50.84285714285714,51.300714285714285
2017-06-19,50.22,50.38,50.84,50.07,423550.0,0.0028000000000000004,50.78142857142858,51.13214285714286
2017-06-20,50.11,50.38,50.69,50.0,412280.0,-0.0022,50.66714285714285,50.995
2017-06-21,50.01,50.05,50.16,49.225,519159.99999999994,-0.002,50.43428571428571,50.92785714285714
2017-06-22,50.92,50.0,51.0,49.59,423490.0,0.0182,50.292857142857144,50.85642857142857
2017-06-23,50.43,50.86,50.99,49.885,256470.00000000003,-0.0096,50.24285714285714,50.702857142857134
2017-06-26,50.67,50.61,50.98,50.3,295710.0,0.0048,50.348571428571425,50.65857142857143
2017-06-27,50.06,50.2,50.44,49.66,439310.0,-0.012,50.34571428571429,50.59428571428571
2017-06-28,50.29,50.0,50.45,49.48,290970.0,0.0046,50.355714285714285,50.56857142857143
2017-06-29,49.63,50.55,50.62,49.175,479070.0,-0.0131,50.28714285714286,50.47714285714286
2017-06-30,49.19,49.665,49.86,49.105,319960.0,-0.0089,50.17,50.30214285714286
2017-07-03,50.82,49.235,50.82,49.22,431030.0,0.0331,50.15571428571429,50.22428571428571
2017-07-04,50.7,50.75,51.1,50.42,326630.0,-0.0024,50.19428571428572,50.21857142857142
2017-07-05,50.37,50.65,50.79,50.1,257180.0,-0.006500000000000001,50.151428571428575,50.25
2017-07-06,51.35,50.51,51.45,50.51,705550.0,0.0195,50.33571428571429,50.340714285714284
2017-07-07,51.28,51.5,51.5,50.8,400320.0,-0.0014000000000000002,50.47714285714286,50.41642857142857
2017-07-10,51.39,51.38,51.58,50.78,339490.0,0.0021,50.72857142857142,50.50785714285714
2017-07-11,51.9,51.47,52.16,51.41,365600.0,0.009899999999999999,51.11571428571428,50.642857142857146
2017-07-12,52.32,51.98,52.74,51.79,328010.0,0.008100000000000001,51.33,50.74285714285714
2017-07-13,52.96,52.01,53.13,52.01,598420.0,0.012199999999999999,51.652857142857144,50.923571428571435
2017-07-14,53.6,52.96,53.6,52.6,754640.0,0.0121,52.114285714285714,51.13285714285714
2017-07-17,53.19,53.59,53.84,53.05,341850.0,-0.0076,52.377142857142864,51.35642857142857
2017-07-18,52.66,53.0,53.32,52.38,375880.0,-0.01,52.574285714285715,51.52571428571429
2017-07-19,52.98,52.8,53.12,52.38,318440.0,0.0060999999999999995,52.80142857142857,51.76499999999999
2017-07-20,52.82,53.15,53.55,52.59,387330.0,-0.003,52.93285714285714,52.02428571428572
2017-07-21,50.69,52.85,52.85,50.3,814540.0,-0.0403,52.699999999999996,52.01499999999999
2017-07-24,50.35,49.1,50.35,48.955,823580.0,-0.0067,52.32714285714286,51.99
2017-07-25,49.7,49.85,50.82,49.55,539810.0,-0.0129,51.769999999999996,51.94214285714286
2017-07-26,50.33,49.785,50.51,49.785,393910.0,0.0127,51.36142857142857,51.86928571428571
2017-07-27,49.865,50.16,50.31,49.51,461160.0,-0.0092,50.96214285714286,51.768214285714286
2017-07-28,48.795,49.205,49.45,48.56,712100.0,-0.0215,50.364285714285714,51.58285714285715
2017-07-31,48.385,48.67,49.08,48.265,562720.0,-0.0084,49.730714285714285,51.331785714285715
2017-08-01,49.33,48.6,49.51,48.6,562510.0,0.0195,49.53642857142857,51.11821428571428
2017-08-02,49.415,49.59,49.84,48.885,714660.0,0.0017000000000000001,49.402857142857144,50.865
2017-08-03,48.955,49.43,49.43,48.91,499460.0,-0.009300000000000001,49.29642857142857,50.53321428571428
2017-08-04,49.1,48.91,49.22,48.2,540160.0,0.003,49.12071428571429,50.24107142857143
2017-08-07,48.685,49.07,49.2,48.43,393220.0,-0.0085,48.95214285714286,49.95714285714286
2017-08-08,48.98,48.605,49.33,48.605,488920.0,0.0060999999999999995,48.97857142857142,49.67142857142857
2017-08-09,48.555,48.665,48.865,48.22,390980.0,-0.0087,49.00285714285714,49.36678571428571
2017-08-10,48.305,48.525,48.595,47.77,522090.00000000006,-0.0051,48.85642857142857,49.19642857142857
2017-08-11,48.315,47.96,48.465,47.82,377290.0,0.0002,48.699285714285715,49.05107142857143
2017-08-14,48.77,48.65,49.065,48.65,397010.0,0.009399999999999999,48.67285714285714,48.98464285714285
2017-08-15,48.96,49.0,49.265,48.83,252860.0,0.0039000000000000003,48.652857142857144,48.88678571428572
2017-08-16,49.2,49.28,49.485,48.985,380670.0,0.0049,48.72642857142857,48.839285714285715
2017-08-17,49.07,49.21,49.485,48.72,390830.0,-0.0026,48.739285714285714,48.85892857142857
2017-08-18,48.505,48.7,48.785,48.25,430790.0,-0.0115,48.732142857142854,48.8675
2017-08-21,47.855,48.41,48.6,47.58,433120.0,-0.0134,48.667857142857144,48.76214285714286
2017-08-22,47.9,48.1,48.365,47.68,396890.0,0.0009,48.60857142857143,48.65392857142857
2017-08-23,48.075,47.965,48.18,47.54,505400.0,0.0037,48.509285714285724,48.59107142857143
2017-08-24,48.375,48.295,48.92,47.87,390670.0,0.0062,48.425714285714285,48.53928571428571
2017-08-25,48.315,48.495,48.83,48.115,332360.0,-0.0012,48.299285714285716,48.512857142857136
2017-08-28,48.425,48.34,48.565,47.885,194710.0,0.0023,48.207142857142856,48.473214285714285
2017-08-29,47.65,48.07,48.15,47.28,520010.0,-0.016,48.085,48.40857142857143
2017-08-30,47.86,47.9,48.02,47.565,350290.0,0.0044,48.08571428571428,48.37678571428571
2017-08-31,47.61,48.135,48.215,47.5,337800.0,-0.0052,48.044285714285714,48.326428571428565
2017-09-01,48.235,48.02,48.63,47.795,477770.0,0.0131,48.06714285714286,48.28821428571428
2017-09-04,48.425,48.0,48.68,47.82,387210.0,0.0039000000000000003,48.07428571428572,48.25
2017-09-05,49.27,48.7,49.56,48.66,555930.0,0.0174,48.21071428571429,48.255
2017-09-06,50.0,49.5,50.37,49.305,561690.0,0.0148,48.43571428571429,48.32142857142857
2017-09-07,50.35,50.41,51.09,50.0,670730.0,0.006999999999999999,48.82142857142857,48.45321428571429
2017-09-08,50.6,50.15,50.82,50.01,333060.0,0.005,49.212857142857146,48.64928571428571
2017-09-11,50.99,50.69,51.18,50.66,473110.0,0.0077,49.69571428571429,48.87
2017-09-12,51.74,51.23,52.2,51.11,755230.0,0.0147,50.19642857142857,49.13178571428572
2017-09-13,52.27,51.66,52.4,51.66,673800.0,0.0102,50.74571428571428,49.410000000000004
2017-09-14,52.5,52.01,52.65,52.01,542960.0,0.0044,51.207142857142856,49.708928571428565
2017-09-15,52.43,52.3,52.55,51.98,660760.0,-0.0013,51.55428571428571,49.995000000000005
2017-09-18,52.82,52.74,53.24,52.7,528620.0,0.0074,51.90714285714285,50.36428571428571
2017-09-19,53.05,52.7,53.05,52.58,472460.0,0.0044,52.25714285714286,50.73500000000001
2017-09-20,53.3,53.0,53.3,52.8,520890.0,0.004699999999999999,52.58714285714286,51.14142857142857
2017-09-21,53.78,53.31,53.78,53.21,500180.0,0.009000000000000001,52.878571428571426,51.5375
2017-09-22,53.79,53.58,53.89,53.44,469780.0,0.0002,53.09571428571429,51.92071428571428
2017-09-25,53.68,53.46,53.89,53.23,423260.0,-0.002,53.26428571428572,52.23571428571428
2017-09-26,54.55,53.4,54.73,53.4,687130.0,0.016200000000000003,53.56714285714286,52.56071428571429
2017-09-27,54.23,54.48,54.67,54.09,441170.0,-0.0059,53.76857142857143,52.83785714285714
2017-09-28,54.01,54.35,54.64,53.91,503500.0,-0.0040999999999999995,53.90571428571428,53.08142857142857
2017-09-29,54.1,54.15,54.32,52.25,958460.0,0.0017000000000000001,54.019999999999996,53.30357142857143
2017-10-02,54.15,53.99,54.37,53.72,343630.0,0.0009,54.07285714285714,53.47571428571428
2017-10-04,55.03,54.39,55.45,54.35,952830.0,0.0163,54.25,53.67285714285715
2017-10-05,55.3,55.14,55.48,55.04,400670.0,0.0049,54.48142857142857,53.87285714285714
2017-10-06,55.3,55.3,55.68,55.12,411540.0,0.0,54.58857142857142,54.077857142857134
2017-10-09,55.13,55.19,55.52,54.99,342190.0,-0.0031,54.71714285714285,54.24285714285715
2017-10-10,54.75,55.25,55.25,54.39,471610.0,-0.0069,54.82285714285714,54.36428571428571
2017-10-11,55.14,55.0,55.3,54.9,371300.0,0.0070999999999999995,54.971428571428575,54.49571428571429
2017-10-12,58.0,55.51,58.5,54.95,2180000.0,0.0519,55.52142857142858,54.797142857142866
2017-10-13,57.44,57.64,58.25,57.44,695750.0,-0.0097,55.86571428571428,55.05785714285714
2017-10-16,57.45,57.52,57.85,57.45,438190.0,0.0002,56.17285714285714,55.32714285714286
2017-10-17,57.05,57.58,57.65,57.05,388120.0,-0.006999999999999999,56.42285714285715,55.505714285714284
2017-10-18,58.65,57.51,58.98,57.47,827290.0,0.027999999999999997,56.925714285714285,55.82142857142857
2017-10-19,57.93,58.4,58.77,57.24,586930.0,-0.0123,57.38,56.10142857142858
2017-10-20,57.19,58.1,58.58,57.13,611670.0,-0.0128,57.67285714285714,56.32214285714286
2017-10-23,57.35,57.4,57.69,56.52,462760.0,0.0028000000000000004,57.58,56.550714285714285
2017-10-24,58.55,57.37,58.55,57.21,485050.0,0.0209,57.738571428571426,56.80214285714285
2017-10-25,58.18,58.47,58.96,57.92,376290.0,-0.0063,57.84285714285714,57.00785714285714
2017-10-26,58.78,58.15,58.78,57.82,359490.0,0.0103,58.089999999999996,57.25642857142857
2017-10-27,60.69,59.2,60.74,58.98,1110000.0,0.0325,58.38142857142857,57.65357142857143
2017-10-30,62.31,60.99,62.79,60.86,1070000.0,0.026699999999999998,59.00714285714286,58.19357142857143
2017-11-01,64.77,63.8,65.34,63.35,965900.0,0.0395,60.089999999999996,58.881428571428565
2017-11-02,64.47,64.49,65.38,63.72,791230.0,-0.0046,61.107142857142854,59.34357142857142
2017-11-03,64.09,64.77,65.19,63.86,557710.0,-0.0059,61.89857142857143,59.81857142857143
2017-11-06,63.98,63.79,64.55,63.52,412330.0,-0.0017000000000000001,62.72714285714286,60.285000000000004
2017-11-07,64.08,64.11,64.74,63.77,417730.0,0.0016,63.48428571428571,60.787142857142854
2017-11-08,62.87,64.3,64.82,62.56,631060.0,-0.0189,63.79571428571428,61.08857142857143
2017-11-09,62.35,62.79,63.61,61.66,755390.0,-0.0083,63.80142857142857,61.40428571428571
2017-11-10,62.18,62.45,62.66,61.04,497330.0,-0.0027,63.43142857142857,61.760714285714286
2017-11-13,62.0,62.55,62.59,60.86,376200.0,-0.0029,63.07857142857142,62.09285714285714
2017-11-14,61.74,62.26,62.44,61.41,262690.0,-0.0042,62.74285714285714,62.32071428571429
2017-11-15,60.92,61.28,61.49,60.23,563250.0,-0.013300000000000001,62.30571428571428,62.51642857142857
2017-11-16,62.41,61.08,62.89,61.0,523330.00000000006,0.0245,62.06714285714286,62.77571428571429
2017-11-17,62.5,62.74,63.19,62.09,343630.0,0.0014000000000000002,62.01428571428572,62.904999999999994
2017-11-20,65.3,61.9,65.86,61.63,1220000.0,0.044800000000000006,62.435714285714276,63.11857142857143
2017-11-21,67.12,65.21,68.05,65.14,1150000.0,0.0279,63.14142857142857,63.28642857142857
2017-11-22,67.25,67.18,67.8,66.91,572070.0,0.0019,63.89142857142857,63.485
2017-11-23,68.27,66.87,68.4,66.57,590520.0,0.0152,64.82428571428571,63.78357142857143
2017-11-24,69.0,68.57,69.2,68.44,543570.0,0.010700000000000001,65.97857142857143,64.14214285714286
2017-11-27,68.72,68.85,69.37,68.18,419110.0,-0.0040999999999999995,66.88000000000001,64.47357142857143
2017-11-28,69.7,68.94,69.84,68.94,587730.0,0.0143,67.90857142857142,64.96142857142857
2017-11-29,70.9,69.95,71.92,69.86,929060.0,0.0172,68.70857142857143,65.57214285714285
2017-11-30,70.3,71.07,71.3,70.08,937840.0,-0.0085,69.16285714285713,66.15214285714286
2017-12-01,69.07,70.43,70.43,68.11,641910.0,-0.0175,69.42285714285715,66.65714285714286
2017-12-04,69.5,70.4,70.67,69.22,674630.0,0.0062,69.59857142857143,67.21142857142857
2017-12-05,69.56,69.37,70.19,68.06,592050.0,0.0009,69.67857142857143,67.82857142857142
2017-12-06,68.5,68.5,68.9,67.87,456050.0,-0.0152,69.64714285714285,68.26357142857144
2017-12-07,70.15,68.49,70.15,68.41,486240.0,0.0241,69.71142857142857,68.81
2017-12-08,71.28,70.75,71.49,70.52,510780.0,0.0161,69.76571428571428,69.23714285714286
2017-12-11,70.79,71.46,71.88,70.61,468860.0,-0.0069,69.83571428571429,69.49928571428572
2017-12-12,70.16,70.63,71.39,69.82,466610.0,-0.0089,69.99142857142857,69.70714285714287
2017-12-13,71.09,69.8,71.52,69.8,452720.0,0.013300000000000001,70.21857142857144,69.90857142857143
2017-12-14,71.0,71.0,71.7,70.37,589790.0,-0.0013,70.42428571428572,70.05142857142857
2017-12-15,70.92,70.41,71.27,70.15,617770.0,-0.0011,70.77000000000001,70.20857142857143
2017-12-18,71.59,71.44,72.09,71.35,464290.0,0.009399999999999999,70.97571428571429,70.34357142857142
2017-12-19,71.38,71.34,71.75,71.03,322870.0,-0.0029,70.99000000000001,70.37785714285714
2017-12-20,70.6,71.42,71.42,70.25,294490.0,-0.0109,70.96285714285715,70.39928571428571
2017-12-21,70.6,70.43,70.78,70.18,314360.0,0.0,71.02571428571427,70.50857142857143
2017-12-22,70.12,70.69,70.69,69.61,203270.0,-0.0068000000000000005,70.88714285714286,70.55285714285715
2017-12-27,70.22,70.0,70.38,69.93,181540.0,0.0014000000000000002,70.77571428571429,70.60000000000001
2017-12-28,70.09,70.36,70.6,69.96,167990.0,-0.0019,70.65714285714286,70.71357142857143
2017-12-29,69.78,70.0,70.19,69.56,236530.0,-0.0044,70.39857142857143,70.68714285714286
2018-01-02,69.76,69.94,69.96,67.24,395620.0,-0.0003,70.16714285714285,70.57857142857144
2018-01-03,71.44,69.98,71.98,69.8,425920.0,0.0241,70.28714285714285,70.625
2018-01-04,72.5,71.96,73.12,71.86,434070.0,0.0148,70.55857142857143,70.79214285714285
2018-01-05,73.96,73.0,73.96,72.68,586780.0,0.020099999999999996,71.10714285714286,70.99714285714286
2018-01-08,74.68,74.32,74.92,74.14,395800.0,0.0097,71.74428571428572,71.26
2018-01-09,75.74,74.86,76.08,74.34,522950.00000000006,0.014199999999999999,72.55142857142856,71.60428571428571
2018-01-10,75.4,75.74,75.78,74.56,548590.0,-0.0045000000000000005,73.35428571428572,71.87642857142858
2018-01-11,74.64,75.3,75.32,74.24,422970.0,-0.0101,74.05142857142857,72.10928571428572
2018-01-12,76.52,75.3,76.86,75.3,736030.0,0.0252,74.77714285714286,72.53214285714286
2018-01-15,76.86,76.8,76.92,75.9,310200.0,0.0044,75.39999999999999,72.97928571428572
2018-01-16,78.68,76.82,78.7,76.82,599110.0,0.023700000000000002,76.07428571428571,73.59071428571428
2018-01-17,77.86,78.48,78.48,76.84,519740.0,-0.0104,76.52857142857144,74.13642857142858
2018-01-18,77.52,78.0,78.1,77.28,329510.0,-0.0044,76.78285714285714,74.66714285714286
2018-01-19,77.9,76.86,78.08,76.5,459120.0,0.0049,77.14,75.24714285714286
2018-01-22,78.72,77.98,78.88,77.4,449900.0,0.0105,77.72285714285714,75.88714285714286
2018-01-23,78.22,79.0,80.28,77.96,664930.0,-0.0064,77.96571428571428,76.37142857142858
2018-01-24,77.3,78.54,78.76,77.14,471800.0,-0.0118,78.02857142857144,76.71428571428571
2018-01-25,75.5,76.6,77.04,74.78,693690.0,-0.0233,77.57428571428571,76.82428571428571
2018-01-26,75.9,75.1,75.9,74.82,383030.0,0.0053,77.2942857142857,76.91142857142857
2018-01-29,75.22,76.74,77.34,74.86,436400.0,-0.009000000000000001,76.96571428571428,76.87428571428572
2018-01-30,73.6,74.8,74.86,73.48,453500.0,-0.0215,76.35142857142857,76.74571428571429
2018-01-31,74.4,74.4,75.82,73.98,573340.0,0.0109,75.73428571428572,76.72857142857143
2018-02-01,74.16,75.0,76.06,73.32,550450.0,-0.0032,75.1542857142857,76.55999999999999
2018-02-02,72.2,73.72,73.96,71.68,641050.0,-0.0264,74.42571428571429,76.22714285714287
2018-02-05,70.48,71.12,71.3,69.2,917410.0,-0.023799999999999998,73.70857142857143,75.64142857142858
2018-02-06,70.16,66.1,70.94,65.38,1190000.0,-0.0045000000000000005,72.88857142857142,75.09142857142857
2018-02-07,71.66,71.34,72.22,70.36,765870.0,0.021400000000000002,72.38000000000001,74.67285714285715
2018-02-08,69.86,71.34,72.1,69.66,686040.0,-0.025099999999999997,71.84571428571428,74.09857142857142
2018-02-09,69.24,69.6,70.9,68.58,466660.0,-0.0089,71.10857142857142,73.42142857142858
2018-02-12,69.84,70.2,70.84,69.54,475730.0,0.0087,70.49142857142857,72.82285714285715
2018-02-13,69.5,69.98,70.42,69.46,293870.0,-0.0049,70.10571428571428,72.26571428571428
2018-02-14,70.08,70.68,70.68,67.94,559260.0,0.0083,70.04857142857142,71.87857142857143
2018-02-15,70.2,71.0,71.86,69.7,523240.0,0.0017000000000000001,70.05428571428571,71.47142857142856
2018-02-16,71.56,70.8,71.68,70.64,450870.0,0.0194,70.03999999999999,71.21000000000001
2018-02-19,70.6,71.96,72.0,70.38,167940.0,-0.0134,70.14571428571428,70.99571428571429
2018-02-20,69.7,70.54,70.72,69.24,338700.0,-0.0127,70.21142857142857,70.66
2018-02-21,68.88,69.88,69.88,67.96,619390.0,-0.0118,70.07428571428571,70.28285714285714
2018-02-22,68.76,67.62,68.98,66.74,430920.0,-0.0017000000000000001,69.96857142857142,70.03714285714285
2018-02-23,68.52,68.9,69.3,68.04,338800.0,-0.0034999999999999996,69.74571428571429,69.89714285714285
2018-02-26,70.0,70.0,71.18,69.64,583970.0,0.0216,69.71714285714286,69.88571428571429
2018-02-27,69.78,70.04,70.58,68.88,357510.0,-0.0031,69.46285714285715,69.75142857142858
2018-02-28,69.12,69.38,69.76,69.0,326740.0,-0.0095,69.25142857142858,69.69857142857144
2018-03-01,67.34,69.08,69.08,67.02,458650.0,-0.0258,68.91428571428571,69.56285714285715
2018-03-02,65.76,66.56,66.58,65.06,617780.0,-0.0235,68.46857142857144,69.27142857142857
2018-03-05,65.22,65.04,66.0,64.46,528480.0,-0.008199999999999999,67.96285714285715,68.96571428571428
2018-03-06,66.38,66.42,67.42,66.3,476170.0,0.0178,67.65714285714286,68.70142857142856
2018-03-07,65.78,66.02,66.24,64.9,532550.0,-0.009000000000000001,67.05428571428573,68.38571428571429
2018-03-08,66.0,65.76,66.08,64.84,283230.0,0.0033,66.51428571428572,67.98857142857143
2018-03-09,66.2,65.82,66.34,65.24,319640.0,0.003,66.09714285714286,67.67428571428572
2018-03-12,66.5,66.7,66.78,66.24,296410.0,0.0045000000000000005,65.97714285714287,67.44571428571429
2018-03-13,65.68,66.72,67.32,65.18,430220.0,-0.0123,65.96571428571428,67.21714285714286
2018-03-14,65.72,65.72,66.5,65.46,453740.0,0.0006,66.03714285714285,67.0
2018-03-15,67.14,65.82,67.32,65.78,560750.0,0.0216,66.14571428571429,66.90142857142858
2018-03-16,66.6,67.34,67.48,66.6,795060.0,-0.008,66.26285714285714,66.65857142857143
2018-03-19,66.38,66.62,66.96,65.68,390910.0,-0.0033,66.31714285714285,66.41571428571429
2018-03-20,67.88,66.18,68.32,66.08,533850.0,0.0226,66.55714285714285,66.32714285714285
2018-03-21,67.32,68.26,68.32,66.76,448740.0,-0.008199999999999999,66.67428571428572,66.32571428571428
2018-03-22,65.46,66.92,67.3,64.48,588280.0,-0.0276,66.64285714285714,66.30428571428571
2018-03-23,64.3,64.86,65.2,63.64,556350.0,-0.0177,66.43999999999998,66.23857142857143
2018-03-26,64.04,64.58,65.74,63.92,392070.0,-0.004,65.99714285714285,66.07142857142857
2018-03-27,65.28,65.28,66.48,65.14,520700.00000000006,0.0194,65.80857142857143,66.03571428571429
2018-03-28,64.66,64.72,64.96,63.92,467840.0,-0.0095,65.56285714285714,65.94
2018-03-29,67.5,65.02,68.18,65.02,1060000.0,0.043899999999999995,65.50857142857143,66.03285714285714
2018-04-03,67.54,66.78,68.14,66.38,688380.0,0.0006,65.54,66.10714285714286
2018-04-04,66.46,67.76,67.78,65.14,649250.0,-0.016,65.68285714285715,66.16285714285713
2018-04-05,68.16,67.4,68.4,66.82,668850.0,0.0256,66.23428571428572,66.33714285714285
2018-04-06,67.4,67.8,68.04,67.1,436290.0,-0.011200000000000002,66.71428571428571,66.35571428571428
2018-04-09,66.84,67.78,68.0,66.28,327260.0,-0.0083,66.93714285714286,66.37285714285714
2018-04-10,69.86,67.9,70.0,67.82,987180.0,0.0452,67.67999999999999,66.62142857142858
2018-04-11,70.5,69.9,71.18,69.72,1030000.0,0.0092,68.10857142857142,66.80857142857143
2018-04-12,73.52,70.8,73.96,70.64,1000000.0,0.042800000000000005,68.96285714285715,67.25142857142858
2018-04-13,73.44,74.96,74.98,72.2,638580.0,-0.0011,69.96000000000001,67.82142857142857
2018-04-16,71.94,73.44,73.72,71.6,424100.0,-0.0204,70.5,68.36714285714285
2018-04-17,72.82,72.0,73.02,71.54,411880.0,0.012199999999999999,71.27428571428571,68.99428571428572
2018-04-18,72.38,72.8,73.24,71.74,497510.0,-0.006,72.06571428571428,69.50142857142858
2018-04-19,72.18,72.24,72.58,71.72,376310.0,-0.0028000000000000004,72.39714285714285,70.03857142857143
2018-04-20,71.82,72.06,72.06,70.94,361170.0,-0.005,72.58571428571429,70.34714285714286
2018-04-23,71.46,71.6,71.7,70.84,385210.0,-0.005,72.29142857142857,70.62714285714286
2018-04-24,71.58,71.38,71.58,70.84,377150.0,0.0017000000000000001,72.02571428571429,70.99285714285715
2018-04-25,70.64,71.08,71.5,69.62,464550.0,-0.0131,71.84,71.17
2018-04-26,71.66,70.6,72.7,70.6,476570.0,0.0144,71.67428571428572,71.47428571428571
2018-04-27,71.08,72.0,72.14,70.86,350510.0,-0.008100000000000001,71.48857142857143,71.77714285714286
2018-04-30,70.8,71.22,71.52,70.32,291670.0,-0.0039000000000000003,71.29142857142857,71.8442857142857
2018-05-02,72.1,70.92,72.88,70.86,630250.0,0.0184,71.33142857142857,71.95857142857143
2018-05-03,71.16,72.22,72.34,70.8,438110.0,-0.013000000000000001,71.28857142857143,71.78999999999999
2018-05-04,71.1,70.94,71.3,70.06,365940.0,-0.0008,71.22,71.62285714285714
2018-05-07,71.6,70.98,71.88,70.68,256790.00000000003,0.006999999999999999,71.35714285714286,71.59857142857143
2018-05-08,71.34,71.64,72.0,70.86,457630.0,-0.0036,71.31142857142856,71.49285714285713
2018-05-09,70.46,71.64,71.78,70.38,424820.0,-0.0123,71.22285714285714,71.35571428571428
2018-05-10,70.34,70.44,70.92,69.54,307830.0,-0.0017000000000000001,71.15714285714286,71.22428571428571
2018-05-11,70.16,70.54,70.72,69.9,478980.0,-0.0026,70.88,71.10571428571428
2018-05-14,69.8,70.0,70.04,69.22,337800.0,-0.0051,70.68571428571428,70.98714285714286
2018-05-15,70.22,70.04,70.42,69.5,441110.0,0.006,70.56,70.89
2018-05-16,68.2,69.3,69.66,68.04,532770.0,-0.0288,70.07428571428571,70.71571428571428
2018-05-17,68.7,68.3,68.7,68.06,503330.0,0.0073,69.69714285714285,70.50428571428571
2018-05-18,68.62,68.72,69.18,68.32,423790.0,-0.0012,69.4342857142857,70.32857142857142
2018-05-22,69.66,69.26,70.22,69.1,681020.0,0.0152,69.33714285714287,70.24714285714286
2018-05-23,68.24,69.24,69.58,67.74,525090.0,-0.0204,69.06285714285715,69.97142857142856
2018-05-24,66.18,67.46,67.46,65.44,974070.0,-0.0302,68.5457142857143,69.61571428571429
2018-05-25,66.58,66.62,67.14,65.54,470490.0,0.006,68.02571428571429,69.29285714285714
2018-05-28,66.14,66.86,67.26,65.86,261610.0,-0.0066,67.73142857142857,68.90285714285714
2018-05-29,64.36,65.66,65.66,63.8,758510.0,-0.0269,67.11142857142858,68.40428571428572
2018-05-30,64.46,64.5,64.64,63.8,518320.00000000006,0.0016,66.51714285714286,67.97571428571429
2018-05-31,63.08,64.46,64.52,62.74,712230.0,-0.021400000000000002,65.57714285714285,67.45714285714286
2018-06-01,63.22,63.4,64.1,62.74,960160.0,0.0022,64.86,66.96142857142857
2018-06-04,63.02,63.64,64.06,62.84,369000.0,-0.0032,64.40857142857143,66.47714285714287
2018-06-05,63.12,63.14,64.3,63.1,425030.0,0.0016,63.91428571428571,65.97
2018-06-06,63.18,63.28,63.86,62.74,380210.0,0.001,63.49142857142857,65.61142857142856
2018-06-07,63.24,63.28,63.88,63.14,444010.0,0.0009,63.33142857142857,65.22142857142858
2018-06-08,61.88,62.78,62.78,61.4,678630.0,-0.0215,62.962857142857146,64.74
2018-06-11,61.94,62.0,62.8,61.54,468310.0,0.001,62.800000000000004,64.18857142857142
2018-06-12,61.82,62.38,62.98,61.42,598490.0,-0.0019,62.6,63.730000000000004
2018-06-13,62.06,61.92,62.26,61.6,439630.0,0.0039000000000000003,62.462857142857146,63.43571428571429
2018-06-14,63.12,61.9,63.4,61.44,469280.0,0.0171,62.462857142857146,63.18857142857143
2018-06-15,62.36,63.62,63.9,61.96,674450.0,-0.012,62.34571428571429,62.91857142857143
2018-06-18,61.3,62.12,62.44,60.54,506720.0,-0.017,62.068571428571424,62.699999999999996
2018-06-19,59.86,60.3,60.54,59.5,730550.0,-0.0235,61.779999999999994,62.371428571428574
2018-06-20,59.88,60.16,60.56,59.38,583250.0,0.0003,61.48571428571428,62.142857142857146
2018-06-21,58.4,58.8,59.46,58.04,781330.0,-0.024700000000000003,60.99714285714286,61.79857142857143
2018-06-22,58.3,58.5,59.08,57.76,571240.0,-0.0017000000000000001,60.459999999999994,61.46142857142856
2018-06-25,56.64,57.94,57.98,56.46,683290.0,-0.0285,59.534285714285716,60.99857142857143
2018-06-26,55.9,56.58,57.32,55.38,592320.0,-0.0131,58.61142857142857,60.478571428571435
2018-06-27,56.78,55.82,57.26,55.38,578510.0,0.015700000000000002,57.965714285714284,60.01714285714286
2018-06-28,55.06,56.8,56.84,54.54,714610.0,-0.030299999999999997,57.28000000000001,59.53000000000001
2018-06-29,54.56,55.78,56.02,54.56,684540.0,-0.0091,56.519999999999996,59.00285714285714
2018-07-02,54.46,54.0,55.44,53.5,570020.0,-0.0018,55.957142857142856,58.47714285714286
2018-07-03,54.48,55.06,55.38,54.18,423640.0,0.0004,55.41142857142857,57.935714285714276
2018-07-04,54.6,54.7,55.14,54.38,290940.0,0.0022,55.12,57.32714285714285
2018-07-05,56.52,55.7,57.48,55.7,951580.0,0.0352,55.20857142857143,56.910000000000004
2018-07-06,56.26,57.0,57.12,55.44,497030.0,-0.0046,55.134285714285724,56.550000000000004
2018-07-09,55.94,56.6,56.68,55.3,330850.0,-0.005699999999999999,55.26,56.269999999999996
2018-07-10,55.62,56.34,56.5,54.96,447720.0,-0.005699999999999999,55.41142857142857,55.965714285714284
2018-07-11,54.3,55.08,55.26,54.14,481250.0,-0.023700000000000002,55.388571428571424,55.67285714285714
2018-07-12,54.32,54.58,54.96,53.9,411100.0,0.0004,55.36571428571428,55.38857142857143
2018-07-13,54.74,54.32,54.9,54.32,307990.0,0.0077,55.385714285714286,55.25285714285714
2018-07-16,54.14,54.68,55.16,53.92,433600.0,-0.011000000000000001,55.045714285714276,55.12714285714286
2018-07-17,54.74,54.16,54.8,54.02,429570.0,0.0111,54.82857142857142,54.98142857142857
2018-07-18,56.42,55.28,56.56,55.18,736990.0,0.030699999999999998,54.89714285714285,55.07857142857143
2018-07-19,55.88,56.62,56.96,55.62,568400.0,-0.0096,54.93428571428571,55.17285714285714
2018-07-20,54.74,55.8,55.88,53.92,526250.0,-0.0204,54.99714285714286,55.192857142857136
2018-07-23,55.14,54.52,55.2,54.16,366550.0,0.0073,55.114285714285714,55.24
2018-07-24,57.0,55.7,57.42,55.7,721680.0,0.0337,55.43714285714286,55.41142857142857
2018-07-25,55.92,57.1,57.24,55.88,829700.0,-0.0189,55.69142857142857,55.368571428571435
2018-07-26,58.18,58.72,58.98,57.54,784760.0,0.0404,56.182857142857145,55.505714285714284
2018-07-27,58.38,58.28,58.82,57.98,516190.00000000006,0.0034000000000000002,56.462857142857146,55.68
2018-07-30,58.32,58.42,58.46,58.08,267610.0,-0.001,56.81142857142857,55.87285714285714
2018-07-31,57.9,58.5,58.8,57.7,652210.0,-0.0072,57.26285714285715,56.13
2018-08-01,56.2,58.5,58.5,55.78,740670.0,-0.0294,57.41428571428572,56.26428571428572
2018-08-02,55.02,55.88,55.88,54.38,589390.0,-0.021,57.13142857142857,56.284285714285716
2018-08-03,56.02,55.38,56.44,54.9,386810.0,0.0182,57.14571428571429,56.41857142857143
2018-08-06,56.0,56.26,56.86,55.8,262650.0,-0.0004,56.83428571428572,56.50857142857143
2018-08-07,55.86,56.42,57.34,55.86,473750.0,-0.0025,56.47428571428571,56.46857142857143
2018-08-08,57.14,55.82,57.24,55.48,487250.0,0.0229,56.305714285714295,56.55857142857143
2018-08-09,56.88,57.36,57.4,56.74,395100.0,-0.0046,56.160000000000004,56.71142857142858
2018-08-10,55.42,56.62,56.62,54.44,588170.0,-0.025699999999999997,56.048571428571435,56.73142857142857
2018-08-13,55.06,54.9,55.46,54.56,338580.0,-0.006500000000000001,56.05428571428571,56.59285714285715
2018-08-14,54.8,55.44,55.64,54.34,287690.0,-0.004699999999999999,55.879999999999995,56.512857142857136
2018-08-15,53.74,54.98,55.1,53.3,462240.0,-0.019299999999999998,55.55714285714286,56.19571428571429
2018-08-16,53.72,54.06,54.42,53.32,435700.0,-0.0004,55.251428571428576,55.862857142857145
2018-08-17,53.4,53.72,53.78,52.36,522539.99999999994,-0.006,54.71714285714285,55.51142857142857
2018-08-20,53.76,53.54,54.34,53.2,435170.0,0.0067,54.271428571428565,55.215714285714284
2018-08-21,54.42,53.74,54.62,53.48,488580.0,0.0123,54.12857142857143,55.08857142857143
2018-08-22,53.92,54.4,55.2,53.34,456600.0,-0.0092,53.96571428571429,55.01
2018-08-23,53.24,54.0,54.2,53.12,308210.0,-0.0126,53.74285714285715,54.81142857142857
2018-08-24,53.44,53.46,53.52,52.88,304190.0,0.0038,53.699999999999996,54.628571428571426
2018-08-27,55.02,53.76,55.36,53.62,395630.0,0.0296,53.885714285714286,54.56857142857143
2018-08-28,55.76,55.48,56.16,55.48,516700.00000000006,0.0134,54.222857142857144,54.470000000000006
2018-08-29,55.44,56.06,56.06,54.82,402470.0,-0.005699999999999999,54.462857142857146,54.36714285714286
2018-08-30,55.28,55.3,56.32,54.42,406980.0,-0.0029,54.58571428571429,54.357142857142854
2018-08-31,54.52,54.52,54.94,53.9,386090.0,-0.0137,54.67142857142857,54.31857142857143
2018-09-03,53.6,54.0,54.12,52.98,347230.0,-0.0169,54.72285714285715,54.23285714285714
2018-09-04,52.9,53.64,53.74,52.38,455270.0,-0.0131,54.645714285714284,54.17285714285715
2018-09-05,52.7,52.64,53.16,52.3,364530.0,-0.0038,54.31428571428571,54.1
2018-09-06,52.22,52.48,53.08,52.06,429510.0,-0.0091,53.80857142857143,54.01571428571429
2018-09-07,52.06,52.32,52.32,51.22,457120.0,-0.0031,53.32571428571429,53.89428571428572
2018-09-10,52.0,52.0,52.22,51.52,679050.0,-0.0012,52.857142857142854,53.721428571428575
2018-09-11,51.6,52.12,52.14,51.32,626620.0,-0.0077,52.44,53.55571428571428
2018-09-12,51.7,51.68,51.84,51.44,599160.0,0.0019,52.16857142857144,53.44571428571429
2018-09-13,52.84,51.72,53.28,51.66,1020000.0,0.022099999999999998,52.160000000000004,53.402857142857144
2018-09-14,54.72,53.14,55.46,52.94,1130000.0,0.0356,52.44857142857143,53.381428571428565
2018-09-17,55.56,54.5,55.8,54.3,777970.0,0.0154,52.925714285714285,53.36714285714286
2018-09-18,57.14,55.72,57.56,55.6,1040000.0,0.028399999999999998,53.651428571428575,53.48857142857143
2018-09-19,58.36,57.3,58.44,57.3,685880.0,0.021400000000000002,54.559999999999995,53.708571428571425
2018-09-20,59.08,58.4,59.44,58.2,756730.0,0.0123,55.62857142857143,54.034285714285716
2018-09-21,59.12,59.76,60.46,58.66,795450.0,0.0007000000000000001,56.688571428571436,54.42857142857144
2018-09-24,58.34,58.8,58.9,58.08,503960.0,-0.0132,57.47428571428571,54.817142857142855
2018-09-25,57.54,58.46,59.02,56.9,580370.0,-0.0137,57.877142857142864,55.16285714285715
2018-09-26,57.58,57.28,57.62,56.34,398730.0,0.0007000000000000001,58.16571428571429,55.54571428571428
2018-09-27,58.72,57.3,59.24,57.02,651400.0,0.019799999999999998,58.39142857142857,56.021428571428565
2018-09-28,58.0,58.32,58.56,57.2,568710.0,-0.0123,58.339999999999996,56.449999999999996
2018-10-01,58.4,58.14,58.94,57.58,390210.0,0.0069,58.24285714285714,56.93571428571429
2018-10-02,58.3,58.3,58.8,57.64,484840.0,-0.0017000000000000001,58.12571428571429,57.40714285714286
2018-10-04,57.9,57.98,58.62,57.66,645990.0,-0.0069,58.06285714285714,57.76857142857143
2018-10-05,57.1,57.74,57.88,56.96,445410.0,-0.0138,58.0,57.93857142857143
2018-10-08,56.04,56.66,56.78,56.02,335770.0,-0.018600000000000002,57.779999999999994,57.972857142857144
2018-10-09,56.06,56.0,56.62,55.42,366600.0,0.0004,57.4,57.895714285714284
2018-10-10,54.52,55.8,55.82,54.32,680570.0,-0.0275,56.902857142857144,57.621428571428574
2018-10-11,53.42,53.22,53.86,52.8,914580.0,-0.0202,56.19142857142857,57.21714285714285
2018-10-12,53.4,54.6,54.82,53.26,456320.0,-0.0004,55.49142857142857,56.808571428571426
2018-10-15,54.84,53.88,55.64,53.2,643650.0,0.027000000000000003,55.05428571428571,56.55857142857143
2018-10-16,57.0,54.92,57.66,53.86,1450000.0,0.0394,55.04,56.519999999999996
2018-10-17,56.46,57.56,57.62,55.74,648280.0,-0.0095,55.10000000000001,56.440000000000005
2018-10-18,55.9,56.52,57.16,55.84,414360.0,-0.009899999999999999,55.07714285714286,56.23857142857143
2018-10-19,55.0,56.0,56.0,53.48,898660.0,-0.0161,55.145714285714284,56.02428571428572
2018-10-22,54.62,55.72,56.42,54.26,422530.0,-0.0069,55.31714285714286,55.75428571428572
2018-10-23,53.88,53.84,54.0,53.08,573950.0,-0.013500000000000002,55.385714285714286,55.43857142857143
2018-10-24,50.78,54.18,54.2,50.74,1060000.0,-0.0575,54.80571428571428,54.93
2018-10-25,51.76,50.36,52.08,50.1,869390.0,0.019299999999999998,54.057142857142864,54.54857142857143
2018-10-26,51.56,51.26,51.56,50.42,578900.0,-0.0039000000000000003,53.357142857142854,54.228571428571435
2018-10-29,53.52,52.5,54.72,52.06,881490.0,0.038,53.01714285714286,54.047142857142866
2018-10-30,54.8,55.1,55.88,54.08,1050000.0,0.0239,52.98857142857143,54.067142857142855
2018-10-31,56.28,55.82,56.94,55.34,995130.0,0.027000000000000003,53.22571428571428,54.271428571428565
2018-11-01,57.62,56.12,57.9,55.92,741830.0,0.023799999999999998,53.76,54.57285714285714
2018-11-02,58.74,59.4,60.4,58.66,954880.0,0.0194,54.89714285714285,54.85142857142857
2018-11-05,58.72,58.78,58.98,58.2,403890.0,-0.0003,55.89142857142857,54.97428571428571
2018-11-06,59.1,58.8,59.6,58.46,440230.0,0.006500000000000001,56.96857142857142,55.16285714285714
2018-11-07,58.54,59.1,60.1,58.52,493720.0,-0.0095,57.68571428571429,55.35142857142857
2018-11-08,57.88,58.8,59.3,57.58,531530.0,-0.0113,58.12571428571429,55.55714285714286
2018-11-09,56.56,57.36,57.56,55.86,625890.0,-0.022799999999999997,58.16571428571429,55.69571428571429
2018-11-12,56.22,56.74,57.26,56.02,277310.0,-0.006,57.965714285714284,55.86285714285714
2018-11-13,57.28,56.2,57.4,55.54,574480.0,0.0189,57.75714285714286,56.32714285714286
2018-11-14,57.86,57.58,58.78,57.16,588240.0,0.0101,57.634285714285724,56.76285714285715
2018-11-15,57.18,57.86,58.22,56.62,409840.0,-0.0118,57.36,57.16428571428571
2018-11-16,56.24,57.88,58.06,55.74,521950.00000000006,-0.016399999999999998,57.03142857142857,57.35857142857143
2018-11-19,57.5,56.4,58.04,55.9,666170.0,0.022400000000000003,56.97714285714285,57.55142857142857
2018-11-20,56.28,57.56,57.56,55.68,580280.0,-0.0212,56.93714285714286,57.55142857142857
2018-11-21,57.74,56.54,57.96,56.38,631030.0,0.0259,57.15428571428572,57.56
2018-11-22,57.2,57.78,57.78,56.84,373980.0,-0.009399999999999999,57.142857142857146,57.45
2018-11-23,57.08,57.02,58.16,56.7,344510.0,-0.0021,57.03142857142857,57.332857142857144
2018-11-26,58.52,57.4,58.7,57.4,649940.0,0.0252,57.222857142857144,57.291428571428575
2018-11-27,56.74,59.18,59.18,56.36,553080.0,-0.0304,57.29428571428572,57.16285714285714
2018-11-28,56.86,57.1,57.24,55.76,397790.0,0.0021,57.20285714285715,57.089999999999996
2018-11-29,56.68,57.06,57.5,56.3,396750.0,-0.0032,57.26,57.098571428571425
2018-11-30,56.5,56.64,56.7,55.56,758310.0,-0.0032,57.082857142857144,57.118571428571435
2018-12-03,58.2,58.9,59.8,57.96,711340.0,0.0301,57.22571428571428,57.18428571428571
2018-12-04,56.0,57.76,58.0,56.0,649230.0,-0.0378,57.07142857142857,57.051428571428566
2018-12-05,55.7,55.8,57.06,55.32,393580.0,-0.0054,56.66857142857143,56.94571428571429
2018-12-06,53.34,55.14,55.14,52.98,845300.0,-0.0424,56.182857142857145,56.73857142857143
2018-12-07,53.22,53.42,54.52,53.12,612260.0,-0.0022,55.66285714285715,56.432857142857145
2018-12-10,51.92,52.86,53.2,51.48,572800.0,-0.024399999999999998,54.98285714285714,56.121428571428574
2018-12-11,54.24,52.9,54.86,52.66,826710.0,0.0447,54.660000000000004,55.871428571428574
2018-12-12,56.8,54.7,57.46,54.16,1080000.0,0.0472,54.46,55.84285714285714
2018-12-13,57.38,57.9,58.1,56.6,629150.0,0.0102,54.65714285714286,55.864285714285714
2018-12-14,56.26,56.58,57.76,55.76,980340.0,-0.0195,54.73714285714285,55.702857142857134
2018-12-17,55.96,56.84,57.18,55.36,566800.0,-0.0053,55.111428571428576,55.64714285714285
2018-12-18,55.0,55.94,56.84,54.86,640050.0,-0.0172,55.36571428571428,55.51428571428572
2018-12-19,55.14,55.2,55.98,54.92,486510.0,0.0025,55.82571428571429,55.40428571428571
2018-12-20,53.52,54.14,54.7,53.3,568490.0,-0.0294,55.722857142857144,55.19142857142857
2018-12-21,53.54,52.7,54.74,52.22,1130000.0,0.0004,55.25714285714286,54.85857142857144
2018-12-27,51.3,53.46,53.68,50.72,639100.0,-0.0418,54.38857142857143,54.52285714285715
2018-12-28,51.64,51.6,52.14,51.28,308950.0,0.0066,53.728571428571435,54.23285714285714
2019-01-02,50.98,51.7,51.74,50.14,658580.0,-0.0128,53.01714285714286,54.06428571428571
2019-01-03,50.28,50.26,50.94,49.89,397620.0,-0.0137,52.34285714285714,53.85428571428571
2019-01-04,52.78,50.8,52.8,50.52,588760.0,0.049699999999999994,52.005714285714284,53.91571428571428
2019-01-07,53.16,53.04,53.6,52.62,366770.0,0.0072,51.95428571428572,53.83857142857143
2019-01-08,54.1,53.16,55.18,52.38,623200.0,0.0177,52.034285714285716,53.64571428571429
2019-01-09,55.6,54.8,56.48,54.8,561650.0,0.0277,52.64857142857142,53.51857142857143
2019-01-10,55.6,55.0,56.02,54.56,373680.0,0.0,53.214285714285715,53.471428571428575
2019-01-11,55.1,55.9,56.0,54.44,432450.0,-0.009000000000000001,53.80285714285714,53.410000000000004
2019-01-14,54.96,54.52,55.72,54.5,534730.0,-0.0025,54.471428571428575,53.40714285714286
2019-01-15,55.5,55.52,56.36,55.1,462250.0,0.0098,54.86,53.432857142857145
2019-01-16,55.94,55.78,55.94,55.14,322380.0,0.0079,55.25714285714286,53.605714285714285
2019-01-17,55.24,55.48,55.8,54.64,333680.0,-0.0125,55.42,53.72714285714285
2019-01-18,56.02,55.8,56.56,55.56,522419.99999999994,0.0141,55.480000000000004,54.06428571428571
2019-01-21,55.42,56.04,56.04,55.08,259170.00000000003,-0.010700000000000001,55.45428571428572,54.33428571428572
2019-01-22,54.92,55.12,55.48,54.28,346630.0,-0.009000000000000001,55.42857142857144,54.61571428571428
2019-01-23,54.24,54.1,54.68,53.64,316330.0,-0.0124,55.325714285714284,54.89857142857143
2019-01-24,55.1,54.2,55.1,54.0,426080.0,0.0159,55.26857142857143,55.06428571428571
2019-01-25,57.84,55.5,58.06,55.5,853340.0,0.049699999999999994,55.540000000000006,55.39857142857143
2019-01-28,57.58,57.84,58.2,57.32,475470.0,-0.0045000000000000005,55.87428571428571,55.64714285714285
2019-01-29,56.98,57.5,57.86,56.12,450750.0,-0.0104,56.011428571428574,55.74571428571429
2019-01-30,56.52,57.14,57.16,56.1,268170.0,-0.008100000000000001,56.16857142857143,55.81142857142857
2019-01-31,56.8,57.0,57.7,55.6,377750.0,0.005,56.43714285714286,55.932857142857145
2019-02-01,57.66,56.86,57.72,56.56,354270.0,0.0151,56.925714285714285,56.12571428571429
2019-02-04,57.14,57.54,57.7,56.48,347760.0,-0.009000000000000001,57.21714285714285,56.24285714285714
2019-02-05,57.56,57.4,57.56,56.66,317050.0,0.0074,57.17714285714285,56.35857142857143
2019-02-06,57.64,57.4,57.9,56.98,374310.0,0.0014000000000000002,57.18571428571429,56.53000000000001
2019-02-07,55.1,57.3,57.38,54.9,661160.0,-0.0441,56.917142857142856,56.464285714285715
2019-02-08,54.0,54.5,55.2,53.8,498770.0,-0.02,56.55714285714286,56.36285714285714
2019-02-11,54.28,54.28,54.94,54.04,297160.0,0.0052,56.19714285714286,56.31714285714286
2019-02-12,55.2,54.9,55.64,54.72,419380.0,0.0169,55.84571428571429,56.385714285714286
2019-02-13,55.4,55.72,56.1,55.0,306400.0,0.0036,55.597142857142856,56.40714285714285
2019-02-14,54.88,55.6,55.72,54.5,267490.0,-0.009399999999999999,55.214285714285715,56.19571428571429
2019-02-15,56.04,54.6,56.4,54.0,440800.0,0.021099999999999997,54.98571428571428,56.08571428571429
2019-02-18,55.48,55.4,56.26,55.12,336070.0,-0.01,55.040000000000006,55.978571428571435
2019-02-19,55.58,55.18,55.58,54.74,286650.0,0.0018,55.26571428571429,55.91142857142857
2019-02-20,57.22,55.96,57.5,55.92,562460.0,0.029500000000000002,55.685714285714276,55.94142857142857
2019-02-21,57.12,57.6,57.6,56.7,425300.0,-0.0017000000000000001,55.959999999999994,55.902857142857144
2019-02-22,57.1,57.16,57.98,56.76,430380.0,-0.0004,56.20285714285715,55.9
2019-02-25,58.84,57.9,58.98,57.68,563030.0,0.0305,56.76857142857143,55.99142857142858
2019-02-26,58.74,59.0,59.0,57.7,441860.0,-0.0017000000000000001,57.15428571428571,56.06999999999999
2019-02-27,58.88,58.74,58.88,58.16,320660.0,0.0024,57.64,56.339999999999996
2019-02-28,58.62,58.32,58.88,57.84,408250.0,-0.0044,58.074285714285715,56.67
2019-03-01,59.94,58.94,60.26,58.9,573580.0,0.0225,58.46285714285714,57.074285714285715
2019-03-04,59.64,60.02,60.5,59.64,349470.0,-0.005,58.82285714285715,57.39142857142857
2019-03-05,59.5,59.44,59.72,58.86,301630.0,-0.0023,59.16571428571429,57.684285714285714
2019-03-06,59.04,59.02,59.7,58.64,428450.0,-0.0077,59.19428571428572,57.98142857142857
2019-03-07,57.96,58.58,58.8,57.3,521159.99999999994,-0.0183,59.08285714285715,58.11857142857143
2019-03-08,56.9,57.22,57.46,56.22,426110.0,-0.0183,58.800000000000004,58.21999999999999
2019-03-11,57.22,56.92,57.4,56.62,257140.0,0.005600000000000001,58.60000000000001,58.33714285714286
2019-03-12,56.04,57.74,57.9,56.02,525330.0,-0.0206,58.042857142857144,58.25285714285714
2019-03-13,56.32,56.2,56.84,56.02,478100.0,0.005,57.568571428571424,58.19571428571429
2019-03-14,56.12,56.4,56.82,56.06,462940.0,-0.0036,57.08571428571428,58.12571428571429
2019-03-15,56.02,56.2,56.56,55.52,932990.0,-0.0018,56.65428571428572,57.924285714285716
2019-03-18,55.58,56.02,56.36,55.5,595930.0,-0.0079,56.31428571428571,57.698571428571434
2019-03-19,57.8,55.9,58.6,55.66,959780.0,0.039900000000000005,56.44285714285714,57.621428571428574
2019-03-20,56.52,57.8,58.06,56.44,617630.0,-0.022099999999999998,56.34285714285714,57.471428571428575
2019-03-21,56.56,56.18,57.5,56.14,509900.0,0.0007000000000000001,56.417142857142856,57.230000000000004
2019-03-22,55.36,56.9,56.98,55.04,613530.0,-0.0212,56.28000000000001,56.924285714285716
2019-03-25,55.54,55.0,55.98,54.8,467300.0,0.0033,56.19714285714286,56.64142857142857
2019-03-26,54.8,55.44,55.52,54.8,341570.0,-0.013300000000000001,56.02285714285715,56.33857142857143
2019-03-27,55.18,54.82,55.88,54.66,377670.0,0.0069,55.965714285714284,56.14
2019-03-28,54.74,55.2,55.86,54.56,446680.0,-0.008,55.52857142857143,55.98571428571429
2019-03-29,55.94,55.24,56.06,55.1,451060.0,0.0219,55.44571428571429,55.894285714285715
2019-04-01,57.66,56.76,58.0,56.76,754150.0,0.030699999999999998,55.60285714285714,56.01
2019-04-02,58.44,57.86,58.72,57.3,667670.0,0.013500000000000002,56.04285714285714,56.16142857142857
2019-04-03,59.24,59.32,60.18,59.1,626140.0,0.0137,56.57142857142857,56.38428571428572
2019-04-04,59.7,59.3,60.1,59.06,420090.0,0.0078000000000000005,57.271428571428565,56.64714285714285
2019-04-05,59.22,59.58,60.14,58.5,537920.0,-0.008,57.848571428571425,56.90714285714285
2019-04-08,59.84,58.6,59.84,58.22,425410.0,0.0105,58.57714285714285,57.05285714285714
2019-04-09,58.72,59.5,60.42,58.56,598620.0,-0.0187,58.97428571428571,57.21
2019-04-10,58.5,58.62,59.04,58.3,466460.0,-0.0037,59.09428571428572,57.348571428571425
2019-04-11,59.06,58.84,59.34,58.16,441080.0,0.0096,59.182857142857145,57.61285714285714
2019-04-12,60.26,58.84,60.86,58.5,679200.0,0.0203,59.32857142857143,57.949999999999996
2019-04-15,60.86,60.62,61.1,59.82,511740.0,0.01,59.494285714285716,58.38285714285714
2019-04-16,61.92,60.78,62.42,60.66,684550.0,0.0174,59.879999999999995,58.86428571428571
2019-04-17,63.5,63.02,64.32,62.04,909370.0,0.0255,60.40285714285715,59.489999999999995
2019-04-18,64.54,63.0,64.72,62.76,758150.0,0.016399999999999998,61.23428571428571,60.104285714285716
2019-04-23,63.48,64.5,64.78,63.28,438240.0,-0.016399999999999998,61.94571428571429,60.52
2019-04-24,62.88,62.1,63.42,61.7,541240.0,-0.0095,62.49142857142857,60.83714285714286
2019-04-25,62.02,62.8,62.86,61.54,416420.0,-0.0137,62.74285714285714,61.035714285714285
2019-04-26,62.14,62.1,62.32,61.34,464220.0,0.0019,62.925714285714285,61.21
2019-04-29,62.2,62.1,62.74,61.7,246930.0,0.001,62.96571428571429,61.42285714285715
2019-04-30,61.84,61.8,62.36,61.48,315810.0,-0.0058,62.72857142857142,61.565714285714286
2019-05-02,64.46,62.5,65.26,62.42,1010000.0,0.0424,62.71714285714285,61.97571428571428
2019-05-03,64.28,64.46,64.56,63.98,357630.0,-0.0028000000000000004,62.83142857142857,62.388571428571424
2019-05-06,62.96,61.88,63.08,60.92,577030.0,-0.020499999999999997,62.84285714285714,62.667142857142856
2019-05-07,61.14,62.82,62.82,60.34,731280.0,-0.028900000000000002,62.71714285714286,62.730000000000004
2019-05-08,61.48,60.98,61.64,60.34,481010.0,0.005600000000000001,62.622857142857136,62.77428571428572
2019-05-09,60.1,60.56,60.9,59.54,637240.0,-0.022400000000000003,62.32285714285714,62.64428571428572
2019-05-10,59.58,60.62,61.26,58.82,670010.0,-0.0087,62.0,62.36428571428571
2019-05-13,57.98,59.16,59.16,57.38,627300.0,-0.0269,61.074285714285715,61.895714285714284
2019-05-14,58.9,59.16,59.36,58.16,581320.0,0.0159,60.30571428571428,61.568571428571424
2019-05-15,60.82,58.98,62.0,58.08,792240.0,0.0326,60.0,61.42142857142857
2019-05-16,60.32,61.0,61.32,59.5,620980.0,-0.008199999999999999,59.882857142857134,61.3
2019-05-17,59.6,60.12,60.12,58.94,621020.0,-0.011899999999999999,59.614285714285714,61.11857142857143
2019-05-20,58.28,59.26,59.46,57.7,555610.0,-0.022099999999999998,59.354285714285716,60.83857142857143
2019-05-21,58.44,58.98,59.24,57.52,395830.0,0.0027,59.191428571428574,60.59571428571429
2019-05-22,57.62,58.54,58.68,57.4,385920.0,-0.013999999999999999,59.13999999999999,60.107142857142854
2019-05-23,56.8,57.0,57.14,56.12,536010.0,-0.014199999999999999,58.839999999999996,59.57285714285714
2019-05-24,56.84,57.7,58.04,56.8,498950.0,0.0007000000000000001,58.27142857142858,59.135714285714286
2019-05-27,57.48,58.5,58.62,57.02,285340.0,0.0113,57.86571428571428,58.87428571428571
2019-05-28,58.02,57.6,58.5,57.2,639770.0,0.009399999999999999,57.64,58.62714285714286
2019-05-29,57.16,57.18,57.62,56.74,315390.0,-0.0148,57.480000000000004,58.41714285714285
2019-05-30,57.06,57.4,57.74,56.8,192440.0,-0.0017000000000000001,57.28285714285714,58.237142857142864
2019-05-31,55.78,56.0,56.14,54.9,780880.0,-0.022400000000000003,57.02,58.08
2019-06-03,55.6,55.18,55.84,54.88,421840.0,-0.0032,56.848571428571425,57.84428571428572
2019-06-04,57.46,55.58,57.92,55.28,729370.0,0.0335,56.93714285714286,57.604285714285716
2019-06-05,57.08,57.58,58.1,56.76,481960.0,-0.0066,56.88,57.37285714285714
2019-06-06,56.74,56.82,57.7,56.14,432020.0,-0.006,56.69714285714286,57.16857142857143
2019-06-07,56.5,57.2,57.24,56.22,309220.0,-0.0042,56.60285714285715,57.04142857142857
2019-06-11,57.26,57.3,57.8,56.96,610490.0,0.013500000000000002,56.63142857142857,56.957142857142856
2019-06-12,56.52,56.98,57.16,56.1,698020.0,-0.0129,56.73714285714285,56.878571428571426
2019-06-13,57.02,56.24,57.26,55.8,366820.0,0.0088,56.940000000000005,56.89428571428572
2019-06-14,56.18,56.4,56.68,55.72,339850.0,-0.0147,56.75714285714285,56.847142857142856
2019-06-17,56.14,56.4,56.72,55.94,265910.0,-0.0007000000000000001,56.62285714285714,56.75142857142857
2019-06-18,57.34,56.28,57.58,55.6,424860.0,0.021400000000000002,56.708571428571425,56.70285714285715
2019-06-19,57.72,57.5,57.9,57.16,382960.0,0.0066,56.88285714285714,56.74285714285715
2019-06-20,58.3,58.16,59.06,58.16,543790.0,0.01,57.03142857142858,56.83142857142857
2019-06-21,58.0,58.2,58.88,57.96,548010.0,-0.0051,57.24285714285715,56.99
2019-06-24,58.22,57.66,58.22,57.36,291120.0,0.0038,57.41428571428571,57.17714285714286
2019-06-25,57.72,57.78,58.32,57.54,308660.0,-0.0086,57.634285714285724,57.19571428571429
2019-06-26,58.24,57.52,58.5,57.42,382740.0,0.009000000000000001,57.93428571428571,57.278571428571425
2019-06-27,58.04,58.76,59.22,57.96,356930.0,-0.0034000000000000002,58.034285714285716,57.371428571428574
2019-06-28,57.14,56.66,57.18,56.08,579800.0,-0.0155,57.951428571428565,57.417142857142856
2019-07-01,57.82,58.88,58.98,57.6,458960.0,0.011899999999999999,57.88285714285714,57.457142857142856
2019-07-02,57.96,58.08,58.28,57.16,324740.0,0.0024,57.87714285714286,57.56
2019-07-03,59.08,58.22,59.44,57.84,466220.0,0.019299999999999998,58.0,57.707142857142856
2019-07-04,59.24,59.18,59.66,59.16,230760.0,0.0027,58.21714285714285,57.925714285714285
2019-07-05,59.14,59.24,59.3,58.56,239100.0,-0.0017000000000000001,58.34571428571429,58.14
2019-07-08,59.14,58.56,60.26,58.54,468800.0,0.0,58.50285714285714,58.26857142857143
2019-07-09,59.06,58.46,59.08,57.94,352450.0,-0.0014000000000000002,58.777142857142856,58.36428571428571
2019-07-10,58.9,59.0,60.08,58.78,469420.0,-0.0027,58.931428571428576,58.40714285714286
2019-07-11,58.88,59.44,59.44,58.48,417230.0,-0.0003,59.06285714285714,58.470000000000006
2019-07-12,60.54,58.0,60.74,58.0,893340.0,0.0282,59.271428571428565,58.635714285714286
2019-07-15,60.6,60.48,61.32,60.4,478910.0,0.001,59.465714285714284,58.84142857142858
2019-07-16,61.42,60.88,61.42,60.36,537010.0,0.013500000000000002,59.791428571428575,59.06857142857143
2019-07-17,60.36,61.04,61.48,60.14,440640.0,-0.0173,59.96571428571429,59.23428571428571
2019-07-18,59.36,59.9,60.22,59.16,538520.0,-0.0166,60.00857142857143,59.392857142857146
2019-07-19,59.42,59.58,60.36,59.3,438440.0,0.001,60.082857142857144,59.50714285714286
2019-07-22,59.54,59.6,60.44,59.36,330130.0,0.002,60.17714285714286,59.620000000000005
2019-07-23,62.08,59.56,62.28,59.56,823330.0,0.042699999999999995,60.39714285714286,59.83428571428571
2019-07-24,63.18,61.96,63.4,61.66,748980.0,0.0177,60.76571428571429,60.11571428571428
2019-07-25,62.0,64.0,64.2,60.8,995760.0,-0.0187,60.848571428571425,60.32
2019-07-26,62.02,61.62,62.44,61.5,373360.0,0.0003,61.08571428571428,60.52571428571429
2019-07-29,61.08,61.62,61.64,60.52,378830.0,-0.0152,61.33142857142858,60.67000000000001
2019-07-30,59.82,61.08,61.18,59.52,493710.0,-0.0206,61.38857142857143,60.73571428571428
2019-07-31,59.68,59.68,60.6,59.64,381100.0,-0.0023,61.40857142857143,60.79285714285714
2019-08-01,59.84,59.6,59.98,59.02,298600.0,0.0027,61.08857142857143,60.74285714285714
2019-08-02,58.12,58.02,58.26,56.9,690820.0,-0.0287,60.36571428571428,60.565714285714286
2019-08-05,57.0,57.1,57.68,55.94,675410.0,-0.019299999999999998,59.651428571428575,60.25
2019-08-06,57.16,57.16,57.76,56.62,417340.0,0.0028000000000000004,58.957142857142856,60.021428571428565
2019-08-07,57.62,57.88,58.0,56.66,406790.0,0.008,58.462857142857146,59.89714285714285
2019-08-08,58.08,58.44,58.48,57.4,356990.0,0.008,58.214285714285715,59.80142857142857
2019-08-09,56.78,58.1,58.12,56.38,368200.0,-0.022400000000000003,57.800000000000004,59.60428571428571
2019-08-12,56.7,57.04,57.52,56.28,307550.0,-0.0014000000000000002,57.35142857142857,59.220000000000006
2019-08-13,57.26,56.4,58.1,55.68,520289.99999999994,0.009899999999999999,57.22857142857142,58.79714285714285
2019-08-14,56.38,57.46,57.46,55.7,397390.0,-0.0154,57.14,58.395714285714284
2019-08-15,54.58,56.58,56.78,53.6,1070000.0,-0.0319,56.77142857142858,57.864285714285714
2019-08-16,55.1,54.82,55.18,54.42,405090.0,0.0095,56.41142857142857,57.43714285714285
2019-08-19,55.88,55.84,56.58,55.6,384020.0,0.014199999999999999,56.09714285714285,57.15571428571429
2019-08-20,55.26,55.66,56.06,54.96,329590.0,-0.0111,55.88,56.839999999999996
2019-08-21,56.34,55.56,56.76,55.36,493900.0,0.0195,55.82857142857143,56.589999999999996
2019-08-22,56.28,56.02,57.0,56.0,260320.0,-0.0011,55.688571428571436,56.45857142857143
2019-08-23,55.66,57.0,57.08,55.5,362680.0,-0.011000000000000001,55.58571428571429,56.362857142857145
2019-08-26,55.54,55.5,56.2,55.2,410860.0,-0.0022,55.722857142857144,56.24714285714286
2019-08-27,56.0,55.88,56.5,55.3,489690.0,0.0083,55.85142857142858,56.13142857142857
2019-08-28,56.02,56.02,56.5,55.42,327030.0,0.0004,55.871428571428574,55.98428571428571
2019-08-29,56.38,55.58,56.98,55.36,313640.0,0.0064,56.03142857142857,55.955714285714286
2019-08-30,57.06,56.58,57.82,56.58,403940.0,0.0121,56.13428571428572,55.98142857142857
2019-09-02,57.38,57.2,57.46,56.56,299410.0,0.005600000000000001,56.29142857142857,55.99
2019-09-03,57.32,57.42,57.52,56.9,217670.0,-0.001,56.52857142857143,56.05714285714286
2019-09-04,58.28,57.86,58.76,57.64,358510.0,0.0167,56.92,56.32142857142857
2019-09-05,60.12,58.8,60.18,58.8,801760.0,0.0316,57.50857142857143,56.68000000000001
2019-09-06,59.94,60.28,60.66,59.5,393630.0,-0.003,58.06857142857143,56.970000000000006
2019-09-09,60.66,60.0,61.04,59.84,411770.0,0.012,58.68,57.35571428571428
2019-09-10,60.54,60.76,61.24,60.34,555290.0,-0.002,59.17714285714286,57.65571428571429
2019-09-11,60.32,61.24,61.84,60.2,467490.0,-0.0036,59.597142857142856,57.944285714285705
2019-09-12,60.4,60.3,61.18,59.84,492380.0,0.0013,60.037142857142854,58.28285714285715
2019-09-13,61.84,60.6,61.84,60.6,470090.0,0.023799999999999998,60.54571428571428,58.73285714285714
2019-09-16,61.46,61.1,61.86,60.76,283190.0,-0.0060999999999999995,60.73714285714285,59.12285714285714
2019-09-17,60.9,61.04,61.32,59.78,427160.0,-0.0091,60.87428571428571,59.471428571428575
2019-09-18,60.84,60.5,61.2,60.3,393760.0,-0.001,60.9,59.790000000000006
2019-09-19,61.26,60.6,61.3,60.52,444100.0,0.0069,61.00285714285714,60.089999999999996
2019-09-20,62.06,60.98,62.14,60.94,570870.0,0.0131,61.25142857142857,60.42428571428571
2019-09-23,60.52,61.58,61.72,60.14,404740.0,-0.0248,61.268571428571434,60.652857142857144
2019-09-24,59.0,60.46,60.72,58.24,768260.0,-0.025099999999999997,60.862857142857145,60.70428571428572
2019-09-25,59.04,58.34,59.1,57.9,425730.0,0.0007000000000000001,60.51714285714286,60.62714285714286
2019-09-26,58.6,59.0,59.74,58.38,383100.0,-0.0075,60.18857142857143,60.53142857142858
2019-09-27,58.68,58.42,58.98,58.22,363660.0,0.0014000000000000002,59.88,60.39
2019-09-30,59.7,58.6,59.82,58.3,559630.0,0.0174,59.65714285714286,60.33
2019-10-01,59.34,59.94,60.6,59.3,407510.0,-0.006,59.268571428571434,60.260000000000005
2019-10-02,57.88,59.22,59.24,57.86,468740.0,-0.0246,58.89142857142857,60.08
2019-10-04,58.12,57.82,58.12,57.02,618880.0,0.0040999999999999995,58.76571428571429,59.814285714285724
2019-10-07,58.14,58.24,58.24,57.2,320990.0,0.0003,58.63714285714286,59.57714285714286
2019-10-08,57.94,58.48,58.5,57.28,385190.0,-0.0034000000000000002,58.542857142857144,59.36571428571428
2019-10-09,59.14,57.7,59.26,57.62,601820.0,0.0207,58.60857142857143,59.24428571428571
2019-10-10,60.22,59.74,60.5,59.4,611120.0,0.0183,58.682857142857145,59.17
2019-10-11,62.16,60.88,62.2,60.64,602490.0,0.0322,59.08571428571428,59.17714285714286
2019-10-14,63.12,62.04,63.12,61.62,607050.0,0.0154,59.83428571428571,59.36285714285714
2019-10-15,64.02,63.4,64.04,62.8,585090.0,0.0143,60.67714285714285,59.72142857142857
2019-10-16,64.78,63.9,65.1,63.78,647620.0,0.011899999999999999,61.62571428571429,60.13142857142857
2019-10-17,65.66,64.52,66.2,64.52,663200.0,0.013600000000000001,62.72857142857142,60.635714285714286
2019-10-18,65.36,64.4,65.68,63.78,656220.0,-0.0046,63.61714285714286,61.112857142857145
2019-10-21,65.72,65.28,66.4,65.14,380200.0,0.0055000000000000005,64.40285714285713,61.54285714285714
2019-10-22,65.82,65.74,66.1,65.38,485880.0,0.0015,64.92571428571429,62.005714285714284
2019-10-23,65.4,65.14,65.92,64.94,366980.0,-0.0064,65.25142857142858,62.54285714285714
2019-10-24,66.08,65.6,66.54,65.58,448870.0,0.0104,65.54571428571428,63.11142857142857
2019-10-25,65.74,66.1,66.84,65.34,398020.0,-0.0051,65.68285714285715,63.65428571428571
2019-10-28,67.4,66.12,67.64,66.12,541080.0,0.0253,65.93142857142857,64.33
2019-10-29,67.3,67.0,67.66,66.78,642610.0,-0.0015,66.20857142857143,64.91285714285713
2019-10-30,67.52,68.0,68.3,66.7,671110.0,0.0033,66.46571428571428,65.4342857142857
2019-10-31,66.0,67.2,67.24,65.34,572980.0,-0.0225,66.49142857142856,65.70857142857143
2019-11-01,66.56,65.98,66.8,65.96,327640.0,0.0085,66.65714285714286,65.95428571428572
2019-11-04,68.54,67.46,68.88,67.46,669030.0,0.0297,67.00857142857143,66.27714285714286
2019-11-05,68.36,68.6,68.96,68.12,509930.0,-0.0026,67.38285714285715,66.53285714285714
2019-11-06,68.52,68.5,68.7,67.94,336660.0,0.0023,67.54285714285713,66.73714285714286
2019-11-07,70.0,68.74,70.0,68.74,627120.0,0.0216,67.92857142857143,67.06857142857142
2019-11-08,68.96,69.72,69.8,68.68,368190.0,-0.0149,68.13428571428572,67.3
2019-11-11,68.84,68.6,69.06,68.02,430580.0,-0.0017000000000000001,68.54,67.51571428571428
2019-11-12,69.28,68.78,69.44,68.58,490340.0,0.0064,68.92857142857143,67.79285714285714
2019-11-13,68.72,68.32,68.96,68.06,415460.0,-0.008100000000000001,68.95428571428572,67.98142857142857
2019-11-14,68.72,68.8,69.32,68.12,452670.0,0.0,69.00571428571428,68.19428571428571
2019-11-15,69.24,68.88,69.4,68.54,373260.0,0.0076,69.10857142857142,68.32571428571428
2019-11-18,66.86,69.4,69.42,66.24,665230.0,-0.0344,68.66,68.29428571428572
2019-11-19,67.54,67.04,68.32,67.04,535280.0,0.0102,68.45714285714286,68.29571428571428
2019-11-20,67.14,67.18,67.42,66.66,255040.0,-0.0059,68.21428571428571,68.37714285714286
2019-11-21,67.38,66.52,67.68,66.3,367660.0,0.0036,67.94285714285715,68.43571428571428
2019-11-22,67.24,67.48,68.1,67.16,318070.0,-0.0021,67.73142857142857,68.34285714285714
2019-11-25,67.88,68.0,68.18,67.18,302780.0,0.0095,67.61142857142856,68.30857142857143
2019-11-26,68.04,67.9,68.2,67.52,475600.0,0.0024,67.44000000000001,68.27428571428571
2019-11-27,68.24,68.1,68.52,67.84,272320.0,0.0029,67.63714285714285,68.14857142857143
2019-11-28,68.16,68.02,68.54,67.64,206360.0,-0.0012,67.72571428571429,68.09142857142857
2019-11-29,67.18,67.5,68.1,67.12,225660.0,-0.0144,67.73142857142857,67.97285714285714
2019-12-02,66.86,67.56,68.16,66.82,335760.0,-0.0048,67.65714285714286,67.8
2019-12-03,66.7,66.96,67.66,66.3,341280.0,-0.0024,67.58,67.65571428571428
2019-12-04,67.2,66.32,67.62,66.32,402460.0,0.0075,67.48285714285714,67.54714285714286
2019-12-05,67.1,66.96,67.66,66.88,238100.0,-0.0015,67.34857142857143,67.39428571428572
2019-12-06,67.48,67.02,67.6,66.62,240720.0,0.005699999999999999,67.24,67.43857142857142
2019-12-09,66.6,67.38,67.74,66.58,291390.0,-0.013000000000000001,67.01714285714286,67.37142857142857
2019-12-10,66.38,66.12,66.38,65.2,359160.0,-0.0033,66.90285714285714,67.31714285714285
2019-12-11,66.84,66.38,67.1,66.3,330690.0,0.0069,66.9,67.27857142857142
2019-12-12,67.82,67.1,68.2,66.7,373850.0,0.0147,67.05999999999999,67.32
2019-12-13,68.88,68.82,70.18,68.58,621790.0,0.015600000000000001,67.3,67.39142857142856
2019-12-16,68.66,68.72,68.9,67.72,271100.0,-0.0032,67.52285714285715,67.43571428571428
2019-12-17,68.08,68.58,68.6,67.72,318260.0,-0.0084,67.60857142857142,67.42428571428572
2019-12-18,67.98,68.12,68.26,67.38,354110.0,-0.0015,67.80571428571429,67.41142857142857
2019-12-19,67.62,67.9,68.26,66.74,420200.0,-0.0053,67.98285714285714,67.44285714285714
2019-12-20,67.54,67.2,67.88,66.98,533730.0,-0.0012,68.08285714285715,67.49142857142856
2019-12-23,67.24,67.5,67.5,66.56,174890.0,-0.0044,68.0,67.53
2019-12-27,67.2,67.3,67.46,66.94,151260.0,-0.0006,67.76,67.53
2019-12-30,66.64,66.98,67.04,66.42,179130.0,-0.0083,67.47142857142858,67.49714285714285
2020-01-02,67.68,66.48,68.2,66.4,308910.0,0.015600000000000001,67.41428571428573,67.51142857142858
2020-01-03,67.02,67.14,67.38,66.1,307610.0,-0.0098,67.27714285714286,67.54142857142857
2020-01-06,66.7,66.48,66.78,65.58,336480.0,-0.0048,67.14571428571428,67.56428571428572
2020-01-07,67.52,67.1,67.66,66.96,323300.0,0.0123,67.14285714285714,67.61285714285714
2020-01-08,67.66,67.06,67.76,66.6,301490.0,0.0021,67.20285714285714,67.60142857142857
2020-01-09,68.92,68.5,69.56,67.9,474970.0,0.018600000000000002,67.44857142857144,67.60428571428572
2020-01-10,69.86,68.56,70.66,68.56,525600.0,0.013600000000000001,67.90857142857143,67.69
2020-01-13,69.52,69.8,70.06,69.36,322280.0,-0.0049,68.17142857142856,67.79285714285714
2020-01-14,69.3,69.74,69.74,68.82,407300.0,-0.0032,68.49714285714286,67.88714285714286
2020-01-15,68.26,69.0,69.3,67.76,492770.0,-0.015,68.72,67.93285714285715
2020-01-16,67.84,67.9,68.1,66.58,476760.0,-0.0062,68.76571428571428,67.9542857142857
2020-01-17,67.74,68.16,68.62,67.58,360360.0,-0.0015,68.77714285714286,67.99
2020-01-20,67.96,67.7,68.4,67.46,224120.0,0.0032,68.64,68.04428571428572
2020-01-21,67.92,67.12,68.44,67.02,313780.0,-0.0006,68.36285714285715,68.13571428571429
2020-01-22,67.06,68.14,68.68,67.06,444920.0,-0.0127,68.01142857142857,68.09142857142857
2020-01-23,66.54,66.86,67.2,66.06,397800.0,-0.0078000000000000005,67.61714285714285,68.05714285714285
2020-01-24,66.58,66.9,67.48,66.4,284160.0,0.0006,67.37714285714286,68.04857142857144
2020-01-27,64.22,65.5,65.78,63.9,681560.0,-0.0354,66.86,67.81285714285715
2020-01-28,64.24,64.52,64.68,63.54,402230.0,0.0003,66.36,67.56857142857142
2020-01-29,63.62,64.24,64.88,63.62,374420.0,-0.0097,65.74,67.19
2020-01-30,61.92,63.26,63.58,61.8,720380.0,-0.026699999999999998,64.88285714285715,66.62285714285714
2020-01-31,61.14,61.6,62.34,61.06,480590.0,-0.0126,64.03714285714285,66.02428571428571
2020-02-03,61.66,61.48,61.86,60.82,438280.0,0.0085,63.339999999999996,65.47857142857143
2020-02-04,63.18,62.2,63.18,61.34,590800.0,0.024700000000000003,62.854285714285716,65.11571428571428
2020-02-05,64.3,63.3,64.76,62.76,480550.0,0.0177,62.865714285714276,64.86285714285715
2020-02-06,64.46,64.94,65.16,64.26,289050.0,0.0025,62.89714285714285,64.62857142857142
2020-02-07,63.48,63.98,64.08,62.78,416660.0,-0.0152,62.87714285714286,64.30857142857143
2020-02-10,62.54,63.16,63.6,62.22,314790.0,-0.0148,62.965714285714284,63.924285714285716
2020-02-11,63.4,63.36,64.16,62.76,378400.0,0.0138,63.28857142857142,63.66285714285714
2020-02-12,65.64,63.66,65.98,63.66,508850.0,0.0353,63.857142857142854,63.598571428571425
2020-02-13,65.92,65.3,65.92,64.56,497430.0,0.0043,64.24857142857142,63.551428571428566
2020-02-14,65.0,65.9,66.24,64.74,404380.0,-0.013999999999999999,64.34857142857143,63.607142857142854
2020-02-17,65.44,65.8,66.18,65.26,320060.0,0.0068000000000000005,64.48857142857143,63.69285714285714
2020-02-18,64.4,64.5,65.32,63.74,368390.0,-0.0159,64.62,63.74857142857143
2020-02-19,64.98,64.8,65.02,64.08,277720.0,0.009000000000000001,64.96857142857142,63.96714285714285
2020-02-20,64.16,64.74,65.54,64.16,444840.0,-0.0126,65.07714285714286,64.18285714285715
2020-02-21,63.42,63.5,64.42,62.86,446620.0,-0.0115,64.76,64.30857142857143
2020-02-24,59.82,61.4,61.4,59.2,916690.0,-0.056799999999999996,63.88857142857143,64.06857142857143
2020-02-25,58.98,60.0,60.3,58.58,596710.0,-0.013999999999999999,63.02857142857143,63.68857142857143
2020-02-26,59.18,57.98,59.7,57.22,702850.0,0.0034000000000000002,62.13428571428572,63.31142857142857
2020-02-27,57.0,57.72,58.3,56.26,842430.0,-0.0368,61.07714285714285,62.848571428571425
2020-02-28,56.28,55.1,56.8,53.54,1490000.0,-0.0126,59.83428571428571,62.401428571428575
2020-03-02,56.22,57.58,58.14,55.82,860980.0,-0.0011,58.699999999999996,61.888571428571424
2020-03-03,56.76,57.3,58.82,56.76,672790.0,0.0096,57.74857142857143,61.25428571428571
2020-03-04,57.7,57.0,58.2,56.82,732940.0,0.0166,57.44571428571429,60.667142857142856
2020-03-05,56.3,57.98,58.06,55.82,516669.99999999994,-0.024300000000000002,57.06285714285713,60.04571428571429
2020-03-06,54.72,55.0,55.56,53.74,606860.0,-0.0281,56.425714285714285,59.279999999999994
2020-03-09,49.59,51.0,51.94,49.42,1190000.0,-0.09380000000000001,55.367142857142866,58.222142857142856
2020-03-10,49.3,50.0,52.98,49.25,774360.0,-0.0058,54.37,57.10214285714285
2020-03-11,48.84,50.0,50.9,48.33,863200.0,-0.009300000000000001,53.31571428571429,56.00785714285714
2020-03-12,40.47,45.6,46.0,40.0,1670000.0,-0.1714,50.98857142857143,54.36857142857143
2020-03-13,39.67,41.98,43.93,38.67,1340000.0,-0.019799999999999998,48.41285714285714,52.92928571428571
2020-03-16,36.26,37.4,37.7,33.5,1940000.0,-0.086,45.550000000000004,51.30642857142857
2020-03-17,35.64,37.5,37.68,33.65,1210000.0,-0.0171,42.824285714285715,49.625
2020-03-18,30.32,34.07,34.17,29.89,1830000.0,-0.1493,40.07142857142857,47.71928571428572
2020-03-19,30.27,31.0,31.73,28.28,1760000.0,-0.0016,37.35285714285714,45.86142857142857
2020-03-20,33.7,31.5,34.28,31.13,1650000.0,0.1133,35.190000000000005,44.252857142857145
2020-03-23,32.46,32.5,33.58,31.2,1060000.0,-0.0368,34.04571428571429,42.51714285714285
2020-03-24,37.85,34.56,37.85,33.11,1380000.0,0.1661,33.785714285714285,41.09928571428571
2020-03-25,39.6,40.58,41.53,37.19,1350000.0,0.0462,34.26285714285714,39.90642857142857
2020-03-26,40.79,39.25,40.79,38.02,782550.0,0.0301,34.99857142857143,38.91142857142857
2020-03-27,37.92,40.11,40.39,37.68,715570.0,-0.0704,36.08428571428571,38.07785714285715
2020-03-30,37.56,37.93,38.0,35.86,899110.0,-0.0095,37.12571428571429,37.239285714285714
2020-03-31,38.68,38.57,39.16,37.54,760350.0,0.0298,37.83714285714286,36.51357142857143
2020-04-01,36.76,37.48,37.87,36.5,765040.0,-0.0496,38.451428571428565,36.24857142857143
2020-04-02,36.64,36.8,37.58,35.68,762300.0,-0.0033,38.278571428571425,36.03214285714286
2020-04-03,35.44,36.27,36.61,35.42,694940.0,-0.032799999999999996,37.684285714285714,35.973571428571425
2020-04-06,40.3,37.58,40.75,36.97,1210000.0,0.1371,37.61428571428571,36.30642857142857
2020-04-07,41.6,43.11,43.37,40.69,1090000.0,0.0323,38.14,37.112142857142864
2020-04-08,42.53,41.45,43.36,40.56,947140.0,0.022400000000000003,38.85,37.987857142857145
2020-04-09,44.25,43.83,45.77,43.39,856560.0,0.0404,39.645714285714284,38.74142857142857
2020-04-14,44.47,46.0,46.38,44.43,636980.0,0.005,40.74714285714286,39.59928571428571
2020-04-15,42.16,44.8,44.9,41.85,950590.0,-0.0519,41.535714285714285,39.90714285714285
2020-04-16,41.91,43.0,43.43,41.58,858770.0,-0.0059,42.46,40.07214285714286
2020-04-17,43.68,43.5,44.41,42.95,843870.0,0.042199999999999994,42.94285714285714,40.278571428571425
2020-04-20,43.66,44.03,44.6,42.71,524970.0,-0.0005,43.23714285714285,40.68857142857143
2020-04-21,40.95,42.69,42.95,40.8,689030.0,-0.0621,43.01142857142857,40.93071428571428
2020-04-22,41.72,41.2,42.09,40.74,491910.0,0.018799999999999997,42.65,41.14785714285715
2020-04-23,43.01,42.0,43.79,41.8,475770.0,0.030899999999999997,42.44142857142857,41.59428571428572
2020-04-24,42.2,42.01,43.49,41.35,406230.0,-0.018799999999999997,42.44714285714286,41.99142857142857
2020-04-27,43.53,43.2,43.6,42.89,362740.0,0.0315,42.67857142857143,42.56928571428572
2020-04-28,44.82,43.52,45.86,43.52,942160.0,0.0296,42.84142857142857,42.89214285714286
2020-04-29,47.74,45.0,48.44,44.9,1030000.0,0.06509999999999999,43.424285714285716,43.330714285714286
2020-04-30,46.03,48.3,49.07,45.05,771140.0,-0.0358,44.15,43.580714285714286
2020-05-04,43.64,44.8,44.8,43.3,712950.0,-0.0519,44.424285714285716,43.537142857142854
2020-05-05,45.7,44.94,45.8,44.2,554440.0,0.0472,44.80857142857143,43.625
2020-05-06,45.31,45.93,46.32,45.24,554640.0,-0.0085,45.25285714285714,43.85000000000001
2020-05-07,45.99,45.99,47.19,45.9,580310.0,0.015,45.604285714285716,44.14142857142857
2020-05-08,47.0,46.93,47.29,46.34,468980.0,0.022000000000000002,45.91571428571429,44.378571428571426
2020-05-11,46.05,47.3,47.95,45.85,506190.0,-0.0202,45.674285714285716,44.549285714285716
2020-05-12,46.29,46.17,47.0,45.6,424920.0,0.0052,45.71142857142856,44.93071428571428
2020-05-13,42.85,45.5,45.79,42.4,1290000.0,-0.07429999999999999,45.598571428571425,45.01142857142857
2020-05-14,41.25,42.0,42.48,39.52,1170000.0,-0.0373,44.962857142857146,44.885714285714286
2020-05-15,42.47,42.06,43.08,41.31,768950.0,0.0296,44.55714285714286,44.90500000000001
2020-05-18,45.55,44.06,45.84,43.69,745370.0,0.0725,44.49428571428571,45.04928571428571
2020-05-19,45.69,46.0,46.5,44.49,598490.0,0.0031,44.30714285714286,45.111428571428576
2020-05-20,46.14,45.61,46.67,44.23,715950.0,0.0098,44.32,44.99714285714286
2020-05-21,45.8,45.98,47.03,45.15,438140.0,-0.0074,44.25,44.980714285714285
2020-05-22,46.56,45.0,47.64,44.61,731160.0,0.0166,44.779999999999994,45.189285714285724
2020-05-25,47.4,47.19,47.4,46.2,245300.0,0.018000000000000002,45.65857142857143,45.31071428571429
2020-05-26,49.24,47.96,49.52,47.67,747060.0,0.0388,46.62571428571429,45.59142857142857
2020-05-27,50.8,49.38,52.3,49.3,993370.0,0.0317,47.37571428571429,45.934999999999995
2020-05-28,50.78,51.72,52.14,49.02,714480.0,-0.0004,48.10285714285715,46.20499999999999
2020-05-29,48.91,49.22,50.16,48.51,847120.0,-0.0368,48.49857142857143,46.409285714285716
2020-06-02,50.86,50.12,52.52,49.96,742800.0,0.039900000000000005,49.221428571428575,46.73571428571428
2020-06-03,52.64,51.58,52.74,51.48,575530.0,0.035,50.089999999999996,47.435
2020-06-04,52.04,51.16,53.2,50.52,686020.0,-0.011399999999999999,50.75285714285714,48.205714285714286
2020-06-05,55.16,53.12,55.16,52.96,947520.0,0.06,51.59857142857142,49.11214285714285
2020-06-08,55.46,55.02,57.3,55.02,912510.0,0.0054,52.26428571428572,49.82
2020-06-09,53.56,55.8,56.38,52.14,1040000.0,-0.034300000000000004,52.66142857142857,50.38214285714285
2020-06-10,53.02,53.9,54.54,52.0,872850.0,-0.0101,53.24857142857143,50.87357142857143
2020-06-11,49.01,51.62,51.72,49.01,1120000.0,-0.0756,52.98428571428571,51.10285714285715
2020-06-12,50.12,48.94,51.16,48.21,963970.0,0.0226,52.62428571428571,51.357142857142854
2020-06-15,50.74,48.53,51.3,48.01,656660.0,0.0124,52.43857142857143,51.59571428571428
2020-06-16,51.82,52.52,52.66,50.68,851100.0,0.0213,51.96142857142858,51.779999999999994
2020-06-17,51.22,51.9,52.52,50.56,949130.0,-0.0116,51.355714285714285,51.81
2020-06-18,51.5,50.98,52.32,50.8,691890.0,0.0055000000000000005,51.06142857142857,51.861428571428576
2020-06-19,51.66,51.8,52.48,49.95,4350000.0,0.0031,50.86714285714286,52.05785714285714
2020-06-22,50.92,50.82,51.74,50.1,546400.0,-0.0143,51.14,52.06214285714286
2020-06-23,52.4,51.76,53.12,51.26,761280.0,0.0291,51.465714285714284,52.045
2020-06-24,49.18,52.28,53.04,49.18,782030.0,-0.061500000000000006,51.24285714285714,51.840714285714284
2020-06-25,50.3,49.07,50.7,48.4,500210.0,0.022799999999999997,51.02571428571429,51.49357142857143
2020-06-26,50.6,50.7,52.0,50.08,532780.0,0.006,50.93714285714285,51.146428571428565
2020-06-29,51.02,49.94,51.5,49.79,462930.0,0.0083,50.86857142857143,50.964999999999996
2020-06-30,51.16,52.3,52.3,49.98,533020.0,0.0027,50.79714285714285,50.832142857142856
2020-07-01,51.62,50.52,52.34,50.38,595790.0,0.009000000000000001,50.89714285714285,51.01857142857143
2020-07-02,53.0,52.0,53.32,51.7,560080.0,0.026699999999999998,50.98285714285714,51.22428571428571
2020-07-03,52.42,53.22,53.66,52.06,269630.0,-0.0109,51.44571428571429,51.34428571428572
2020-07-06,53.48,53.6,54.36,52.68,482150.0,0.0202,51.9,51.462857142857146
2020-07-07,53.0,53.0,53.7,52.46,348230.0,-0.009000000000000001,52.24285714285715,51.589999999999996
2020-07-08,51.82,52.68,53.2,51.82,286560.0,-0.0223,52.357142857142854,51.61285714285714
2020-07-09,52.04,52.0,52.98,51.9,395950.0,0.0042,52.48285714285714,51.64
2020-07-10,53.92,51.5,54.06,51.28,535730.0,0.0361,52.81142857142857,51.854285714285716
2020-07-13,53.88,54.4,55.02,53.54,338930.0,-0.0007000000000000001,52.93714285714286,51.959999999999994
2020-07-14,53.24,53.44,54.26,52.86,463650.0,-0.011899999999999999,53.05428571428571,52.25
2020-07-15,54.24,53.7,54.8,53.7,431670.0,0.018799999999999997,53.16285714285714,52.53142857142858
2020-07-16,53.76,53.62,54.56,53.34,446720.0,-0.0088,53.271428571428565,52.75714285714286
2020-07-17,54.34,54.58,55.14,54.14,611810.0,0.0108,53.63142857142857,52.994285714285716
2020-07-20,54.04,54.0,54.24,53.44,475700.0,-0.0055000000000000005,53.917142857142856,53.199999999999996
2020-07-21,54.84,54.58,56.06,54.5,530840.0,0.0148,54.048571428571435,53.43
2020-07-22,54.6,54.84,55.28,53.64,332920.0,-0.0044,54.151428571428575,53.544285714285714
2020-07-23,55.08,54.9,55.76,54.54,465840.0,0.0088,54.41428571428572,53.73428571428571
2020-07-24,53.74,54.22,54.4,53.36,374110.0,-0.024300000000000002,54.34285714285714,53.75285714285714
2020-07-27,53.4,53.36,54.02,52.96,316370.0,-0.0063,54.291428571428575,53.78142857142857
2020-07-28,53.06,53.38,54.0,52.56,403700.0,-0.0064,54.10857142857143,53.870000000000005
2020-07-29,52.34,53.24,53.24,51.7,287320.0,-0.013600000000000001,53.86571428571428,53.89142857142857
2020-07-30,49.83,51.7,51.8,48.69,917810.0,-0.048,53.15,53.59928571428571
2020-07-31,48.09,50.4,50.58,48.09,602410.0,-0.0349,52.220000000000006,53.18571428571429
2020-08-03,50.64,48.4,51.32,48.27,651210.0,0.053,51.58571428571428,53.0
2020-08-04,52.24,51.18,52.32,50.66,501210.0,0.0316,51.371428571428574,52.857142857142854
2020-08-05,52.82,52.4,53.48,52.14,491090.0,0.0111,51.28857142857142,52.790000000000006
2020-08-06,51.9,52.92,53.68,51.82,573120.0,-0.0174,51.12285714285714,52.61571428571428
2020-08-07,52.42,52.0,52.46,51.1,334250.0,0.01,51.134285714285724,52.5
2020-08-10,52.02,52.1,52.44,51.26,344590.0,-0.0076,51.44714285714286,52.29857142857143
2020-08-11,53.52,52.78,54.22,52.58,666860.0,0.0288,52.222857142857144,52.221428571428575
2020-08-12,53.7,53.36,54.1,53.2,365960.0,0.0034000000000000002,52.660000000000004,52.12285714285714
2020-08-13,52.98,53.38,54.0,52.92,247200.0,-0.0134,52.76571428571429,52.06857142857143
2020-08-14,52.2,52.64,52.86,51.74,369870.0,-0.0147,52.67714285714286,51.98285714285715
2020-08-17,52.1,52.44,52.84,52.1,213060.0,-0.0019,52.705714285714286,51.91428571428571
2020-08-18,52.02,51.9,52.96,51.6,277770.0,-0.0015,52.64857142857142,51.89142857142857
2020-08-19,52.74,51.64,52.76,51.64,314530.0,0.0138,52.75142857142857,52.09928571428572
2020-08-20,51.54,51.98,52.12,51.3,294550.0,-0.022799999999999997,52.46857142857143,52.34571428571429
2020-08-21,51.18,51.5,52.18,50.56,289870.0,-0.006999999999999999,52.10857142857144,52.38428571428572
2020-08-24,51.84,51.28,52.04,50.76,390150.0,0.0129,51.94571428571429,52.355714285714285
2020-08-25,51.18,52.04,52.4,51.02,367820.0,-0.0127,51.800000000000004,52.23857142857143
2020-08-26,51.92,50.6,52.28,50.6,373770.0,0.014499999999999999,51.77428571428572,52.24
2020-08-27,52.44,52.0,53.04,51.98,375580.0,0.01,51.83428571428572,52.24142857142857
2020-08-28,52.0,52.38,52.82,51.7,265460.0,-0.0084,51.728571428571435,52.24
2020-08-31,51.3,52.1,52.96,51.3,443370.0,-0.013500000000000002,51.69428571428572,52.08142857142857
2020-09-01,51.72,52.0,52.74,51.14,384090.0,0.008199999999999999,51.771428571428565,51.940000000000005
2020-09-02,51.66,51.78,52.18,51.32,440750.0,-0.0012,51.74571428571429,51.84571428571429
2020-09-03,52.0,51.9,53.78,51.72,615100.0,0.0066,51.862857142857145,51.83142857142857
2020-09-04,52.28,52.0,53.7,51.92,575870.0,0.0054,51.91428571428571,51.84428571428571
2020-09-07,53.96,53.0,54.4,52.9,520929.99999999994,0.0321,52.131428571428565,51.98285714285714
2020-09-08,54.64,54.36,55.0,53.4,507750.0,0.0126,52.50857142857143,52.11857142857143
2020-09-09,54.4,53.9,54.6,53.8,372560.0,-0.0044,52.951428571428565,52.32285714285714
2020-09-10,54.5,54.3,55.4,54.22,483360.0,0.0018,53.348571428571425,52.56
2020-09-11,54.62,54.4,54.68,53.7,360640.0,0.0022,53.771428571428565,52.75857142857143
2020-09-14,54.24,55.08,55.1,53.9,248070.0,-0.006999999999999999,54.09142857142857,52.97714285714285
2020-09-15,53.86,54.46,54.76,53.44,429580.0,-0.006999999999999999,54.31714285714286,53.11571428571428
2020-09-16,53.8,53.82,54.12,53.06,409380.0,-0.0011,54.29428571428571,53.212857142857146
2020-09-17,53.06,52.8,53.14,52.16,374910.0,-0.0138,54.068571428571424,53.28857142857144
2020-09-18,50.88,53.0,53.0,50.68,933980.0,-0.041100000000000005,53.56571428571429,53.25857142857143
2020-09-21,48.87,50.62,50.68,48.52,740230.0,-0.0395,52.76142857142857,53.055
2020-09-22,49.27,49.2,50.04,48.72,378070.0,0.008199999999999999,51.99714285714286,52.88428571428572
2020-09-23,49.5,50.0,51.14,49.49,511100.0,0.004699999999999999,51.32,52.705714285714286
2020-09-24,49.69,48.83,50.44,48.51,503300.0,0.0038,50.72428571428571,52.520714285714284
2020-09-25,48.9,49.61,49.66,48.3,355090.0,-0.0159,50.02428571428572,52.159285714285716
2020-09-28,51.08,49.89,51.56,49.82,534580.0,0.0446,49.74142857142857,51.904999999999994
2020-09-29,50.82,51.14,51.48,50.52,282470.0,-0.0051,49.73285714285714,51.64928571428572
2020-09-30,50.9,50.4,51.66,50.16,448890.0,0.0016,50.02285714285715,51.39214285714286
2020-10-01,51.3,51.58,51.82,50.42,412900.0,0.0079,50.31285714285714,51.154999999999994
2020-10-02,50.18,50.98,50.98,49.57,492500.0,-0.0218,50.410000000000004,50.865
2020-10-05,49.9,49.03,50.02,48.66,462530.0,-0.005600000000000001,50.44,50.582142857142856
2020-10-06,50.38,50.18,50.6,49.69,406350.0,0.0096,50.651428571428575,50.337857142857146
2020-10-07,50.5,50.3,50.82,49.4,409290.0,0.0024,50.56857142857143,50.154999999999994
2020-10-08,50.32,50.94,51.0,50.06,277670.0,-0.0036,50.497142857142855,50.115
2020-10-09,49.73,50.58,50.58,49.53,352870.0,-0.011699999999999999,50.33,50.176428571428566
2020-10-12,50.04,49.7,50.42,49.23,392080.0,0.0062,50.14999999999999,50.23142857142857
2020-10-13,49.81,49.99,50.32,49.39,293430.0,-0.0046,50.097142857142856,50.253571428571426
2020-10-14,49.51,49.75,50.54,49.45,297190.0,-0.006,50.04142857142857,50.24071428571428
2020-10-15,48.57,48.7,48.7,47.1,677000.0,-0.019,49.78285714285715,50.21714285714285
2020-10-16,49.87,49.2,50.26,48.97,538740.0,0.0268,49.69285714285714,50.13071428571429
2020-10-19,50.48,49.7,50.5,49.66,444730.0,0.012199999999999999,49.715714285714284,50.10642857142857
2020-10-20,49.9,50.4,50.54,49.75,325290.0,-0.0115,49.739999999999995,50.035000000000004
2020-10-21,49.55,49.83,50.52,49.55,443830.0,-0.006999999999999999,49.67,49.910000000000004
2020-10-22,50.04,49.0,50.2,48.42,328410.0,0.009899999999999999,49.70285714285715,49.89999999999999
2020-10-23,50.14,49.95,50.68,49.9,335110.0,0.002,49.79285714285714,49.917142857142856
2020-10-26,48.9,48.51,50.18,48.51,533830.0,-0.024700000000000003,49.839999999999996,49.81142857142857
2020-10-27,47.57,48.75,48.92,47.57,601970.0,-0.027200000000000002,49.51142857142857,49.60214285714285
2020-10-28,44.93,46.6,46.6,44.45,1010000.0,-0.0555,48.71857142857142,49.21714285714285
2020-10-29,45.74,45.3,46.29,44.94,715240.0,0.018000000000000002,48.12428571428571,48.932142857142864
2020-10-30,46.0,45.3,46.21,45.2,521760.0,0.005699999999999999,47.61714285714286,48.64357142857143
2020-11-02,47.13,46.34,47.55,45.63,516799.99999999994,0.0246,47.201428571428565,48.45214285714286
2020-11-03,48.92,47.81,49.02,47.81,417350.0,0.038,47.027142857142856,48.410000000000004
2020-11-04,49.46,47.45,49.51,47.11,445410.0,0.011000000000000001,47.107142857142854,48.473571428571425
2020-11-05,50.84,50.0,51.08,49.76,578130.0,0.0279,47.574285714285715,48.542857142857144
2020-11-06,49.99,51.12,51.26,49.38,524710.0,-0.0167,48.297142857142866,48.507857142857134
2020-11-09,52.84,51.08,53.88,50.74,1200000.0,0.057,49.31142857142858,48.71785714285714
2020-11-10,54.4,52.5,54.48,52.5,1270000.0,0.029500000000000002,50.511428571428574,49.06428571428571
2020-11-11,54.44,54.14,54.92,53.42,781370.0,0.0007000000000000001,51.555714285714295,49.37857142857143
2020-11-12,53.44,54.02,54.22,53.14,490090.0,-0.0184,52.20142857142857,49.61428571428571
2020-11-13,54.84,53.18,54.96,52.92,565610.0,0.0262,52.96999999999999,50.03857142857142
2020-11-16,56.68,55.7,57.08,55.36,907230.0,0.0336,53.80428571428571,50.689285714285724
2020-11-17,56.8,56.52,56.94,56.12,466920.0,0.0021,54.777142857142856,51.537142857142854
2020-11-18,57.24,56.4,57.42,56.06,486040.0,0.0077,55.40571428571429,52.35857142857143
2020-11-19,56.52,56.82,57.18,56.46,543240.0,-0.0126,55.708571428571425,53.11
2020-11-20,56.38,56.52,56.98,56.1,353470.0,-0.0025,55.98571428571428,53.770714285714284
2020-11-23,56.5,56.82,57.34,56.22,379470.0,0.0021,56.42285714285714,54.31214285714286
2020-11-24,58.52,56.76,58.52,56.68,664890.0,0.0358,56.948571428571434,54.95928571428571
2020-11-25,57.4,58.72,58.92,56.62,729820.0,-0.0191,57.05142857142857,55.42785714285714
2020-11-26,55.98,57.68,57.68,55.98,401860.0,-0.024700000000000003,56.934285714285714,55.85571428571428
2020-11-27,55.0,55.5,55.78,54.7,625780.0,-0.0175,56.614285714285714,56.01
2020-11-30,53.3,54.52,54.64,53.3,1100000.0,-0.030899999999999997,56.15428571428572,55.931428571428576
2020-12-01,55.58,53.9,56.02,53.9,582180.0,0.042800000000000005,56.040000000000006,56.012857142857136
2020-12-02,55.34,55.02,55.6,53.98,491990.0,-0.0043,55.87428571428571,56.14857142857143
2020-12-03,55.34,55.18,55.64,54.84,325290.0,0.0,55.42,56.184285714285714
2020-12-04,55.88,55.88,56.56,55.4,440960.0,0.0098,55.20285714285715,56.12714285714286
2020-12-07,55.0,56.0,56.0,54.52,350830.0,-0.015700000000000002,55.06285714285714,55.99857142857143
2020-12-08,54.48,54.62,54.82,53.92,353140.0,-0.0095,54.988571428571426,55.80142857142857
2020-12-09,55.12,54.26,55.8,54.26,482790.0,0.011699999999999999,55.24857142857143,55.70142857142857
2020-12-10,55.04,55.3,55.54,54.74,505100.0,-0.0015,55.17142857142857,55.605714285714285
2020-12-11,54.0,54.92,54.98,53.18,605830.0,-0.0189,54.980000000000004,55.42714285714286
2020-12-14,54.02,54.3,55.14,54.02,380350.0,0.0004,54.79142857142857,55.105714285714285
2020-12-15,57.0,54.58,57.22,54.56,891390.0,0.0552,54.951428571428565,55.07714285714285
2020-12-16,57.96,57.5,59.12,57.5,662430.0,0.0168,55.37428571428571,55.21857142857143
2020-12-17,58.16,58.66,58.66,57.76,563230.0,0.0034999999999999996,55.89999999999999,55.44428571428572
2020-12-18,57.38,58.22,58.42,57.18,679970.0,-0.0134,56.222857142857144,55.73571428571428
2020-12-21,56.16,55.76,56.16,54.46,514809.99999999994,-0.0213,56.38285714285714,55.777142857142856
2020-12-22,56.46,56.38,57.08,55.98,290780.0,0.0053,56.73428571428571,55.857142857142854
2020-12-23,57.42,57.1,57.58,56.6,336000.0,0.017,57.220000000000006,56.005714285714284
2020-12-28,57.82,58.18,58.44,57.7,354920.0,0.006999999999999999,57.33714285714286,56.144285714285715
2020-12-29,57.7,58.14,58.32,57.2,399070.0,-0.0021,57.3,56.33714285714286
2020-12-30,56.4,57.52,57.66,56.4,248460.0,-0.0225,57.048571428571435,56.47428571428571
2021-01-04,56.42,57.68,57.68,55.88,498980.0,0.0004,56.91142857142857,56.567142857142855
2021-01-05,56.36,56.16,57.08,55.54,591280.0,-0.0011,56.94,56.66142857142857
2021-01-06,55.9,57.0,57.7,55.16,741360.0,-0.008199999999999999,56.86000000000001,56.79714285714285
2021-01-07,56.32,56.0,56.76,55.56,539500.0,0.0075,56.70285714285715,56.96142857142858
2021-01-08,55.7,56.52,56.84,55.2,584760.0,-0.011000000000000001,56.4,56.868571428571435
2021-01-11,54.98,55.38,55.5,54.4,473520.0,-0.0129,56.011428571428574,56.65571428571428
2021-01-12,55.68,55.0,55.68,54.06,559490.0,0.0127,55.90857142857143,56.478571428571435
2021-01-13,56.06,55.58,56.36,55.02,587620.0,0.0068000000000000005,55.857142857142854,56.38428571428572
2021-01-14,57.5,56.36,57.84,56.2,609730.0,0.025699999999999997,56.019999999999996,56.480000000000004
2021-01-15,57.02,57.5,57.98,56.3,510900.0,-0.0083,56.18,56.519999999999996
2021-01-18,57.02,56.34,57.3,56.14,292640.0,0.0,56.279999999999994,56.49142857142857
2021-01-19,57.12,57.34,57.6,56.6,391410.0,0.0018,56.48285714285714,56.441428571428574
2021-01-20,58.98,57.52,59.06,57.52,467950.0,0.0326,57.05428571428571,56.53285714285714
2021-01-21,59.56,59.3,59.98,58.6,462720.0,0.0098,57.60857142857144,56.75857142857143
2021-01-22,60.06,59.12,61.56,58.14,1020000.0,0.0084,58.18000000000001,57.01857142857143
2021-01-25,58.68,60.86,61.92,58.16,697340.0,-0.023,58.348571428571425,57.184285714285714
2021-01-26,59.78,58.56,60.24,57.8,449530.0,0.0187,58.74285714285714,57.46142857142858
2021-01-27,58.44,59.6,59.74,57.54,539630.0,-0.022400000000000003,58.94571428571429,57.612857142857145
2021-01-28,57.9,57.98,58.48,56.36,503870.0,-0.0092,59.05714285714286,57.77
2021-01-29,57.5,57.2,58.1,56.5,507890.0,-0.0069,58.84571428571428,57.95
2021-02-01,57.76,58.24,58.38,57.26,329880.0,0.0045000000000000005,58.58857142857143,58.098571428571425
2021-02-02,59.42,58.42,59.76,58.38,412500.0,0.0287,58.497142857142855,58.33857142857143
2021-02-03,60.5,59.88,61.0,59.58,526190.0,0.0182,58.75714285714285,58.55285714285714
2021-02-04,60.48,61.36,61.62,60.42,582920.0,-0.0003,58.857142857142854,58.800000000000004
2021-02-05,60.92,61.2,62.14,60.64,761700.0,0.0073,59.21142857142858,59.07857142857142
2021-02-08,60.88,61.0,61.7,60.56,420800.0,-0.0007000000000000001,59.63714285714286,59.34714285714285
2021-02-09,60.66,60.98,61.1,60.3,278910.0,-0.0036,60.08857142857143,59.46714285714286
2021-02-10,60.4,60.7,61.44,60.18,310640.0,-0.0043,60.465714285714284,59.527142857142856
2021-02-11,61.0,61.02,61.32,60.26,271850.0,0.009899999999999999,60.691428571428574,59.59428571428572
2021-02-12,60.28,60.9,60.9,60.04,325690.0,-0.0118,60.660000000000004,59.708571428571425
2021-02-15,60.66,60.78,61.2,60.34,251690.0,0.0063,60.68571428571429,59.771428571428565
2021-02-16,60.84,60.72,61.24,60.54,257399.99999999997,0.003,60.67428571428571,59.942857142857136
2021-02-17,60.24,60.82,61.08,59.74,287800.0,-0.009899999999999999,60.582857142857144,60.11
2021-02-18,63.34,60.56,63.88,60.1,1370000.0,0.051500000000000004,60.96571428571429,60.527142857142856
2021-02-19,64.94,64.38,65.84,64.06,999620.0,0.0253,61.61428571428571,61.04
2021-02-22,65.96,64.6,66.32,64.02,576320.0,0.015700000000000002,62.32285714285714,61.50714285714286
2021-02-23,65.68,66.16,66.58,64.82,532090.0,-0.0042,63.09428571428572,61.87714285714286
2021-02-24,65.92,65.7,66.5,65.44,516799.99999999994,0.0037,63.84571428571428,62.26571428571429
2021-02-25,65.66,66.4,67.26,65.66,507880.0,-0.0039000000000000003,64.53428571428572,62.604285714285716
2021-02-26,66.38,64.78,66.88,64.2,827420.0,0.011000000000000001,65.41142857142857,62.99714285714286
2021-03-01,68.44,67.12,68.78,67.1,614200.0,0.031,66.14,63.55285714285714
2021-03-02,69.46,68.56,69.84,68.34,611150.0,0.0149,66.78571428571428,64.2
2021-03-03,72.94,70.86,73.42,70.56,1190000.0,0.0501,67.78285714285714,65.05285714285715
2021-03-04,74.12,72.62,74.86,72.18,874580.0,0.016200000000000003,68.98857142857142,66.04142857142857
2021-03-05,75.36,73.5,76.04,73.4,842470.0,0.0167,70.33714285714287,67.09142857142857
2021-03-08,77.34,76.0,77.34,75.58,718450.0,0.0263,72.00571428571428,68.27
2021-03-09,75.2,76.92,76.98,74.46,778650.0,-0.0277,73.26571428571428,69.33857142857143
2021-03-10,77.1,75.34,77.44,74.72,569180.0,0.0253,74.50285714285714,70.32142857142857
2021-03-11,76.52,77.48,77.48,75.3,650120.0,-0.0075,75.51142857142858,71.14857142857143
2021-03-12,76.8,77.0,77.34,75.2,520460.00000000006,0.0037,76.06285714285715,71.92285714285714
2021-03-15,78.64,76.9,79.54,76.9,847640.0,0.024,76.70857142857143,72.84857142857143
2021-03-16,82.5,79.84,84.42,79.68,1750000.0,0.049100000000000005,77.72857142857143,74.03285714285714
2021-03-17,83.96,83.32,85.48,82.74,2130000.0,0.0177,78.6742857142857,75.34
2021-03-18,87.1,87.66,90.3,83.52,3470000.0,0.0374,80.37428571428572,76.82000000000001
2021-03-19,86.34,86.42,87.7,84.7,4099999.9999999995,-0.0087,81.69428571428571,78.09857142857142
2021-03-22,94.04,89.1,94.4,87.74,3070000.0,0.0892,84.19714285714285,79.85428571428572
2021-03-23,87.42,94.2,94.86,86.76,2620000.0,-0.0704,85.71428571428571,80.88857142857144
2021-03-24,84.68,86.76,87.84,84.02,1450000.0,-0.0313,86.57714285714285,81.64285714285714
2021-03-25,87.94,84.84,88.4,84.46,968440.0,0.0385,87.35428571428572,82.54142857142857
2021-03-26,87.82,88.86,90.26,87.18,848920.0,-0.0014000000000000002,87.9057142857143,83.28999999999999
2021-03-29,88.8,87.54,89.94,86.44,510700.0,0.011200000000000002,88.14857142857143,84.26142857142857
2021-03-30,92.22,90.02,92.46,89.76,791040.0,0.0385,88.98857142857142,85.34142857142857
2021-03-31,90.42,91.5,92.68,90.22,773110.0,-0.0195,88.47142857142858,86.33428571428571
2021-04-01,93.74,91.04,93.8,90.92,808710.0,0.036699999999999997,89.3742857142857,87.5442857142857
2021-04-06,96.48,94.56,96.66,94.56,874010.0,0.0292,91.05999999999999,88.81857142857143
2021-04-07,95.98,96.2,96.9,95.04,700940.0,-0.0052,92.20857142857142,89.78142857142858
2021-04-08,96.14,96.36,97.24,94.66,643550.0,0.0017000000000000001,93.39714285714285,90.65142857142857
2021-04-09,95.42,95.98,96.1,94.72,423210.0,-0.0075,94.34285714285716,91.24571428571429
2021-04-12,94.98,95.74,96.42,94.74,498040.0,-0.0046,94.73714285714287,91.86285714285714
2021-04-13,95.2,94.74,97.4,94.6,868960.0,0.0023,95.41999999999999,91.94571428571429
2021-04-14,94.88,95.5,95.86,94.12,608490.0,-0.0034000000000000002,95.58285714285715,92.47857142857141
2021-04-15,95.54,95.08,96.52,94.52,537880.0,0.006999999999999999,95.44857142857144,93.25428571428573
2021-04-16,98.56,96.4,99.02,96.14,732130.0,0.0316,95.81714285714285,94.01285714285714
2021-04-19,95.98,99.78,99.8,95.42,692520.0,-0.0262,95.79428571428572,94.5957142857143
2021-04-20,92.5,95.6,96.84,92.24,780150.0,-0.0363,95.37714285714286,94.86
2021-04-21,91.98,92.96,93.68,89.56,811420.0,-0.005600000000000001,94.94857142857143,94.84285714285716
2021-04-22,92.96,92.76,93.6,91.44,413320.0,0.010700000000000001,94.62857142857145,95.02428571428572
2021-04-23,92.6,92.1,93.36,91.6,319530.0,-0.0039000000000000003,94.30285714285715,94.94285714285715
2021-04-26,92.06,93.0,93.1,91.0,346640.0,-0.0058,93.80571428571429,94.62714285714286
2021-04-27,91.12,91.7,92.12,90.24,381840.0,-0.0102,92.74285714285715,94.28
2021-04-28,89.48,90.28,90.86,89.02,669660.0,-0.018000000000000002,91.81428571428572,93.80428571428573
2021-04-29,87.08,89.74,89.74,85.8,885320.0,-0.0268,91.03999999999999,93.20857142857143
2021-04-30,87.58,86.9,88.7,86.3,584120.0,0.005699999999999999,90.41142857142857,92.67999999999999
2021-05-03,89.14,87.54,89.66,87.04,368700.0,0.0178,89.86571428571429,92.24714285714286
2021-05-04,85.02,89.14,89.24,84.62,691920.0,-0.0462,88.78285714285714,91.54285714285716
2021-05-05,87.9,85.92,88.1,85.56,598750.0,0.0339,88.18857142857142,90.99714285714285
2021-05-06,87.1,88.5,89.04,86.1,565830.0,-0.0091,87.61428571428571,90.17857142857143
2021-05-07,87.5,87.64,88.32,86.36,454020.0,0.0046,87.33142857142856,89.57285714285715
2021-05-10,87.72,87.5,87.86,86.7,358310.0,0.0025,87.42285714285715,89.23142857142857
2021-05-11,84.46,86.0,86.54,83.68,610690.0,-0.037200000000000004,86.97714285714285,88.6942857142857
2021-05-12,83.92,84.0,84.56,83.38,389620.0,-0.0064,86.23142857142857,88.04857142857142
2021-05-13,83.72,82.98,84.18,80.36,572540.0,-0.0024,86.0457142857143,87.41428571428571
2021-05-14,85.58,84.88,85.58,83.26,555090.0,0.0222,85.71428571428571,86.95142857142856
2021-05-17,85.74,86.3,86.76,84.98,369220.0,0.0019,85.52,86.56714285714284
2021-05-18,85.7,86.5,87.24,85.12,419930.0,-0.0005,85.26285714285714,86.29714285714284
2021-05-19,83.38,84.7,85.42,82.44,456930.0,-0.0271,84.64285714285714,86.03285714285714
2021-05-20,84.78,84.16,85.28,83.64,386770.0,0.0168,84.68857142857142,85.83285714285715
2021-05-21,85.98,85.34,86.32,84.96,398820.0,0.014199999999999999,84.98285714285714,85.60714285714286
2021-05-25,87.0,86.96,88.34,86.82,589190.0,0.011899999999999999,85.45142857142856,85.74857142857142
2021-05-26,87.74,87.5,88.46,86.84,447260.0,0.0085,85.75999999999999,85.73714285714287
2021-05-27,90.44,87.62,90.52,87.14,1390000.0,0.0308,86.43142857142857,85.97571428571428
2021-05-28,91.36,90.7,91.84,90.16,416390.0,0.0102,87.24000000000001,86.25142857142858
2021-05-31,92.5,91.46,93.12,90.16,530690.0,0.0125,88.54285714285716,86.59285714285714
2021-06-01,97.08,94.0,97.54,93.8,847470.0,0.0495,90.29999999999998,87.49428571428572
2021-06-02,98.36,97.42,99.44,96.36,606190.0,0.0132,92.06857142857143,88.5257142857143
2021-06-03,99.12,98.24,99.44,97.44,500170.0,0.0077,93.8,89.62571428571428
2021-06-04,99.74,99.0,99.96,98.74,440620.0,0.0063,95.51428571428572,90.63714285714286
2021-06-07,101.2,99.5,102.0,99.1,736860.0,0.0146,97.05142857142857,91.74142857142859
2021-06-08,97.36,101.55,101.7,97.12,711110.0,-0.0379,97.90857142857142,92.57428571428571
2021-06-09,97.18,97.56,98.52,96.4,377250.0,-0.0018,98.57714285714285,93.55999999999999
2021-06-10,96.88,96.98,97.86,95.46,473560.0,-0.0031,98.54857142857144,94.42428571428572
2021-06-11,98.42,97.24,98.92,96.74,300760.0,0.0159,98.55714285714285,95.31285714285714
2021-06-14,97.2,98.82,98.96,97.06,321050.0,-0.0124,98.28285714285714,96.04142857142857
2021-06-15,95.52,97.78,97.78,95.52,270820.0,-0.0173,97.67999999999999,96.59714285714286
2021-06-16,94.56,95.68,95.92,92.7,502040.0,-0.0101,96.73142857142857,96.89142857142858
2021-06-17,95.0,94.44,96.0,94.2,317380.0,0.004699999999999999,96.39428571428572,97.15142857142857
2021-06-18,92.14,94.8,94.94,91.98,1000000.0,-0.0301,95.67428571428572,97.12571428571428
2021-06-21,95.46,91.5,95.7,91.02,367090.0,0.036000000000000004,95.47142857142856,97.01
2021-06-22,94.18,96.08,96.08,93.94,317900.0,-0.0134,94.86571428571429,96.71142857142856
2021-06-23,94.3,95.08,95.88,93.92,474560.0,0.0013,94.45142857142856,96.36714285714287
2021-06-24,96.68,95.32,96.68,95.16,540110.0,0.0252,94.61714285714287,96.14857142857143
2021-06-25,95.26,97.0,97.0,94.86,318170.0,-0.0147,94.71714285714286,95.7242857142857
2021-06-28,94.0,95.4,95.44,93.62,299810.0,-0.0132,94.57428571428571,95.48428571428572
2021-06-29,94.32,94.0,95.58,93.98,284710.0,0.0034000000000000002,94.88571428571427,95.28
2021-06-30,90.36,92.22,94.3,89.3,990280.0,-0.042,94.15714285714286,94.8142857142857
2021-07-01,91.4,91.02,92.1,90.42,343140.0,0.0115,93.75999999999999,94.31285714285715
2021-07-02,91.44,91.6,92.52,91.16,280700.0,0.0004,93.35142857142857,93.90142857142857
2021-07-05,91.52,91.46,91.98,90.58,182710.0,0.0009,92.61428571428571,93.61571428571429
2021-07-06,89.06,91.18,91.3,88.68,597360.0,-0.0269,91.72857142857143,93.22285714285715
2021-07-07,90.2,89.28,91.12,88.58,394860.0,0.0128,91.18571428571428,92.88000000000001
2021-07-08,87.56,89.68,89.68,85.92,681630.0,-0.029300000000000003,90.22000000000001,92.55285714285715
2021-07-09,92.9,88.96,92.9,88.58,645340.0,0.061,90.58285714285715,92.36999999999999
2021-07-12,94.5,92.98,95.32,92.5,370760.0,0.0172,91.0257142857143,92.39285714285714
2021-07-13,93.4,94.5,94.9,92.92,322830.0,-0.0116,91.30571428571429,92.32857142857142
2021-07-14,93.36,93.1,94.76,92.92,241810.0,-0.0004,91.56857142857143,92.09142857142858
2021-07-15,91.82,93.08,93.08,91.14,338940.0,-0.0165,91.96285714285715,91.8457142857143
2021-07-16,90.78,92.08,92.82,90.54,289440.0,-0.0113,92.0457142857143,91.61571428571429
2021-07-19,88.36,90.54,90.54,86.96,468130.0,-0.026699999999999998,92.16,91.18999999999998
2021-07-20,89.1,89.36,90.22,88.2,487340.0,0.0084,91.61714285714285,91.10000000000001
2021-07-21,91.42,89.56,92.6,88.24,438600.0,0.026000000000000002,91.17714285714285,91.10142857142856
2021-07-22,91.58,92.14,93.56,91.58,326660.0,0.0018,90.91714285714286,91.11142857142859
2021-07-23,92.5,91.94,93.66,91.76,361440.0,0.01,90.7942857142857,91.18142857142857
2021-07-26,90.74,90.4,90.74,87.16,899180.0,-0.019,90.63999999999999,91.30142857142857
2021-07-27,89.2,90.14,90.56,88.34,442150.0,-0.017,90.41428571428571,91.22999999999999
2021-07-28,90.24,89.58,91.0,89.5,320010.0,0.011699999999999999,90.68285714285715,91.42142857142856
2021-07-29,92.3,90.98,92.48,89.36,453220.0,0.022799999999999997,91.14,91.37857142857145
2021-07-30,91.28,91.16,92.14,90.42,343880.0,-0.0111,91.11999999999999,91.14857142857144
2021-08-02,91.12,92.2,93.18,91.08,395200.0,-0.0018,91.05428571428573,90.98571428571428
2021-08-03,90.14,91.0,91.66,89.96,357460.0,-0.0108,90.71714285714287,90.75571428571428
2021-08-04,90.22,90.3,91.74,90.04,316030.0,0.0009,90.64285714285714,90.64142857142858
2021-08-05,90.12,89.9,90.38,88.88,302960.0,-0.0011,90.77428571428571,90.5942857142857
2021-08-06,91.02,90.06,91.96,89.88,369010.0,0.01,90.88571428571429,90.78428571428572
2021-08-09,89.96,90.98,91.16,89.48,293110.0,-0.0116,90.55142857142857,90.84571428571428
2021-08-10,89.58,90.0,90.92,88.64,325480.0,-0.0042,90.30857142857143,90.71428571428571
2021-08-11,89.78,89.66,90.08,88.82,210570.0,0.0022,90.11714285714285,90.58571428571427
2021-08-12,91.24,89.26,91.24,88.64,338610.0,0.0163,90.27428571428571,90.49571428571427
2021-08-13,90.56,91.0,92.04,90.3,293110.0,-0.0075,90.32285714285715,90.48285714285714
2021-08-16,88.84,90.0,90.42,88.5,328100.0,-0.019,90.14,90.45714285714284
2021-08-17,86.42,88.1,88.44,86.36,499300.0,-0.027200000000000002,89.48285714285716,90.18428571428572
2021-08-18,84.82,86.52,86.58,83.62,663850.0,-0.018500000000000003,88.74857142857142,89.64999999999999
2021-08-19,82.52,83.0,83.54,81.94,541180.0,-0.0271,87.74,89.02428571428571
2021-08-20,81.92,82.0,82.02,80.88,461760.0,-0.0073,86.61714285714285,88.36714285714287
2021-08-23,83.04,82.96,83.66,82.42,379540.0,0.0137,85.44571428571429,87.86
2021-08-24,85.36,83.58,86.04,83.5,415740.0,0.0279,84.70285714285714,87.51285714285713
2021-08-25,85.94,85.56,87.08,85.26,320630.0,0.0068000000000000005,84.28857142857143,87.21428571428571
2021-08-26,85.5,85.3,86.04,84.66,245210.0,-0.0051,84.15714285714286,86.82000000000001
2021-08-27,85.94,85.5,86.14,84.76,260079.99999999997,0.0051,84.31714285714285,86.53285714285714
2021-08-30,86.9,86.28,87.84,86.28,325060.0,0.011200000000000002,84.94285714285715,86.34142857142858
2021-08-31,85.76,87.2,87.52,85.18,560410.0,-0.0131,85.49142857142859,86.05428571428571
2021-09-01,85.52,86.4,86.5,85.0,279420.0,-0.0028000000000000004,85.84571428571428,85.6457142857143
2021-09-02,87.16,86.26,87.5,85.8,442390.0,0.0192,86.10285714285715,85.40285714285713
2021-09-03,87.6,87.5,88.74,87.2,439370.0,0.005,86.34,85.31428571428572
2021-09-06,87.04,88.08,88.78,86.36,402020.0,-0.0064,86.56000000000002,85.35857142857142
2021-09-07,87.14,87.12,87.8,86.94,288340.0,0.0011,86.73142857142857,85.52428571428571
2021-09-08,84.68,86.8,86.8,84.46,478530.0,-0.0282,86.41428571428571,85.67857142857143
2021-09-09,86.12,84.0,86.46,83.42,343920.0,0.017,86.46571428571428,85.97857142857143
2021-09-10,86.14,86.42,87.34,85.98,342620.0,0.0002,86.55428571428571,86.2
2021-09-13,86.72,86.2,87.32,86.1,318830.0,0.0067,86.49142857142859,86.29714285714286
2021-09-14,86.9,86.56,87.84,86.56,295810.0,0.0021,86.39142857142858,86.36571428571429
2021-09-15,86.38,86.6,87.58,86.18,331930.0,-0.006,86.29714285714284,86.42857142857143
2021-09-16,85.04,86.44,86.8,84.74,434900.0,-0.0155,85.99714285714286,86.36428571428571
2021-09-17,83.4,85.22,86.02,83.24,2260000.0,-0.019299999999999998,85.81428571428572,86.11428571428571
2021-09-20,79.94,82.0,82.22,78.46,1210000.0,-0.0415,84.93142857142857,85.69857142857143
2021-09-21,81.82,80.8,82.9,80.62,579960.0,0.0235,84.31428571428572,85.4342857142857
2021-09-22,83.92,82.92,84.16,82.16,346510.0,0.025699999999999997,83.91428571428571,85.20285714285716
2021-09-23,84.36,84.8,85.52,83.72,321970.0,0.0052,83.55142857142857,84.97142857142856
2021-09-24,84.3,84.0,84.9,82.74,310870.0,-0.0007000000000000001,83.25428571428571,84.77571428571427
2021-09-27,85.44,85.54,86.3,85.02,374060.0,0.013500000000000002,83.31142857142858,84.65428571428572
2021-09-28,84.26,85.4,86.86,84.26,458690.0,-0.0138,83.4342857142857,84.62428571428572
2021-09-29,86.12,84.48,86.58,84.48,432240.0,0.022099999999999998,84.31714285714285,84.62428571428572
2021-09-30,85.94,86.84,86.84,84.82,310370.0,-0.0021,84.9057142857143,84.61
2021-10-01,85.66,84.0,86.02,83.34,417630.0,-0.0033,85.1542857142857,84.53428571428572
2021-10-04,84.06,85.24,85.44,84.02,383240.0,-0.0187,85.11142857142856,84.33142857142856
2021-10-05,84.78,84.02,85.18,83.68,383880.0,0.0086,85.17999999999999,84.21714285714286
2021-10-06,81.76,83.9,83.9,81.08,725630.0,-0.0356,84.65428571428572,83.98285714285714
2021-10-07,84.7,82.8,84.8,82.4,507330.0,0.036000000000000004,84.71714285714286,84.07571428571428
2021-10-08,84.08,84.82,85.16,83.98,401130.0,-0.0073,84.42571428571429,84.37142857142858
2021-10-11,84.46,83.0,84.6,82.7,337760.0,0.0045000000000000005,84.21428571428571,84.55999999999999
2021-10-12,84.76,83.56,84.84,82.8,455020.0,0.0036,84.08571428571429,84.61999999999999
2021-10-13,87.46,84.88,88.62,84.68,957640.0,0.0319,84.57142857142857,84.84142857142857
2021-10-14,88.1,88.2,88.5,87.54,306160.0,0.0073,85.0457142857143,85.11285714285715
2021-10-15,90.24,88.38,90.28,88.08,595890.0,0.024300000000000002,86.25714285714287,85.4557142857143
2021-10-18,87.2,90.02,90.16,86.62,491790.0,-0.0337,86.61428571428571,85.66571428571429
2021-10-19,86.4,87.5,88.2,86.36,335910.0,-0.0092,86.94571428571427,85.68571428571428
2021-10-20,85.56,86.04,86.76,83.96,516780.0,-0.0097,87.10285714285715,85.65857142857143
2021-10-21,87.16,84.48,88.44,84.04,801800.0,0.0187,87.44571428571429,85.76571428571428
2021-10-22,88.4,87.68,89.48,87.42,445420.0,0.014199999999999999,87.58,86.07571428571428
2021-10-25,92.58,88.46,92.76,88.3,860090.0,0.0473,88.22,86.63285714285715
2021-10-26,93.8,93.0,94.4,92.42,624780.0,0.0132,88.72857142857141,87.49285714285715
2021-10-27,93.42,93.54,94.04,92.28,339100.0,-0.0040999999999999995,89.61714285714287,88.11571428571429
2021-10-28,90.88,92.2,92.68,90.34,617080.0,-0.027200000000000002,90.25714285714287,88.60142857142856
2021-10-29,89.82,90.14,90.96,89.16,427660.0,-0.011699999999999999,90.86571428571428,88.98428571428572
2021-11-01,90.28,90.5,91.64,90.18,324320.0,0.0051,91.31142857142858,89.37857142857145
2021-11-02,89.9,90.12,90.52,89.32,446540.0,-0.0042,91.52571428571427,89.55285714285715
2021-11-03,87.5,89.5,89.74,87.06,631660.0,-0.026699999999999998,90.8,89.50999999999999
2021-11-04,87.34,88.38,88.48,86.7,557630.0,-0.0018,89.87714285714286,89.30285714285715
2021-11-05,88.78,87.16,89.32,86.52,482800.0,0.0165,89.21428571428571,89.4157142857143
2021-11-08,87.3,88.48,88.48,87.14,416660.0,-0.0167,88.70285714285714,89.48
2021-11-09,85.82,87.28,87.74,85.48,702390.0,-0.017,88.13142857142859,89.49857142857142
2021-11-10,85.86,86.02,86.46,85.1,365790.0,0.0005,87.5,89.4057142857143
2021-11-11,84.16,85.72,86.42,83.98,664480.0,-0.019799999999999998,86.67999999999999,89.10285714285715
2021-11-12,84.3,84.24,84.86,83.54,655800.0,0.0017000000000000001,86.22285714285714,88.51142857142857
2021-11-15,84.26,83.8,84.88,83.2,371830.0,-0.0005,85.78285714285713,87.83
2021-11-16,84.58,84.06,85.32,84.06,469730.0,0.0038,85.18285714285715,87.19857142857143
2021-11-17,84.54,84.2,84.72,83.68,499580.0,-0.0005,84.78857142857143,86.74571428571429
2021-11-18,84.0,84.52,85.2,83.56,473720.0,-0.0064,84.52857142857142,86.33000000000001
2021-11-19,82.1,83.78,84.12,81.08,968010.0,-0.0226,83.99142857142859,85.74571428571427
2021-11-22,81.86,82.1,82.5,81.36,581420.0,-0.0029,83.66285714285713,85.17142857142858
2021-11-23,81.3,81.2,82.06,80.38,604680.0,-0.0068000000000000005,83.23428571428572,84.72857142857143
2021-11-24,79.92,81.4,81.42,78.8,731330.0,-0.017,82.61428571428571,84.19857142857143
2021-11-25,78.98,80.2,80.36,78.6,545920.0,-0.0118,81.81428571428572,83.49857142857142
2021-11-26,74.76,76.38,76.7,74.1,1300000.0,-0.053399999999999996,80.41714285714285,82.60285714285715
2021-11-29,75.0,75.5,76.02,74.34,723620.0,0.0032,79.13142857142857,81.83000000000001
2021-11-30,74.18,74.0,74.9,73.3,1190000.0,-0.0109,78.0,80.99571428571427
2021-12-01,76.64,75.32,77.3,74.78,882070.0,0.0332,77.25428571428571,80.45857142857143
2021-12-02,74.9,75.72,76.22,74.74,703180.0,-0.0227,76.34,79.78714285714287
2021-12-03,74.16,75.54,75.64,73.74,632610.0,-0.009899999999999999,75.51714285714286,79.0657142857143
2021-12-06,75.16,74.9,75.48,73.64,557630.0,0.013500000000000002,74.97142857142858,78.39285714285714
2021-12-07,81.52,76.44,83.0,75.74,1980000.0,0.08460000000000001,75.93714285714286,78.17714285714285
2021-12-08,84.36,81.62,85.12,81.5,1390000.0,0.0348,77.27428571428572,78.20285714285714
2021-12-09,84.38,85.0,86.52,84.28,857270.0,0.0002,78.73142857142857,78.36571428571428
2021-12-10,84.08,84.0,86.24,83.8,663670.0,-0.0036,79.7942857142857,78.52428571428572
2021-12-13,86.54,84.6,88.3,84.6,1040000.0,0.029300000000000003,81.45714285714287,78.89857142857143
2021-12-14,86.98,86.78,88.44,86.78,719740.0,0.0051,83.28857142857143,79.40285714285713
2021-12-15,86.26,87.4,87.64,86.14,494040.0,-0.0083,84.87428571428572,79.92285714285713
2021-12-16,87.32,87.4,88.94,87.32,644450.0,0.0123,85.70285714285716,80.82000000000001
2021-12-17,84.02,86.8,86.8,83.92,892660.0,-0.0378,85.65428571428572,81.46428571428571
2021-12-20,80.98,81.5,82.36,80.54,667330.0,-0.0362,85.16857142857144,81.95000000000002
2021-12-21,81.98,82.0,82.28,81.08,401560.0,0.0123,84.86857142857141,82.33142857142856
2021-12-22,82.78,81.8,82.78,81.36,241580.0,0.0098,84.33142857142857,82.89428571428572
2021-12-23,84.52,83.3,84.82,83.24,286470.0,0.021,83.98,83.63428571428572
2021-12-27,84.44,84.3,84.76,83.96,245520.0,-0.0009,83.72,84.29714285714284
2021-12-28,84.68,84.7,85.9,84.54,247120.0,0.0028000000000000004,83.34285714285714,84.52285714285713
2021-12-29,83.66,84.7,84.72,83.46,212560.0,-0.012,83.29142857142858,84.47285714285715
2021-12-30,83.44,83.8,83.94,83.34,166020.0,-0.0026,83.64285714285714,84.4057142857143
2022-01-03,87.04,83.88,88.16,83.78,600140.0,0.0431,84.36571428571428,84.61714285714287
2022-01-04,90.28,87.7,90.86,87.7,892790.0,0.037200000000000004,85.43714285714286,84.88428571428572
2022-01-05,92.08,90.6,92.46,90.44,739020.0,0.0199,86.51714285714286,85.24857142857142
2022-01-06,91.46,90.2,92.22,89.96,683130.0,-0.0067,87.52,85.62
2022-01-07,90.2,92.16,92.74,89.92,587730.0,-0.0138,88.30857142857144,85.82571428571428
2022-01-10,89.02,90.6,91.32,88.5,492820.0,-0.0131,89.07428571428571,86.18285714285715
2022-01-11,88.72,89.6,89.6,87.8,491520.0,-0.0034000000000000002,89.82857142857142,86.73571428571428
2022-01-12,89.58,89.54,90.44,88.0,558820.0,0.0097,90.19142857142857,87.27857142857144
2022-01-13,89.14,89.0,90.36,88.6,544470.0,-0.0049,90.02857142857142,87.73285714285714
2022-01-14,88.66,88.56,90.1,87.8,618820.0,-0.0054,89.53999999999999,88.02857142857142
2022-01-17,88.34,89.38,89.52,87.48,379270.0,-0.0036,89.0942857142857,88.30714285714286
2022-01-18,87.9,87.8,88.74,86.06,717260.0,-0.005,88.76571428571427,88.53714285714285
2022-01-19,87.88,87.34,89.38,86.56,527700.0,-0.0002,88.60285714285715,88.83857142857143
2022-01-20,88.04,87.84,88.48,86.4,418340.0,0.0018,88.50571428571428,89.16714285714285
2022-01-21,85.28,86.2,86.22,83.74,735590.0,-0.0313,87.89142857142858,89.04142857142857
2022-01-24,80.6,84.38,85.08,79.94,936620.0,-0.054900000000000004,86.67142857142858,88.35
2022-01-25,80.92,81.84,82.02,80.1,650420.0,0.004,85.56571428571428,87.55285714285715
2022-01-26,83.38,81.76,84.4,81.5,540440.0,0.0304,84.85714285714286,86.97571428571429
2022-01-27,83.48,82.0,84.86,81.7,582650.0,0.0012,84.22571428571429,86.49571428571429
2022-01-28,81.94,83.58,83.8,81.12,665790.0,-0.0184,83.37714285714286,85.99
2022-01-31,82.4,83.1,83.68,81.56,541440.0,0.005600000000000001,82.57142857142857,85.53857142857143
2022-02-01,82.36,82.8,83.68,81.84,545670.0,-0.0005,82.15428571428572,85.02285714285713
2022-02-02,81.64,82.8,83.74,81.56,519530.0,-0.0087,82.30285714285715,84.48714285714286
2022-02-03,81.06,81.38,81.9,80.86,371900.0,-0.0070999999999999995,82.32285714285715,83.94428571428571
2022-02-04,78.92,81.34,81.38,78.2,726910.0,-0.0264,81.6857142857143,83.27142857142857
2022-02-07,78.7,79.94,80.2,78.7,571270.0,-0.0028000000000000004,81.00285714285714,82.61428571428573
2022-02-08,78.4,79.0,79.94,77.82,822290.0,-0.0038,80.49714285714286,81.93714285714285
2022-02-09,84.82,79.44,85.98,78.98,1350000.0,0.0819,80.84285714285714,81.70714285714287
2022-02-10,85.64,85.04,86.28,84.44,841670.0,0.0097,81.31142857142856,81.73285714285714
2022-02-11,87.84,84.48,88.42,84.0,1010000.0,0.025699999999999997,82.19714285714285,82.25
2022-02-14,85.48,85.0,86.72,84.3,1120000.0,-0.0269,82.82857142857142,82.57571428571428
2022-02-15,89.56,85.0,89.66,84.4,880630.0,0.04769999999999999,84.34857142857143,83.01714285714286
2022-02-16,87.76,89.3,90.0,87.36,510260.0,-0.020099999999999996,85.64285714285714,83.32285714285715
2022-02-17,86.96,88.02,88.82,86.5,518409.99999999994,-0.0091,86.86571428571429,83.68142857142858
2022-02-18,84.22,86.86,87.8,84.22,561680.0,-0.0315,86.77999999999999,83.81142857142856
2022-02-21,81.56,85.0,85.82,80.74,656260.0,-0.0316,86.19714285714285,83.75428571428573
2022-02-22,90.78,79.58,93.96,79.04,3120000.0,0.113,86.61714285714285,84.40714285714286
2022-02-23,94.94,91.58,97.66,90.56,2100000.0,0.0458,87.96857142857144,85.39857142857144
2022-02-24,88.08,90.0,94.54,86.96,2580000.0,-0.0723,87.75714285714285,86.05285714285715
2022-02-25,91.4,92.0,93.0,89.14,2089999.9999999998,0.0377,88.27714285714286,86.96000000000001
2022-02-28,90.88,89.0,90.96,85.76,1590000.0,-0.005699999999999999,88.83714285714284,87.85142857142857
2022-03-01,84.96,90.0,91.56,84.96,1260000.0,-0.06509999999999999,88.94285714285715,87.86142857142856
2022-03-02,82.12,83.04,85.1,80.68,1770000.0,-0.0334,89.02285714285713,87.61
2022-03-03,80.2,82.36,83.62,80.2,1070000.0,-0.023399999999999997,87.51142857142858,87.0642857142857
2022-03-04,73.3,78.68,79.22,73.16,2140000.0,-0.086,84.41999999999999,86.19428571428571
2022-03-07,69.44,70.5,72.48,67.04,2590000.0,-0.0527,81.75714285714287,84.75714285714285
2022-03-08,67.5,68.06,71.18,67.02,2150000.0,-0.0279,78.34285714285714,83.30999999999999
2022-03-09,75.64,71.0,75.64,69.1,2130000.0,0.1206,76.16571428571429,82.50142857142858
2022-03-10,72.54,76.3,76.76,71.86,1490000.0,-0.040999999999999995,74.39142857142858,81.66714285714286
2022-03-11,72.9,73.44,75.56,72.4,1320000.0,0.005,73.07428571428572,81.04857142857142
2022-03-14,76.78,75.98,78.86,75.7,1380000.0,0.053200000000000004,72.58571428571429,80.04857142857144
2022-03-15,77.36,75.9,77.88,73.64,1230000.0,0.0076,73.1657142857143,78.79285714285713
2022-03-16,82.06,79.5,82.48,78.56,1620000.0,0.0608,74.96857142857142,78.36285714285714
2022-03-17,82.4,83.3,83.38,81.22,1100000.0,0.0040999999999999995,77.09714285714287,77.72
2022-03-18,82.16,82.04,83.14,80.98,3770000.0,-0.0029,78.02857142857144,77.09714285714287
2022-03-21,82.64,81.88,83.0,81.2,587780.0,0.0058,79.47142857142858,76.93142857142857
2022-03-22,84.14,82.82,84.7,82.2,643620.0,0.0182,81.07714285714285,77.07571428571428
2022-03-23,83.62,84.8,85.14,82.94,539710.0,-0.0062,82.05428571428571,77.32000000000001
2022-03-24,83.16,83.26,84.16,82.6,696080.0,-0.0055000000000000005,82.88285714285715,78.02428571428571
2022-03-25,83.74,83.34,84.36,82.66,371340.0,0.006999999999999999,83.12285714285714,79.0457142857143
2022-03-28,84.24,83.92,85.6,83.78,468120.0,0.006,83.38571428571429,80.24142857142859
2022-03-29,89.84,85.5,90.14,84.54,990040.0,0.0665,84.48285714285714,81.25571428571428
2022-03-30,88.46,89.88,89.88,87.7,748600.0,-0.0154,85.31428571428572,82.39285714285714
2022-03-31,87.9,89.0,89.66,87.62,691580.0,-0.0063,85.85142857142857,83.46428571428571
2022-04-01,88.22,88.22,89.38,87.24,546590.0,0.0036,86.50857142857144,84.28142857142856
2022-04-04,88.98,88.98,89.42,87.28,518409.99999999994,0.0086,87.34000000000002,85.11142857142856
2022-04-05,88.12,89.78,89.78,87.58,661320.0,-0.0097,87.96571428571428,85.54428571428572
2022-04-06,83.96,87.3,87.72,82.9,968670.0,-0.0472,87.92571428571429,85.6557142857143
2022-04-07,83.24,84.6,85.44,82.94,570280.0,-0.0086,86.98285714285714,85.73285714285713
2022-04-08,83.12,84.84,85.06,83.02,421510.0,-0.0014000000000000002,86.22,85.76714285714286
2022-04-11,81.74,82.2,82.72,80.86,518320.00000000006,-0.0166,85.34,85.59571428571428
2022-04-12,81.12,80.02,81.66,79.46,519500.0,-0.0076,84.32571428571428,85.41714285714285
2022-04-13,81.2,80.68,81.22,79.76,436580.0,0.001,83.21428571428571,85.27714285714285
2022-04-14,81.24,81.42,82.46,80.46,652460.0,0.0005,82.23142857142857,85.09857142857142
2022-04-19,82.12,81.8,82.84,81.08,537060.0,0.0108,81.96857142857142,84.94714285714285
2022-04-20,83.42,82.96,84.36,82.46,385760.0,0.0158,81.99428571428572,84.48857142857142
2022-04-21,83.9,83.66,84.74,83.2,543270.0,0.0058,82.10571428571428,84.16285714285713
2022-04-22,82.46,82.5,83.8,82.26,423380.0,-0.0172,82.20857142857143,83.77428571428572
2022-04-25,79.26,80.5,81.36,78.82,714460.0,-0.0388,81.94285714285715,83.13428571428572
2022-04-26,76.22,80.26,80.4,75.66,0.0,-0.0384,81.23142857142857,82.22285714285715
2022-04-27,76.54,76.16,77.78,73.94,749950.0,0.0042,80.55999999999999,81.39571428571428
2022-04-28,78.3,77.98,79.36,77.22,509270.0,0.023,80.01428571428572,80.99142857142856
2022-04-29,79.54,79.14,79.86,78.66,516059.99999999994,0.0158,79.46000000000001,80.72714285714285
2022-05-02,77.48,79.0,79.24,73.94,531790.0,-0.0259,78.54285714285713,80.32428571428571
2022-05-03,79.58,78.24,79.92,77.8,532650.0,0.0271,78.13142857142859,80.17
2022-05-04,78.32,79.46,80.16,78.32,417800.0,-0.0158,77.99714285714286,79.97000000000001
2022-05-05,77.78,80.24,80.94,76.88,558100.0,-0.0069,78.22,79.72571428571429
2022-05-06,76.92,77.5,78.02,75.92,512659.99999999994,-0.0111,78.27428571428571,79.41714285714286
2022-05-09,74.56,76.74,77.12,74.18,524220.0,-0.030699999999999998,77.74000000000001,78.87714285714286
2022-05-10,72.34,75.56,75.88,72.04,775010.0,-0.0298,76.71142857142857,78.08571428571429
2022-05-11,76.14,74.22,76.92,73.12,824320.0,0.0525,76.52,77.53142857142858
2022-05-12,76.44,74.7,76.72,73.84,562010.0,0.0039000000000000003,76.07142857142857,77.10142857142857
2022-05-13,77.82,77.42,78.64,76.36,1020000.0,0.0181,76.0,76.99857142857142
2022-05-16,75.28,75.48,76.12,74.3,555790.0,-0.0326,75.64285714285714,76.93142857142857
2022-05-17,73.18,75.5,75.68,72.32,913870.0,-0.0279,75.10857142857142,76.69142857142857
2022-05-18,72.08,73.48,73.52,72.02,868340.0,-0.015,74.75428571428571,76.24714285714286
2022-05-19,70.86,72.0,72.18,68.92,787280.0,-0.0169,74.54285714285713,75.62714285714286
2022-05-20,71.58,71.32,73.36,71.12,670930.0,0.0102,73.89142857142858,75.20571428571428
2022-05-23,73.0,73.06,73.4,71.24,538840.0,0.019799999999999998,73.39999999999999,74.73571428571428
2022-05-24,71.84,71.9,72.96,71.4,474910.0,-0.0159,72.5457142857143,74.27285714285713
2022-05-25,72.72,72.66,73.02,70.8,451860.0,0.012199999999999999,72.17999999999999,73.91142857142857
2022-05-26,73.32,72.66,73.32,71.86,528090.0,0.0083,72.2,73.65428571428572
2022-05-27,73.42,73.16,73.82,72.24,517870.0,0.0014000000000000002,72.39142857142858,73.57285714285715
2022-05-30,74.24,74.28,74.9,73.84,394050.0,0.011200000000000002,72.87428571428572,73.70857142857143
2022-05-31,76.14,74.0,76.82,73.3,1400000.0,0.0256,73.52571428571427,73.70857142857142
2022-06-01,79.22,76.5,79.94,75.9,883090.0,0.0405,74.41428571428571,73.90714285714286
2022-06-02,79.18,79.64,79.92,78.62,310430.0,-0.0005,75.46285714285715,74.00428571428571
2022-06-03,77.8,79.34,79.72,77.44,449180.0,-0.0174,76.18857142857142,74.1842857142857
2022-06-06,77.46,78.84,79.88,77.22,419650.0,-0.0044,76.78,74.49000000000001
2022-06-07,76.52,76.38,77.0,75.72,587980.0,-0.0121,77.22285714285714,74.80714285714285
2022-06-08,76.14,76.42,76.76,75.76,711450.0,-0.005,77.49428571428571,75.1842857142857
2022-06-09,74.96,75.8,76.26,74.12,495040.0,-0.0155,77.32571428571428,75.42571428571429
2022-06-10,72.7,74.32,74.44,72.18,635190.0,-0.0301,76.39428571428572,75.40428571428572
2022-06-13,69.02,71.5,71.86,68.04,1050000.0,-0.0506,74.94285714285715,75.20285714285714
2022-06-14,68.46,70.22,70.4,67.9,912160.0,-0.008100000000000001,73.60857142857142,74.89857142857143
2022-06-15,69.42,69.58,70.24,69.2,744670.0,0.013999999999999999,72.46000000000001,74.62
2022-06-16,68.56,69.14,69.5,67.6,673970.0,-0.0124,71.32285714285715,74.27285714285713
2022-06-17,67.5,68.64,68.9,67.36,1140000.0,-0.0155,70.08857142857143,73.79142857142857
2022-06-20,67.34,67.88,68.46,67.08,522020.0,-0.0024,69.0,73.16285714285713
2022-06-21,68.44,67.6,68.88,67.3,511320.0,0.0163,68.39142857142858,72.39285714285714
2022-06-22,67.74,67.28,68.18,66.1,459840.0,-0.0102,68.20857142857143,71.57571428571428
2022-06-23,65.42,67.4,67.68,65.1,920590.0,-0.0342,67.77428571428571,70.69142857142857
2022-06-24,64.8,65.86,65.9,63.92,855680.0,-0.0095,67.11428571428571,69.78714285714285
2022-06-27,66.1,65.3,66.84,65.1,493940.0,0.020099999999999996,66.76285714285714,69.04285714285714
2022-06-28,67.88,66.78,69.16,66.54,681790.0,0.0269,66.81714285714285,68.45285714285714
2022-06-29,65.82,67.0,67.06,65.24,622260.0,-0.030299999999999997,66.6,67.8
2022-06-30,63.12,64.82,64.82,61.36,1060000.0,-0.040999999999999995,65.84,67.11571428571428
2022-07-01,62.94,62.36,63.58,61.6,516770.0,-0.0029,65.1542857142857,66.68142857142857
2022-07-04,61.76,63.44,63.78,61.76,521309.99999999994,-0.0187,64.63142857142857,66.20285714285714
2022-07-05,59.06,62.24,62.68,59.06,741540.0,-0.0437,63.81142857142857,65.46285714285713
2022-07-06,59.92,60.16,61.26,59.92,477130.0,0.0146,62.92857142857143,64.8457142857143
2022-07-07,63.82,61.08,64.38,61.04,877290.0,0.06509999999999999,62.348571428571425,64.58285714285714
2022-07-08,67.74,63.74,67.88,63.7,1060000.0,0.061399999999999996,62.62285714285714,64.61142857142856
2022-07-11,66.1,66.06,66.82,65.52,532430.0,-0.0242,63.04857142857143,64.44428571428571
2022-07-12,66.02,65.54,66.28,64.62,377850.0,-0.0012,63.488571428571426,64.32142857142857
2022-07-13,65.24,65.38,65.72,63.96,547630.0,-0.0118,63.98571428571428,64.30857142857143
2022-07-14,63.9,65.06,65.96,63.08,552690.0,-0.020499999999999997,64.67714285714285,64.24428571428571
2022-07-15,67.48,64.0,67.66,63.5,772940.0,0.055999999999999994,65.75714285714285,64.34285714285714
2022-07-18,69.08,68.04,69.78,67.82,576660.0,0.023700000000000002,66.50857142857141,64.42857142857143
2022-07-19,70.38,68.72,71.38,68.32,576620.0,0.018799999999999997,66.88571428571427,64.75428571428571
2022-07-20,69.68,71.06,71.06,67.96,598020.0,-0.009899999999999999,67.39714285714285,65.22285714285714
2022-07-21,68.64,69.8,70.6,68.42,605440.0,-0.0149,67.77142857142857,65.63
2022-07-22,68.98,68.52,69.2,67.76,372230.0,0.005,68.30571428571429,66.14571428571428
2022-07-25,68.12,68.76,68.88,66.4,666360.0,-0.0125,68.90857142857143,66.79285714285714
2022-07-26,67.28,67.94,68.08,66.38,335930.0,-0.0123,68.88000000000001,67.31857142857142
2022-07-27,67.28,67.96,68.56,67.02,333170.0,0.0,68.62285714285714,67.5657142857143
2022-07-28,69.62,68.0,69.98,68.0,669360.0,0.0348,68.51428571428572,67.7
2022-07-29,70.4,70.0,71.04,69.72,552370.0,0.011200000000000002,68.61714285714287,68.00714285714285
2022-08-01,70.36,70.4,71.26,70.1,267290.0,-0.0006,68.86285714285715,68.31714285714285
2022-08-02,70.78,70.02,70.88,69.08,457550.0,0.006,69.12,68.71285714285715
2022-08-03,72.38,70.48,72.44,69.54,455640.0,0.0226,69.72857142857143,69.31857142857143
2022-08-04,72.28,72.52,74.98,72.28,646570.0,-0.0014000000000000002,70.44285714285715,69.66142857142857
2022-08-05,72.3,72.4,73.72,71.92,441280.0,0.0003,71.16,69.89142857142858
2022-08-08,73.12,72.82,73.48,72.14,327880.0,0.0113,71.66,70.08714285714287
2022-08-09,71.42,72.82,73.3,71.42,436340.0,-0.0232,71.80571428571429,70.21142857142857
2022-08-10,72.34,71.4,73.18,71.22,698550.0,0.0129,72.08857142857143,70.47571428571429
2022-08-11,71.34,72.8,72.82,70.62,620730.0,-0.0138,72.16857142857143,70.64428571428572
2022-08-12,70.08,71.36,71.86,70.04,745760.0,-0.0177,71.84,70.78428571428572
2022-08-15,69.94,70.58,71.12,68.58,699310.0,-0.002,71.50571428571429,70.97428571428573
2022-08-16,71.76,70.0,71.9,69.76,577000.0,0.026000000000000002,71.42857142857143,71.29428571428572
2022-08-17,69.92,71.98,72.1,69.6,548090.0,-0.0256,70.97142857142858,71.31571428571428
2022-08-18,69.94,69.6,70.72,69.08,435440.0,0.0003,70.76,71.28285714285714
2022-08-19,67.76,69.24,69.84,67.7,707700.0,-0.031200000000000002,70.10571428571428,71.09714285714286
2022-08-22,64.76,67.32,67.34,64.08,862190.0,-0.0443,69.16571428571429,70.66714285714286
2022-08-23,66.08,64.6,66.6,64.48,642320.0,0.0204,68.59428571428572,70.21714285714286
2022-08-24,66.54,65.88,66.54,65.0,447090.0,0.006999999999999999,68.10857142857144,69.80714285714286
2022-08-25,66.9,67.34,67.52,66.4,358140.0,0.0054,67.41428571428571,69.42142857142856
2022-08-26,67.18,67.54,69.98,66.38,1100000.0,0.0042,67.02285714285715,68.99714285714286
2022-08-29,69.64,67.04,70.28,66.86,985950.0,0.0366,66.98,68.87
2022-08-30,72.72,70.7,74.06,70.38,1200000.0,0.044199999999999996,67.68857142857144,68.89714285714285
2022-08-31,70.48,73.64,74.04,70.42,1010000.0,-0.0308,68.50571428571429,68.83571428571429
2022-09-01,69.38,69.5,69.92,68.68,646200.0,-0.015600000000000001,68.97714285714287,68.78571428571429
2022-09-02,72.8,70.54,73.2,70.04,1060000.0,0.0493,69.87142857142858,68.99
2022-09-05,69.44,71.2,71.88,68.64,1170000.0,-0.0462,70.23428571428572,68.82428571428571
2022-09-06,69.3,70.5,70.86,68.4,1140000.0,-0.002,70.53714285714285,68.78
2022-09-07,68.9,68.6,69.1,67.48,682620.0,-0.0058,70.43142857142858,68.70571428571428
2022-09-08,67.7,69.12,69.32,66.02,788760.0,-0.0174,69.71428571428571,68.70142857142856
2022-09-09,66.84,67.5,68.78,66.84,824130.0,-0.0127,69.19428571428571,68.85
2022-09-12,69.3,67.82,69.76,67.76,980580.0,0.0368,69.18285714285715,69.08
2022-09-13,67.44,69.5,70.08,67.06,904790.0,-0.0268,68.41714285714286,69.14428571428572
2022-09-14,67.7,67.08,69.08,66.78,998320.0,0.0039000000000000003,68.16857142857144,69.20142857142858
2022-09-15,67.0,68.02,68.58,66.26,796000.0,-0.0103,67.84,69.18857142857142
2022-09-16,66.86,66.02,67.56,65.26,6170000.0,-0.0021,67.54857142857142,68.99
2022-09-19,69.22,67.88,69.96,67.38,869820.0,0.0353,67.76571428571428,68.74
2022-09-20,71.9,71.14,73.18,71.06,1670000.0,0.0387,68.48857142857142,68.84142857142858
2022-09-21,72.0,71.3,72.72,70.14,879100.0,0.0014000000000000002,68.87428571428572,69.02857142857144
2022-09-22,72.34,71.08,73.5,70.92,849070.0,0.004699999999999999,69.57428571428572,68.99571428571429
2022-09-23,70.22,72.88,72.88,69.2,905720.0,-0.029300000000000003,69.93428571428572,69.05142857142857
2022-09-26,69.96,69.5,71.2,69.34,640130.0,-0.0037,70.35714285714286,69.09857142857143
2022-09-27,68.58,71.14,71.5,68.22,721350.0,-0.0197,70.60285714285715,69.07571428571428
2022-09-28,67.9,67.98,69.02,66.38,1150000.0,-0.009899999999999999,70.41428571428571,69.09
2022-09-29,60.48,69.02,69.08,59.52,4540000.0,-0.1093,68.78285714285714,68.63571428571429
2022-09-30,58.16,60.9,63.94,57.44,2900000.0,-0.0384,66.80571428571429,67.84
2022-10-03,57.34,58.12,58.14,55.36,1330000.0,-0.0141,64.66285714285713,67.11857142857143
2022-10-04,60.3,58.7,60.64,57.96,1380000.0,0.0516,63.24571428571429,66.59
2022-10-05,59.6,60.0,60.44,57.96,1030000.0,-0.0116,61.76571428571428,66.06142857142858
2022-10-06,61.14,60.38,61.52,60.08,905900.0,0.0258,60.702857142857134,65.65285714285714
2022-10-07,60.12,61.14,61.36,59.94,622420.0,-0.0167,59.59142857142857,65.00285714285715
2022-10-10,57.7,59.2,60.04,57.6,767440.0,-0.0403,59.19428571428572,63.988571428571426
2022-10-11,56.64,57.5,57.58,55.52,874890.0,-0.0184,58.97714285714286,62.89142857142856
2022-10-12,57.2,56.4,57.64,55.64,667340.0,0.009899999999999999,58.957142857142856,61.81
2022-10-13,57.14,56.82,58.22,55.8,872790.0,-0.001,58.505714285714284,60.87571428571429
2022-10-14,56.98,58.0,58.3,56.82,543730.0,-0.0028000000000000004,58.13142857142857,59.94857142857143
2022-10-17,58.54,57.0,58.92,57.0,549360.0,0.0274,57.76,59.23142857142857
2022-10-18,58.62,59.28,60.02,58.62,462530.0,0.0014000000000000002,57.54571428571429,58.568571428571424
2022-10-19,57.78,59.0,59.26,57.12,574910.0,-0.0143,57.55714285714286,58.37571428571429
2022-10-20,58.48,57.7,58.88,56.98,446390.0,0.0121,57.82,58.39857142857142
2022-10-21,57.52,57.62,57.98,56.8,688020.0,-0.016399999999999998,57.86571428571428,58.41142857142857
2022-10-24,57.24,58.04,58.96,56.8,702700.0,-0.0049,57.88,58.192857142857136
2022-10-25,57.48,57.58,58.18,56.0,493110.0,0.0042,57.951428571428565,58.04142857142857
2022-10-26,57.92,57.34,58.32,56.98,459620.0,0.0077,57.86285714285714,57.81142857142857
2022-10-27,57.54,57.8,58.16,56.6,618170.0,-0.0066,57.708571428571425,57.62714285714286
2022-10-28,57.02,57.02,57.32,55.62,689210.0,-0.009000000000000001,57.6,57.57857142857143
2022-10-31,56.6,57.38,57.46,55.8,647710.0,-0.0074,57.33142857142857,57.57571428571429
2022-11-01,57.46,57.12,58.66,56.94,618050.0,0.0152,57.32285714285714,57.59428571428572
2022-11-02,56.94,57.62,58.4,56.76,529060.0,-0.009000000000000001,57.279999999999994,57.58
2022-11-03,56.06,56.32,56.4,54.92,867440.0,-0.0155,57.07714285714286,57.51428571428572
2022-11-04,57.2,56.24,57.68,55.7,763090.0,0.0203,56.97428571428572,57.41857142857143
2022-11-07,58.32,56.6,59.0,56.5,790630.0,0.0196,57.08571428571429,57.39714285714286
2022-11-08,57.34,58.44,59.18,57.34,696450.0,-0.0168,57.13142857142857,57.36571428571428
2022-11-09,57.18,57.34,58.28,56.32,632150.0,-0.0028000000000000004,57.214285714285715,57.27285714285715
2022-11-10,58.66,56.86,58.68,56.02,1250000.0,0.0259,57.38571428571429,57.35428571428571
2022-11-11,59.76,59.4,61.18,59.28,1670000.0,0.018799999999999997,57.78857142857144,57.534285714285716
2022-11-14,59.48,60.48,60.8,59.02,520020.0,-0.004699999999999999,58.277142857142856,57.67714285714286
2022-11-15,60.42,59.78,60.8,59.48,738790.0,0.0158,58.737142857142864,57.855714285714285
2022-11-16,57.06,60.02,60.06,56.18,1390000.0,-0.0556,58.55714285714286,57.82142857142857
2022-11-17,57.94,57.28,57.94,56.6,579820.0,0.0154,58.642857142857146,57.88714285714286
2022-11-18,58.92,58.3,59.64,57.86,728120.0,0.0169,58.89142857142857,58.05285714285714
2022-11-21,58.2,58.66,58.66,57.82,0.0,-0.012199999999999999,58.82571428571429,58.105714285714285
2022-11-22,58.42,57.88,58.6,57.36,481160.0,0.0038,58.63428571428572,58.21142857142858
2022-11-23,58.18,58.42,58.52,57.36,520320.00000000006,-0.0040999999999999995,58.448571428571434,58.36285714285714
2022-11-24,58.6,58.16,59.28,58.1,530900.0,0.0072,58.18857142857143,58.462857142857146
2022-11-25,58.66,58.84,58.9,57.98,328440.0,0.001,58.417142857142856,58.48714285714285
2022-11-28,58.02,58.2,58.3,57.72,404890.0,-0.0109,58.42857142857143,58.535714285714285
2022-11-29,58.0,58.0,58.36,57.36,539160.0,-0.0003,58.29714285714285,58.59428571428572
2022-11-30,58.34,58.36,59.5,58.3,1520000.0,0.0059,58.31714285714286,58.57142857142857
2022-12-01,57.54,58.82,59.1,57.38,804120.0,-0.0137,58.19142857142857,58.41285714285715
2022-12-02,58.42,57.5,58.54,57.16,620490.0,0.015300000000000001,58.22571428571428,58.33714285714286
2022-12-05,58.96,59.0,59.28,58.28,607230.0,0.0092,58.277142857142856,58.23285714285714
2022-12-06,58.36,59.0,59.42,57.52,587590.0,-0.0102,58.23428571428571,58.32571428571429
2022-12-07,57.0,58.18,58.54,57.0,548400.0,-0.0233,58.08857142857143,58.258571428571436
2022-12-08,56.52,56.52,57.46,56.1,638360.0,-0.0084,57.87714285714286,58.08714285714286
2022-12-09,56.64,56.64,57.06,55.66,570260.0,0.0021,57.63428571428572,57.97571428571428
2022-12-12,55.88,56.4,56.56,55.7,390350.0,-0.0134,57.39714285714286,57.794285714285714
2022-12-13,55.46,56.04,57.2,55.46,850570.0,-0.0075,56.97428571428571,57.60000000000001
2022-12-14,55.16,55.44,55.88,54.86,704330.0,-0.0054,56.431428571428576,57.354285714285716
2022-12-15,52.8,54.8,55.12,52.8,1160000.0,-0.042800000000000005,55.63714285714286,56.93571428571429
2022-12-16,51.96,52.9,53.44,51.96,2120000.0,-0.0159,54.917142857142856,56.50285714285714
2022-12-19,51.78,52.02,53.0,51.52,921950.0,-0.0034999999999999996,54.239999999999995,56.058571428571426
2022-12-20,50.92,51.3,51.44,50.68,774720.0,-0.0166,53.42285714285714,55.52857142857143
2022-12-21,51.6,51.04,51.9,50.62,564800.0,0.0134,52.81142857142857,55.10428571428571
2022-12-22,50.34,51.6,51.8,49.79,1090000.0,-0.024399999999999998,52.08,54.527142857142856
2022-12-23,50.46,50.32,51.02,50.1,528560.0,0.0024,51.40857142857143,53.92
2022-12-27,50.62,50.94,51.24,50.46,348250.0,0.0032,51.09714285714286,53.36714285714286
2022-12-28,50.2,50.6,50.6,49.92,456310.0,-0.0083,50.84571428571429,52.881428571428565
2022-12-29,51.3,50.0,51.38,49.95,530060.0,0.0219,50.77714285714286,52.50857142857143
2022-12-30,51.24,51.0,51.24,50.56,322330.0,-0.0012,50.82285714285714,52.12285714285714
2023-01-02,52.66,51.54,53.02,51.5,621930.0,0.0277,50.97428571428571,51.892857142857146
2023-01-03,53.0,52.6,53.68,52.56,522559.99999999994,0.006500000000000001,51.354285714285716,51.71714285714285
2023-01-04,53.86,53.3,54.28,53.18,591640.0,0.016200000000000003,51.839999999999996,51.62428571428571
2023-01-05,54.52,53.68,54.9,53.48,551540.0,0.0123,52.39714285714285,51.74714285714286
2023-01-06,54.9,54.46,55.22,53.48,516510.0,0.006999999999999999,53.068571428571424,51.957142857142856
2023-01-09,55.94,55.44,55.94,54.78,715800.0,0.0189,53.731428571428566,52.25428571428572
2023-01-10,56.8,55.8,57.14,55.7,837680.0,0.0154,54.52571428571429,52.67428571428571
2023-01-11,56.72,56.88,57.22,56.54,770700.0,-0.0014000000000000002,55.105714285714285,53.040000000000006
2023-01-12,56.26,56.22,56.94,56.08,1090000.0,-0.008100000000000001,55.57142857142857,53.462857142857146
2023-01-13,55.06,56.42,56.42,54.38,1460000.0,-0.0213,55.74285714285714,53.79142857142857
2023-01-16,55.28,55.24,55.6,54.88,365900.0,0.004,55.85142857142857,54.12428571428571
2023-01-17,55.64,55.44,55.98,54.86,654270.0,0.006500000000000001,55.95714285714286,54.51285714285715
2023-01-18,55.44,55.5,55.56,54.92,479350.0,-0.0036,55.88571428571429,54.808571428571426
2023-01-19,54.26,55.34,55.44,54.08,707320.0,-0.0213,55.52285714285715,55.02428571428571
2023-01-20,54.84,54.7,54.84,54.0,473480.0,0.010700000000000001,55.25428571428571,55.18
2023-01-23,54.86,55.22,55.56,54.52,390630.0,0.0004,55.05428571428571,55.31285714285714
2023-01-24,54.66,55.02,55.28,54.1,674770.0,-0.0036,54.997142857142855,55.37
2023-01-25,53.86,54.72,55.06,53.52,846090.0,-0.0146,54.794285714285714,55.32285714285714
2023-01-26,54.16,54.3,54.52,54.06,694720.0,0.005600000000000001,54.582857142857144,55.269999999999996
2023-01-27,54.64,54.4,55.1,54.3,645340.0,0.0089,54.46857142857142,55.17714285714285
2023-01-30,54.68,54.6,54.96,54.18,611550.0,0.0007000000000000001,54.528571428571425,55.02571428571429
2023-01-31,54.76,54.7,54.88,53.9,848290.0,0.0015,54.51714285714286,54.885714285714286
2023-02-01,55.5,55.1,55.5,54.4,862090.0,0.013500000000000002,54.60857142857143,54.83142857142857
2023-02-02,57.66,56.0,57.9,55.52,1070000.0,0.038900000000000004,55.037142857142854,55.01714285714286
2023-02-03,57.48,57.22,58.5,56.54,1050000.0,-0.0031,55.55428571428571,55.17428571428571
2023-02-06,56.68,57.66,57.86,56.22,685690.0,-0.0139,55.91428571428571,55.248571428571424
2023-02-07,56.78,56.78,56.92,55.96,620210.0,0.0018,56.21999999999999,55.34428571428572
2023-02-08,55.94,56.92,56.92,55.44,776730.0,-0.0148,56.39999999999999,55.464285714285715
2023-02-09,56.6,56.48,57.26,56.4,690110.0,0.0118,56.66285714285714,55.589999999999996
2023-02-10,55.12,56.56,56.76,54.8,969070.0,-0.026099999999999998,56.60857142857143,55.60857142857143
2023-02-13,54.94,55.4,55.5,54.76,469470.0,-0.0033,56.220000000000006,55.628571428571426
2023-02-14,55.26,55.38,55.74,54.74,605770.0,0.0058,55.902857142857144,55.728571428571435
2023-02-15,55.32,55.46,55.62,55.0,597420.0,0.0011,55.708571428571425,55.81142857142857
2023-02-16,56.0,55.7,56.48,55.54,728160.0,0.0123,55.597142857142856,55.90857142857143
2023-02-17,55.6,55.78,56.02,55.3,744840.0,-0.0070999999999999995,55.548571428571435,55.97428571428571
2023-02-20,55.56,56.12,56.16,55.4,542160.0,-0.0007000000000000001,55.4,56.03142857142857
2023-02-21,54.86,55.52,55.56,54.54,623850.0,-0.0126,55.36285714285714,55.98571428571428
2023-02-22,54.66,54.7,54.9,54.08,537660.0,-0.0036,55.32285714285714,55.771428571428565
2023-02-23,54.58,54.98,55.3,54.58,538910.0,-0.0015,55.22571428571428,55.56428571428571
2023-02-24,53.12,54.72,54.78,53.12,1070000.0,-0.026699999999999998,54.91142857142857,55.31
2023-02-27,53.36,53.4,53.76,53.34,448860.0,0.0045000000000000005,54.534285714285716,55.065714285714286
2023-02-28,53.76,53.3,53.78,52.94,820950.0,0.0075,54.271428571428565,54.910000000000004
2023-03-01,54.02,54.1,54.68,53.88,568020.0,0.0048,54.051428571428566,54.72571428571428
2023-03-02,54.26,53.64,54.46,53.54,522900.0,0.0044,53.965714285714284,54.66428571428571
2023-03-03,57.28,53.98,57.54,53.52,1780000.0,0.0557,54.339999999999996,54.83142857142858
2023-03-06,58.62,57.46,59.44,57.2,1800000.0,0.023399999999999997,54.917142857142856,55.07142857142857
2023-03-07,58.8,58.3,60.18,58.3,1170000.0,0.0031,55.728571428571435,55.32
2023-03-08,59.76,58.64,60.1,58.64,770580.0,0.0163,56.642857142857146,55.58857142857143
2023-03-09,58.48,59.72,59.78,57.96,685340.0,-0.021400000000000002,57.317142857142855,55.794285714285714
2023-03-10,57.64,57.2,57.64,56.38,773680.0,-0.0144,57.83428571428572,55.94285714285714
2023-03-13,55.4,57.68,57.74,54.76,1150000.0,-0.038900000000000004,57.99714285714286,55.98142857142857
2023-03-14,54.62,55.4,55.4,54.18,1080000.0,-0.0141,57.61714285714286,55.97857142857142
2023-03-15,51.94,54.72,55.18,51.94,2260000.0,-0.049100000000000005,56.66285714285714,55.79
2023-03-16,52.2,53.02,53.5,50.9,2020000.0,0.005,55.71999999999999,55.72428571428571
2023-03-17,51.1,52.22,53.02,50.82,1860000.0,-0.021099999999999997,54.48285714285714,55.56285714285714
2023-03-20,50.8,50.96,51.02,49.82,1040000.0,-0.0059,53.38571428571429,55.35142857142857
2023-03-21,52.16,51.26,52.32,51.14,780110.0,0.0268,52.60285714285714,55.21857142857142
2023-03-22,52.68,52.24,53.48,52.12,962460.0,0.01,52.214285714285715,55.105714285714285
2023-03-23,52.0,52.96,53.1,51.54,915690.0,-0.0129,51.839999999999996,54.728571428571435
2023-03-24,50.82,51.8,51.9,50.44,1130000.0,-0.0227,51.68,54.17142857142858
2023-03-27,52.08,51.38,52.78,51.32,887120.0,0.0248,51.66285714285714,53.69142857142857
2023-03-28,51.52,52.94,53.12,51.46,632180.0,-0.0108,51.722857142857144,53.10285714285714
2023-03-29,52.38,51.72,52.38,51.08,732220.0,0.0167,51.94857142857143,52.66714285714285
2023-03-30,53.12,52.68,53.42,52.58,692100.0,0.0141,52.08571428571429,52.34428571428571
2023-03-31,52.92,53.36,53.36,52.64,748670.0,-0.0038,52.12,52.167142857142856
2023-04-03,52.78,53.02,53.34,52.7,559120.0,-0.0026,52.23142857142857,52.035714285714285
2023-04-04,52.62,53.0,53.64,52.62,694280.0,-0.003,52.48857142857143,52.08428571428572
2023-04-05,52.12,52.68,52.84,51.76,717580.0,-0.0095,52.494285714285716,52.07857142857143
2023-04-06,52.18,51.94,52.36,51.66,429900.0,0.0012,52.58857142857143,52.15571428571428
2023-04-11,52.92,52.98,53.6,52.72,686480.0,0.014199999999999999,52.66571428571428,52.307142857142864
2023-04-12,52.6,52.9,53.58,52.6,681830.0,-0.006,52.59142857142857,52.33857142857143
2023-04-13,52.5,52.62,52.96,52.18,694610.0,-0.0019,52.53142857142858,52.325714285714284
2023-04-14,53.46,52.86,53.8,52.8,963370.0,0.0183,52.628571428571426,52.43
2023-04-17,52.54,53.82,53.88,52.54,914680.0,-0.0172,52.61714285714286,52.55285714285714
2023-04-18,52.22,52.7,52.98,52.22,673360.0,-0.0060999999999999995,52.631428571428565,52.56285714285714
2023-04-19,52.36,52.06,52.46,51.72,539030.0,0.0027,52.65714285714286,52.62285714285714
2023-04-20,50.16,52.26,52.26,49.98,2020000.0,-0.042,52.26285714285715,52.464285714285715
2023-04-21,50.76,50.62,50.84,50.08,994960.0,0.012,52.0,52.29571428571428
2023-04-24,50.92,50.98,51.46,50.66,616420.0,0.0032,51.77428571428571,52.152857142857144
2023-04-25,50.08,50.82,50.88,49.89,1030000.0,-0.0165,51.291428571428575,51.959999999999994
2023-04-26,49.86,50.0,50.2,49.54,1010000.0,-0.0044,50.90857142857143,51.762857142857136
2023-04-27,49.89,49.8,50.3,49.36,877770.0,0.0006,50.57571428571429,51.60357142857142
2023-04-28,50.48,50.12,50.56,48.38,1930000.0,0.0118,50.30714285714286,51.482142857142854
2023-05-02,49.63,50.66,50.92,49.53,959090.0,-0.0168,50.23142857142857,51.247142857142855
2023-05-03,49.92,49.9,50.24,49.05,744830.0,0.0058,50.11142857142857,51.055714285714295
2023-05-04,50.04,50.3,50.52,49.62,694330.0,0.0024,49.98571428571429,50.88
2023-05-05,50.96,50.22,51.12,50.06,973850.0,0.0184,50.11142857142857,50.70142857142857
2023-05-08,51.6,51.2,51.7,50.9,669120.0,0.0126,50.36,50.63428571428572
2023-05-09,51.24,51.8,51.96,51.02,570240.0,-0.006999999999999999,50.55285714285714,50.56428571428571
2023-05-10,51.32,51.58,51.84,51.08,469780.0,0.0016,50.67285714285715,50.49
2023-05-11,52.34,51.52,52.68,51.24,1130000.0,0.0199,51.06,50.64571428571429
2023-05-12,52.44,52.72,52.84,51.8,906980.0,0.0019,51.42,50.76571428571429
2023-05-15,52.26,52.86,53.46,52.1,809060.0,-0.0034000000000000002,51.73714285714285,50.86142857142857
2023-05-16,51.4,52.02,52.26,51.3,916420.0,-0.0165,51.800000000000004,50.955714285714286
2023-05-17,51.24,51.14,51.56,50.76,546710.0,-0.0031,51.74857142857143,51.05428571428571
2023-05-18,53.32,51.62,53.36,51.48,991120.0,0.0406,52.04571428571428,51.299285714285716
2023-05-19,53.72,53.52,54.42,53.34,1100000.0,0.0075,52.388571428571424,51.53071428571429
2023-05-22,54.6,53.7,54.74,53.62,773710.0,0.016399999999999998,52.71142857142858,51.88571428571429
2023-05-23,55.52,54.76,55.9,54.58,1300000.0,0.0168,53.151428571428575,52.285714285714285
2023-05-24,54.24,55.22,55.3,54.0,899730.0,-0.0231,53.43428571428571,52.58571428571429
2023-05-25,53.92,54.6,54.6,53.68,428640.0,-0.0059,53.794285714285714,52.79714285714285
2023-05-26,54.46,54.14,54.7,53.86,468850.0,0.01,54.25428571428571,53.001428571428576
2023-05-29,54.28,54.9,55.0,54.06,302360.0,-0.0033,54.39142857142857,53.21857142857143
2023-05-30,54.02,54.2,54.82,53.94,482490.0,-0.0048,54.434285714285714,53.41142857142857
2023-05-31,51.9,53.82,53.9,51.74,1970000.0,-0.0392,54.048571428571435,53.379999999999995
2023-06-01,52.22,52.26,52.64,51.86,681530.0,0.0062,53.57714285714286,53.364285714285714
2023-06-02,54.16,52.86,54.36,52.64,1130000.0,0.037200000000000004,53.56571428571429,53.5
2023-06-05,55.2,54.38,55.34,54.06,819180.0,0.0192,53.74857142857143,53.77142857142858
2023-06-06,55.2,54.98,55.38,54.88,542910.0,0.0,53.854285714285716,54.05428571428572
2023-06-07,55.3,55.32,55.4,54.56,641230.0,0.0018,54.0,54.19571428571429
2023-06-08,55.76,55.28,56.64,55.22,701390.0,0.0083,54.24857142857143,54.34142857142857
2023-06-09,56.46,56.0,56.48,55.74,574030.0,0.0126,54.89999999999999,54.47428571428572
2023-06-12,56.82,56.78,57.18,56.56,823540.0,0.0064,55.55714285714286,54.567142857142855
2023-06-13,57.6,57.5,57.68,57.02,952280.0,0.0137,56.04857142857143,54.80714285714286
2023-06-14,57.94,58.0,58.86,57.94,1050000.0,0.0059,56.44,55.09428571428572
2023-06-15,57.46,58.0,58.02,56.74,708580.0,-0.0083,56.76285714285715,55.308571428571426
2023-06-16,57.36,57.64,57.76,57.2,1030000.0,-0.0017000000000000001,57.05714285714286,55.528571428571425
2023-06-19,57.62,57.08,57.8,57.08,652360.0,0.0045000000000000005,57.32285714285714,55.785714285714285
2023-06-20,56.48,57.48,57.62,56.38,953060.0,-0.019799999999999998,57.32571428571429,56.112857142857145
2023-06-21,55.72,56.5,56.92,55.52,773230.0,-0.013500000000000002,57.16857142857143,56.362857142857145
2023-06-22,54.68,54.74,55.02,53.66,1370000.0,-0.0187,56.75142857142857,56.4
2023-06-23,54.14,54.72,54.84,53.72,932120.0,-0.009899999999999999,56.208571428571425,56.324285714285715
2023-06-26,54.28,54.36,54.68,53.52,779310.0,0.0026,55.75428571428572,56.25857142857142
2023-06-27,53.64,54.64,54.9,53.32,1090000.0,-0.0118,55.222857142857144,56.14
2023-06-28,54.8,53.82,54.98,53.8,1030000.0,0.0216,54.82,56.07142857142857
2023-06-29,54.9,55.12,55.5,54.82,754270.0,0.0018,54.59428571428571,55.959999999999994
2023-06-30,55.16,55.4,55.56,54.9,919930.0,0.004699999999999999,54.51428571428572,55.84142857142857
2023-07-03,53.34,53.24,54.04,53.24,795840.0,-0.033,54.32285714285714,55.537142857142854
2023-07-04,53.08,53.4,53.5,52.92,616230.0,-0.0049,54.17142857142858,55.19
2023-07-05,52.92,52.74,53.16,52.42,652230.0,-0.003,53.97714285714285,54.86571428571428
2023-07-06,51.94,52.56,52.56,51.62,827710.0,-0.018500000000000003,53.73428571428571,54.478571428571435
2023-07-07,52.6,52.0,52.74,51.48,759250.0,0.0127,53.42,54.12
2023-07-10,52.42,52.54,52.68,52.02,513770.0,-0.0034000000000000002,53.06571428571429,53.83
2023-07-11,52.96,52.78,53.04,52.12,533610.0,0.0103,52.75142857142857,53.632857142857134
2023-07-12,53.62,53.0,53.7,52.72,733410.0,0.0125,52.791428571428575,53.55714285714286
2023-07-13,53.7,53.64,54.08,53.4,848920.0,0.0015,52.88,53.52571428571429
2023-07-14,53.76,53.54,53.78,53.2,498490.0,0.0011,53.0,53.48857142857143
2023-07-17,53.38,53.36,53.54,53.04,449780.0,-0.0070999999999999995,53.205714285714286,53.46999999999999
2023-07-18,53.72,53.26,53.96,53.08,448760.0,0.0064,53.36571428571428,53.392857142857146
2023-07-19,54.04,53.96,54.12,53.6,619090.0,0.006,53.59714285714285,53.33142857142857
2023-07-20,54.04,53.9,54.44,53.78,499080.0,0.0,53.75142857142857,53.251428571428576
2023-07-21,54.0,53.9,54.46,53.7,446540.0,-0.0007000000000000001,53.80571428571428,53.298571428571435
2023-07-24,54.46,53.8,54.46,53.66,519260.0,0.0085,53.91428571428571,53.39714285714285
2023-07-25,54.3,54.5,54.94,54.24,604150.0,-0.0029,53.99142857142857,53.49571428571429
2023-07-26,53.64,54.34,54.44,52.8,885440.0,-0.012199999999999999,54.02857142857143,53.61714285714286
2023-07-27,53.8,53.78,53.86,52.62,761330.0,0.003,54.04,53.70285714285715
2023-07-28,53.74,53.56,53.94,53.1,625150.0,-0.0011,53.99714285714286,53.79714285714285
2023-07-31,53.78,53.88,54.28,53.78,560960.0,0.0007000000000000001,53.96,53.855714285714285
2023-08-01,53.38,53.94,54.04,52.98,660400.0,-0.0074,53.871428571428574,53.83857142857143
2023-08-02,52.7,52.72,53.0,52.36,614210.0,-0.0127,53.62,53.76714285714286
2023-08-03,52.3,52.5,52.86,52.0,553950.0,-0.0076,53.33428571428572,53.66285714285714
2023-08-04,52.36,52.58,52.92,52.2,379090.0,0.0011,53.15142857142858,53.589999999999996
2023-08-07,52.14,52.3,52.7,51.94,495120.0,-0.0042,52.91428571428572,53.47714285714285
2023-08-08,50.64,51.9,52.2,49.98,1820000.0,-0.0288,52.471428571428575,53.23428571428571
2023-08-09,50.64,50.96,51.58,50.64,850840.0,0.0,52.02285714285714,52.99142857142857
2023-08-10,51.08,50.76,51.46,50.6,580180.0,0.0087,51.69428571428572,52.78285714285714
2023-08-11,50.68,51.0,51.3,50.58,721570.0,-0.0078000000000000005,51.40571428571428,52.51285714285715
2023-08-14,50.32,50.6,50.88,50.22,538260.0,-0.0070999999999999995,51.12285714285714,52.22857142857142
2023-08-15,50.24,50.32,50.54,49.92,1010000.0,-0.0016,50.81999999999999,51.98571428571428
2023-08-16,49.92,50.04,50.1,49.78,604230.0,-0.0064,50.50285714285714,51.70857142857143
2023-08-17,49.69,49.79,50.2,49.56,528640.0,-0.0046,50.36714285714286,51.419285714285714
2023-08-18,48.98,49.5,49.53,48.19,1270000.0,-0.0143,50.13,51.07642857142857
2023-08-21,49.03,48.81,49.52,48.81,451930.0,0.001,49.83714285714286,50.76571428571429
2023-08-22,49.12,49.44,49.46,49.03,437830.0,0.0018,49.614285714285714,50.51
2023-08-23,49.13,49.08,49.42,48.77,389110.0,0.0002,49.44428571428572,50.28357142857143
2023-08-24,48.68,49.42,49.54,48.58,475170.0,-0.0092,49.221428571428575,50.02071428571429
2023-08-25,48.67,48.55,48.89,48.51,335820.0,-0.0002,49.042857142857144,49.77285714285715
2023-08-28,48.88,49.0,49.12,48.53,359520.0,0.0043,48.92714285714286,49.64714285714286
2023-08-29,49.52,49.08,49.64,49.0,577120.0,0.0131,49.00428571428571,49.567142857142855
2023-08-30,49.63,49.65,49.98,49.35,382390.0,0.0022,49.089999999999996,49.46357142857143
2023-08-31,49.57,49.72,50.02,49.5,688040.0,-0.0012,49.15428571428572,49.38428571428572
2023-09-01,48.5,49.28,49.28,48.2,1340000.0,-0.0216,49.064285714285724,49.25428571428572
2023-09-04,48.69,48.6,49.14,48.58,539540.0,0.0039000000000000003,49.06571428571429,49.14357142857143
2023-09-05,49.01,48.58,49.02,48.13,613430.0,0.0066,49.114285714285714,49.07857142857142
2023-09-06,48.86,48.88,49.44,48.68,370400.0,-0.0031,49.11142857142857,49.019285714285715
2023-09-07,48.35,48.7,48.79,48.02,606530.0,-0.0104,48.94428571428572,48.97428571428571
2023-09-08,48.08,48.42,48.44,47.4,699130.0,-0.005600000000000001,48.722857142857144,48.90642857142858
2023-09-11,48.46,48.28,48.67,48.17,473490.0,0.0079,48.56428571428571,48.85928571428571
2023-09-12,48.9,48.76,49.43,48.41,663420.0,0.0091,48.62142857142857,48.84285714285715
2023-09-13,48.85,48.86,50.32,48.73,852040.0,-0.001,48.644285714285715,48.855
2023-09-14,48.53,48.8,48.82,47.76,889830.0,-0.0066,48.575714285714284,48.845000000000006
2023-09-15,49.01,48.9,49.34,48.62,1560000.0,0.009899999999999999,48.59714285714285,48.854285714285716
2023-09-18,47.74,49.1,49.13,47.53,1490000.0,-0.0259,48.51,48.72714285714286
2023-09-19,48.15,47.91,48.68,47.82,976070.0,0.0086,48.52,48.621428571428574
2023-09-20,49.49,48.2,49.85,48.2,1170000.0,0.0278,48.66714285714285,48.61571428571428
2023-09-21,48.96,49.02,49.38,48.39,683230.0,-0.010700000000000001,48.675714285714285,48.64857142857142
2023-09-22,49.0,48.64,49.29,48.34,605040.0,0.0008,48.69714285714286,48.67071428571428
2023-09-25,48.6,48.85,48.85,48.17,553220.0,-0.008199999999999999,48.70714285714286,48.64142857142857
2023-09-26,46.9,48.46,48.5,46.62,1680000.0,-0.035,48.40571428571429,48.50142857142857
2023-09-27,46.7,46.9,47.31,46.43,614950.0,-0.0043,48.25714285714286,48.38357142857143
2023-09-28,46.21,46.53,46.56,45.55,1150000.0,-0.0105,47.980000000000004,48.25
2023-09-29,46.65,46.43,46.96,46.32,678330.0,0.0095,47.574285714285715,48.12071428571429
2023-10-02,46.65,46.9,47.47,46.43,539430.0,0.0,47.24428571428571,47.959999999999994
2023-10-03,46.17,46.5,46.62,45.99,492780.0,-0.0103,46.839999999999996,47.76857142857143
2023-10-04,46.16,45.79,46.31,45.06,510870.0,-0.0002,46.491428571428564,47.59928571428571
2023-10-05,45.97,46.08,46.33,45.9,376660.0,-0.0040999999999999995,46.35857142857143,47.38214285714285
2023-10-06,46.08,46.0,46.45,45.62,619810.0,0.0024,46.269999999999996,47.263571428571424
2023-10-09,45.75,45.9,45.96,45.4,511150.0,-0.0072,46.20428571428571,47.09214285714285
2023-10-10,46.58,45.89,47.16,45.89,1300000.0,0.0181,46.19428571428572,46.88428571428572
2023-10-11,47.16,46.41,47.56,46.19,826080.0,0.0125,46.26714285714286,46.75571428571429
2023-10-12,47.1,47.54,47.91,47.03,535200.0,-0.0013,46.4,46.620000000000005
2023-10-13,46.53,47.0,47.31,46.4,623770.0,-0.0121,46.452857142857134,46.472142857142856
2023-10-16,46.85,46.57,47.12,46.23,482630.0,0.0069,46.57857142857143,46.46857142857143
2023-10-17,46.65,46.8,46.8,46.02,693970.0,-0.0043,46.660000000000004,46.464999999999996
2023-10-18,46.38,46.64,47.06,46.27,402860.0,-0.0058,46.75,46.47714285714285
2023-10-19,45.81,46.0,46.65,45.32,935060.0,-0.0123,46.63999999999999,46.417142857142856
2023-10-20,44.6,45.41,45.41,44.45,1650000.0,-0.0264,46.27428571428572,46.270714285714284
2023-10-23,43.78,44.85,44.86,43.15,1610000.0,-0.0184,45.8,46.1
2023-10-24,43.34,43.54,43.63,43.15,657810.0,-0.0101,45.34428571428572,45.89857142857142
2023-10-25,43.19,43.45,43.49,42.71,748210.0,-0.0034999999999999996,44.82142857142857,45.699999999999996
2023-10-26,42.7,42.51,42.91,41.65,1120000.0,-0.0113,44.25714285714286,45.45857142857143
2023-10-27,42.26,42.72,43.15,41.99,1050000.0,-0.0103,43.66857142857143,45.20928571428572
2023-10-30,41.95,42.34,42.62,41.8,828680.0,-0.0073,43.117142857142866,44.878571428571426
2023-10-31,42.15,42.04,42.47,41.7,821500.0,0.0048,42.76714285714286,44.520714285714284
2023-11-01,42.54,42.55,42.7,42.14,572760.0,0.009300000000000001,42.589999999999996,44.195
2023-11-02,43.64,43.05,44.11,42.87,1280000.0,0.0259,42.63285714285714,43.98857142857143
2023-11-03,44.76,44.18,45.28,44.03,1730000.0,0.025699999999999997,42.857142857142854,43.839285714285715
2023-11-06,44.71,45.02,45.3,44.62,504760.0,-0.0011,43.144285714285715,43.70071428571429
2023-11-07,44.16,44.36,44.76,43.94,612690.0,-0.0123,43.41571428571429,43.542142857142856
2023-11-08,44.35,43.93,44.75,43.75,454890.0,0.0043,43.75857142857143,43.43785714285714
2023-11-09,44.44,44.58,44.86,44.15,473600.0,0.002,44.08571428571428,43.42642857142857
2023-11-10,43.78,44.01,44.09,43.47,670450.0,-0.0149,44.262857142857136,43.426428571428566
2023-11-13,44.13,43.8,44.4,43.69,590750.0,0.008,44.332857142857144,43.48285714285714
2023-11-14,45.68,44.4,46.11,44.26,1480000.0,0.0351,44.464285714285715,43.660714285714285
2023-11-15,46.7,46.0,47.19,45.8,962460.0,0.0223,44.74857142857143,43.94642857142857
2023-11-16,45.94,46.37,46.98,45.78,892320.0,-0.0163,45.00285714285714,44.20928571428571
2023-11-17,46.15,45.92,46.69,45.9,556200.0,0.0046,45.260000000000005,44.50928571428572
2023-11-20,46.7,46.51,47.03,46.22,854050.0,0.011899999999999999,45.58285714285715,44.83428571428572
2023-11-21,45.9,46.46,46.69,45.87,645520.0,-0.0171,45.885714285714286,45.074285714285715
2023-11-22,45.56,45.83,46.19,45.52,544380.0,-0.0074,46.089999999999996,45.21142857142858
2023-11-23,45.12,45.53,45.78,45.04,814970.0,-0.0097,46.01,45.23714285714285
2023-11-24,44.96,44.85,45.11,44.1,861450.0,-0.0034999999999999996,45.76142857142857,45.254999999999995
2023-11-27,44.67,44.99,45.0,44.16,819740.0,-0.006500000000000001,45.58,45.291428571428575
2023-11-28,44.38,44.44,44.49,43.91,650990.0,-0.006500000000000001,45.32714285714285,45.29357142857143
2023-11-29,45.21,44.42,45.77,44.42,1280000.0,0.0187,45.114285714285714,45.348571428571425
2023-11-30,44.86,45.48,45.68,44.69,1160000.0,-0.0077,44.965714285714284,45.425714285714285
2023-12-01,45.16,45.1,45.22,44.56,635320.0,0.0067,44.90857142857143,45.499285714285705
2023-12-04,45.34,45.19,45.52,44.91,650740.0,0.004,44.94,45.475
2023-12-05,45.88,45.19,45.96,45.1,559390.0,0.011899999999999999,45.07142857142857,45.41642857142857
2023-12-06,47.3,46.26,47.85,46.17,1500000.0,0.031,45.44714285714286,45.51357142857143
2023-12-07,46.89,46.98,47.08,46.37,729440.0,-0.0087,45.80571428571428,45.566428571428574
2023-12-08,47.15,46.87,47.26,46.57,581890.0,0.0055000000000000005,46.082857142857144,45.598571428571425
2023-12-11,47.21,47.18,47.65,46.66,588370.0,0.0013,46.41857142857143,45.69214285714286
2023-12-12,46.83,47.44,47.68,46.83,689350.0,-0.008,46.65714285714286,45.78285714285714
2023-12-13,46.49,46.76,47.17,46.49,657690.0,-0.0073,46.82142857142857,45.880714285714284
2023-12-14,48.39,47.36,48.83,47.16,2560000.0,0.0409,47.18000000000001,46.12571428571429
2023-12-15,48.27,48.75,49.45,48.2,2000000.0,-0.0025,47.31857142857143,46.382857142857134
2023-12-18,48.24,47.87,48.67,47.36,1060000.0,-0.0006,47.511428571428574,46.65857142857142
2023-12-19,47.62,48.0,48.35,47.52,914190.0,-0.0129,47.57857142857143,46.830714285714286
2023-12-20,47.31,47.63,48.08,47.17,570850.0,-0.006500000000000001,47.59285714285715,47.00571428571429
2023-12-21,46.68,46.75,46.8,46.11,842060.0,-0.013300000000000001,47.57142857142858,47.114285714285714
2023-12-22,46.76,46.62,46.95,46.52,425550.0,0.0017000000000000001,47.61000000000001,47.215714285714284
2023-12-27,46.82,46.76,47.05,46.47,406580.0,0.0013,47.385714285714286,47.28285714285715
2023-12-28,46.41,46.8,46.92,46.25,407560.0,-0.0088,47.12,47.21928571428571
2023-12-29,46.32,46.4,46.58,46.18,317240.0,-0.0019,46.84571428571428,47.17857142857143
2024-01-02,46.82,46.5,47.27,46.12,678960.0,0.0108,46.73142857142857,47.154999999999994
2024-01-03,46.0,46.77,47.11,45.68,876150.0,-0.0175,46.544285714285714,47.068571428571424
2024-01-04,46.09,46.06,46.44,45.94,696950.0,0.002,46.459999999999994,47.01571428571429
2024-01-05,45.97,45.9,46.3,45.43,706310.0,-0.0026,46.347142857142856,46.978571428571435
2024-01-08,46.51,45.96,46.59,45.6,416730.0,0.011699999999999999,46.30285714285714,46.84428571428572
2024-01-09,46.57,46.77,46.81,46.2,415630.0,0.0013,46.32571428571429,46.72285714285714
2024-01-10,46.33,46.51,47.04,46.29,815500.0,-0.0052,46.32714285714286,46.58642857142858
2024-01-11,46.15,46.88,47.09,46.14,756410.0,-0.0039000000000000003,46.23142857142857,46.48142857142857
2024-01-12,44.97,46.25,46.3,44.84,1110000.0,-0.0256,46.08428571428571,46.31428571428571
2024-01-15,45.22,45.0,45.38,44.6,641100.0,0.005600000000000001,45.96,46.21
2024-01-16,44.46,45.01,45.05,44.01,1440000.0,-0.0168,45.74428571428571,46.04571428571428
2024-01-17,44.07,43.78,44.34,43.29,1520000.0,-0.0088,45.395714285714284,45.84928571428571
2024-01-18,44.23,44.05,44.55,43.87,612120.0,0.0036,45.06142857142857,45.69357142857143
2024-01-19,43.44,44.36,44.54,43.27,923270.0,-0.0179,44.64857142857143,45.48785714285714
2024-01-22,43.75,43.76,44.2,43.43,530870.0,0.0070999999999999995,44.30571428571428,45.26857142857143
2024-01-23,45.03,43.92,45.43,43.75,1190000.0,0.029300000000000003,44.31428571428571,45.19928571428572
2024-01-24,45.61,45.64,46.02,45.02,1000000.0,0.0129,44.370000000000005,45.165
2024-01-25,45.24,45.46,45.52,44.96,531390.0,-0.008100000000000001,44.48142857142857,45.11285714285714
2024-01-26,45.76,45.16,46.14,44.81,1130000.0,0.0115,44.722857142857144,45.05928571428571
2024-01-29,45.54,45.7,45.77,44.86,1340000.0,-0.0048,44.910000000000004,44.98571428571429
2024-01-30,45.83,45.87,46.09,45.24,711850.0,0.0064,45.25142857142857,44.949999999999996
2024-01-31,46.5,45.8,46.86,45.5,1380000.0,0.0146,45.644285714285715,44.975
2024-02-01,46.09,46.21,46.67,45.91,724440.0,-0.0088,45.79571428571428,45.055
2024-02-02,46.91,46.43,47.88,46.38,2340000.0,0.0178,45.98142857142857,45.17571428571428
2024-02-05,46.2,46.98,47.06,46.01,917370.0,-0.0151,46.11857142857143,45.300000000000004
2024-02-06,45.97,46.43,46.63,45.5,846550.0,-0.005,46.14857142857142,45.43571428571429
2024-02-07,45.68,45.71,46.55,45.68,793490.0,-0.0063,46.16857142857143,45.53928571428571
2024-02-08,45.91,45.75,46.21,45.7,535570.0,0.005,46.18,45.715714285714284
2024-02-09,45.99,46.24,46.46,45.85,624860.0,0.0017000000000000001,46.107142857142854,45.87571428571429
2024-02-12,46.45,46.18,46.86,46.09,720190.0,0.01,46.15857142857143,45.97714285714285
2024-02-13,46.18,46.43,47.06,45.96,811500.0,-0.0058,46.05428571428571,46.017857142857146
2024-02-14,45.98,46.07,46.2,45.55,703490.0,-0.0043,46.02285714285714,46.07071428571429
2024-02-15,46.77,46.24,46.94,45.92,1040000.0,0.0172,46.137142857142855,46.142857142857146
2024-02-16,47.47,47.08,48.01,47.02,1130000.0,0.015,46.392857142857146,46.28071428571428
2024-02-19,46.06,47.46,47.55,45.79,1340000.0,-0.0297,46.41428571428571,46.297142857142866
2024-02-20,45.14,45.79,46.0,44.87,1160000.0,-0.02,46.292857142857144,46.2
2024-02-21,45.6,45.2,45.97,45.04,877890.0,0.0102,46.17142857142857,46.165000000000006
2024-02-22,48.02,46.38,48.33,46.26,2270000.0,0.053099999999999994,46.434285714285714,46.244285714285716
2024-02-23,48.83,48.3,49.38,48.2,965540.0,0.0169,46.84142857142858,46.43214285714286
2024-02-26,48.92,48.67,49.12,48.49,522320.00000000006,0.0018,47.14857142857143,46.642857142857146
2024-02-27,49.41,48.87,50.14,48.74,1480000.0,0.01,47.425714285714285,46.909285714285716
2024-02-28,49.46,49.63,49.79,49.08,933350.0,0.001,47.91142857142857,47.16285714285715
2024-02-29,49.38,49.64,50.04,49.35,957260.0,-0.0016,48.51714285714286,47.40500000000001
2024-03-01,49.09,49.85,50.74,48.0,1730000.0,-0.0059,49.01571428571429,47.59357142857143
2024-03-04,48.45,49.04,49.11,48.22,634440.0,-0.013000000000000001,49.07714285714285,47.75571428571429
2024-03-05,48.24,48.3,48.34,47.55,507420.0,-0.0043,48.99285714285714,47.917142857142856
2024-03-06,47.64,48.18,48.47,47.51,791140.0,-0.0124,48.809999999999995,47.979285714285716
2024-03-07,47.05,47.5,47.52,46.5,662760.0,-0.0124,48.472857142857144,47.94928571428572
2024-03-08,46.52,47.0,47.0,46.3,630860.0,-0.0113,48.05285714285715,47.982142857142854
2024-03-11,46.83,46.42,46.84,46.14,478700.0,0.0067,47.68857142857143,48.10285714285714
2024-03-12,48.82,46.75,49.09,46.15,1570000.0,0.0425,47.65,48.332857142857144
2024-03-13,47.54,48.85,49.12,47.25,1280000.0,-0.0262,47.52,48.29857142857143
2024-03-14,46.97,47.57,48.11,46.88,785120.0,-0.012,47.33857142857143,48.16571428571429
2024-03-15,47.27,47.07,47.92,47.07,1350000.0,0.0064,47.285714285714285,48.04785714285714
2024-03-18,48.34,47.5,48.47,47.42,1280000.0,0.0226,47.470000000000006,47.971428571428575
2024-03-19,48.46,48.4,48.74,48.09,784550.0,0.0025,47.747142857142855,47.9
2024-03-20,48.78,48.47,48.8,48.05,711350.0,0.0066,48.02571428571429,47.857142857142854
2024-03-21,48.55,48.9,49.34,47.94,1240000.0,-0.004699999999999999,47.987142857142864,47.818571428571424
2024-03-22,49.0,48.5,49.94,48.18,1740000.0,0.009300000000000001,48.19571428571429,47.85785714285714
2024-03-25,48.68,49.07,49.54,48.28,787060.0,-0.006500000000000001,48.440000000000005,47.88928571428572
2024-03-26,49.17,49.15,49.38,48.38,956320.0,0.0101,48.71142857142858,47.99857142857143
2024-03-27,49.04,49.12,49.52,48.65,1070000.0,-0.0026,48.81142857142857,48.14071428571428
2024-03-28,49.12,49.12,49.47,48.89,685110.0,0.0016,48.90571428571429,48.326428571428565
2024-04-02,48.97,48.72,49.02,48.48,667680.0,-0.0031,48.93285714285714,48.479285714285716
2024-04-03,50.58,49.01,50.72,48.87,1290000.0,0.0329,49.22285714285714,48.605000000000004
2024-04-04,51.26,50.78,51.58,50.7,774840.0,0.0134,49.54571428571428,48.87071428571429
2024-04-05,50.74,51.18,51.22,50.3,717780.0,-0.0101,49.839999999999996,49.14
2024-04-08,51.4,51.04,51.66,50.96,662800.0,0.013000000000000001,50.15857142857143,49.435
2024-04-09,51.38,51.4,51.78,51.14,643000.0,-0.0004,50.49285714285714,49.652142857142856
2024-04-10,51.54,51.7,52.32,51.18,608780.0,0.0031,50.83857142857143,49.872142857142855
2024-04-11,51.12,51.48,51.64,50.74,515450.00000000006,-0.008100000000000001,51.145714285714284,50.03928571428571
2024-04-12,50.62,51.58,51.66,50.32,616060.0,-0.0098,51.15142857142856,50.18714285714286
2024-04-15,50.56,50.68,51.48,50.56,566230.0,-0.0012,51.051428571428566,50.298571428571435
2024-04-16,49.56,49.93,49.94,49.09,910950.0,-0.019799999999999998,50.88285714285714,50.36142857142857
2024-04-17,49.03,49.4,49.6,48.94,463180.0,-0.010700000000000001,50.544285714285714,50.35142857142857
2024-04-18,49.38,49.24,49.51,48.93,426030.0,0.0070999999999999995,50.25857142857143,50.37571428571429
2024-04-19,48.97,48.89,49.12,48.28,498870.0,-0.0083,49.89142857142857,50.365
2024-04-22,49.23,49.2,49.48,48.81,357250.0,0.0053,49.62142857142857,50.38357142857143
2024-04-23,49.5,49.49,49.58,48.91,462210.0,0.0055000000000000005,49.46142857142858,50.30642857142857
2024-04-24,49.34,49.46,49.69,49.05,375690.0,-0.0032,49.28714285714286,50.169285714285714
2024-04-25,48.94,49.34,49.52,48.6,411500.0,-0.008100000000000001,49.198571428571434,50.04071428571428
2024-04-26,49.35,49.31,49.78,49.22,573450.0,0.0084,49.24428571428571,49.894285714285715
2024-04-29,49.26,49.5,49.82,49.15,386660.0,-0.0018,49.22714285714285,49.74285714285714
2024-04-30,47.93,49.21,49.24,47.62,1470000.0,-0.027000000000000003,49.07857142857143,49.48500000000001
2024-05-02,48.04,48.07,48.35,47.67,546710.0,0.0023,48.90857142857143,49.265
2024-05-03,48.73,48.5,49.25,48.26,485400.0,0.0144,48.798571428571435,49.13
2024-05-06,49.13,49.0,49.61,48.78,575620.0,0.008199999999999999,48.76857142857143,49.027857142857144
2024-05-07,49.6,49.4,49.79,49.27,540590.0,0.0096,48.86285714285714,49.03071428571429
2024-05-08,49.2,49.56,49.62,49.02,443950.0,-0.008100000000000001,48.84142857142857,49.042857142857144
2024-05-09,49.63,49.17,49.91,49.13,389460.0,0.0087,48.89428571428572,49.06071428571429
2024-05-10,49.32,49.86,50.12,49.32,903030.0,-0.0062,49.09285714285715,49.08571428571429
2024-05-13,50.02,49.5,50.24,49.5,593200.0,0.014199999999999999,49.37571428571429,49.14214285714286
2024-05-14,50.54,50.2,50.9,49.97,534730.0,0.0104,49.63428571428572,49.21642857142857
2024-05-15,50.08,50.74,51.14,49.92,552700.0,-0.0091,49.769999999999996,49.269285714285715
2024-05-16,49.89,49.99,50.14,49.63,552260.0,-0.0038,49.81142857142857,49.33714285714286
2024-05-17,49.64,49.8,50.34,49.42,644080.0,-0.005,49.87428571428571,49.35785714285714
2024-05-20,49.41,49.33,49.74,49.22,472630.0,-0.0046,49.84285714285714,49.368571428571435
2024-05-21,49.43,49.23,49.65,48.92,461400.0,0.0004,49.85857142857143,49.47571428571428
2024-05-22,48.62,49.0,49.1,48.2,850950.0,-0.016399999999999998,49.65857142857143,49.51714285714286
2024-05-23,48.07,48.61,48.77,48.0,777190.0,-0.0113,49.30571428571428,49.46999999999999
2024-05-24,48.57,47.7,48.76,47.58,551980.0,0.0104,49.089999999999996,49.43
2024-05-27,49.92,48.65,50.5,48.59,971320.0,0.0278,49.09428571428572,49.452857142857134
2024-05-28,50.34,50.16,50.78,50.06,476570.0,0.0084,49.194285714285705,49.534285714285716
2024-05-29,49.5,50.2,50.38,49.32,653770.0,-0.0167,49.207142857142856,49.525
2024-05-30,50.1,49.33,50.5,49.3,593260.0,0.0121,49.30285714285714,49.580714285714286
2024-05-31,50.52,50.2,50.62,49.9,723470.0,0.0084,49.574285714285715,49.61642857142857
2024-06-03,50.44,51.1,51.26,50.38,595580.0,-0.0016,49.91285714285714,49.60928571428572
2024-06-04,50.18,50.46,50.5,49.7,493130.0,-0.0052,50.142857142857146,49.61642857142857
2024-06-05,50.1,50.46,50.74,50.0,516429.99999999994,-0.0016,50.16857142857143,49.63142857142857
2024-06-06,50.08,50.4,50.42,49.75,559880.0,-0.0004,50.13142857142857,49.66285714285714
2024-06-07,49.44,50.08,50.16,49.25,553700.0,-0.0128,50.12285714285714,49.665
2024-06-10,49.57,49.38,49.7,48.62,820050.0,0.0026,50.04714285714285,49.675000000000004
2024-06-11,49.19,49.73,49.74,48.57,1020000.0,-0.0077,49.857142857142854,49.715714285714284
2024-06-12,45.66,46.84,46.94,45.64,1400000.0,-0.0718,49.174285714285716,49.54357142857143
2024-06-13,43.0,45.5,45.5,42.91,3100000.0,-0.0583,48.14857142857143,49.145714285714284
2024-06-14,42.46,43.12,43.18,42.08,1580000.0,-0.0126,47.05714285714286,48.612857142857145
2024-06-17,42.72,42.6,42.82,41.6,1310000.0,0.0060999999999999995,46.005714285714284,48.06857142857143
2024-06-18,42.91,43.03,43.25,42.49,1060000.0,0.0044,45.07285714285714,47.597857142857144
2024-06-19,42.6,42.93,42.96,42.56,729740.0,-0.0072,44.07714285714286,47.06214285714286
2024-06-20,43.05,42.6,43.15,42.6,660180.0,0.0106,43.199999999999996,46.528571428571425
2024-06-21,42.56,42.93,42.96,42.27,1880000.0,-0.011399999999999999,42.75714285714285,45.965714285714284
2024-06-24,42.94,42.62,43.66,42.62,952770.0,0.0089,42.748571428571424,45.44857142857143
2024-06-25,42.7,42.9,43.15,42.62,402360.0,-0.005600000000000001,42.78285714285715,44.92
2024-06-26,42.21,42.77,42.84,41.98,785380.0,-0.0115,42.709999999999994,44.35785714285714
2024-06-27,41.8,42.25,42.31,41.8,750010.0,-0.0097,42.55142857142857,43.81214285714286
2024-06-28,42.21,42.05,42.49,41.94,584460.0,0.0098,42.49571428571429,43.28642857142857
2024-07-01,42.33,42.77,42.9,42.26,468120.0,0.0028000000000000004,42.392857142857146,42.79642857142857
2024-07-02,42.23,42.2,42.3,41.8,727340.0,-0.0024,42.34571428571428,42.55142857142857
2024-07-03,42.69,42.41,43.03,42.41,708990.0,0.0109,42.309999999999995,42.52928571428572
2024-07-04,42.91,42.93,43.32,42.75,380640.0,0.0052,42.339999999999996,42.56142857142857
2024-07-05,42.82,42.97,43.4,42.69,367800.0,-0.0021,42.42714285714286,42.568571428571424
2024-07-08,42.82,42.73,43.09,42.54,343260.0,0.0,42.57285714285714,42.56214285714286
2024-07-09,42.67,42.56,42.84,42.36,552040.0,-0.0034999999999999996,42.63857142857143,42.567142857142855
2024-07-10,42.77,42.74,43.15,42.36,568260.0,0.0023,42.70142857142857,42.54714285714285
2024-07-11,43.25,42.95,43.33,42.8,597550.0,0.011200000000000002,42.847142857142856,42.59642857142857
2024-07-12,43.46,43.34,43.68,43.19,509240.0,0.0049,42.957142857142856,42.63357142857143
2024-07-15,43.41,43.47,43.55,43.1,363460.0,-0.0012,43.028571428571425,42.68428571428571
2024-07-16,43.01,43.24,43.33,42.76,475970.0,-0.0092,43.05571428571428,42.741428571428564
2024-07-17,42.86,42.8,43.16,42.45,440010.0,-0.0034999999999999996,43.06142857142857,42.817142857142855
2024-07-18,43.26,43.1,43.64,42.93,673610.0,0.009300000000000001,43.145714285714284,42.89214285714285
2024-07-19,42.53,42.96,42.97,42.33,707530.0,-0.0169,43.11142857142857,42.90642857142858
2024-07-22,42.7,42.6,43.07,42.6,883810.0,0.004,43.03285714285715,42.94
2024-07-23,41.46,41.86,42.01,40.98,1600000.0,-0.028999999999999998,42.74714285714286,42.85214285714286
2024-07-24,41.21,41.1,41.5,41.05,621760.0,-0.006,42.43285714285714,42.730714285714285
2024-07-25,41.46,40.97,41.62,40.14,862840.0,0.0060999999999999995,42.21142857142858,42.63357142857143
2024-07-26,41.42,41.22,41.78,41.02,415280.0,-0.001,42.00571428571429,42.53357142857143
2024-07-29,41.46,41.54,41.75,41.28,301760.0,0.001,41.74857142857143,42.44714285714286
2024-07-30,41.4,41.56,41.8,41.4,297870.0,-0.0014000000000000002,41.58714285714286,42.34928571428572
2024-07-31,41.33,41.63,41.65,41.1,442300.0,-0.0017000000000000001,41.39142857142857,42.21214285714286
2024-08-01,40.44,41.07,41.12,40.03,1010000.0,-0.0215,41.24571428571428,41.996428571428574
2024-08-02,39.9,40.18,40.25,39.64,629290.0,-0.0134,41.05857142857143,41.74571428571429
2024-08-05,38.85,38.89,38.89,37.99,1460000.0,-0.0263,40.68571428571429,41.448571428571434
2024-08-06,38.41,39.27,39.29,38.28,721020.0,-0.0113,40.255714285714284,41.13071428571429
2024-08-07,38.83,38.67,39.51,38.62,615690.0,0.0109,39.88,40.814285714285724
2024-08-08,38.76,38.62,38.78,38.39,496130.0,-0.0018,39.50285714285714,40.545
2024-08-09,38.68,38.82,39.15,38.63,502670.0,-0.0021,39.12428571428571,40.25785714285714
2024-08-12,38.46,38.73,38.9,38.37,437360.0,-0.005699999999999999,38.84142857142857,40.04357142857143
2024-08-13,38.72,38.51,38.89,38.37,418850.0,0.0068000000000000005,38.67285714285715,39.865714285714276
2024-08-14,39.06,38.98,39.5,38.86,510660.0,0.0088,38.702857142857134,39.69428571428572
2024-08-15,39.78,39.31,40.02,39.24,581630.0,0.0184,38.89857142857142,39.57714285714285
2024-08-16,39.93,39.97,40.17,39.76,406620.0,0.0038,39.05571428571428,39.46785714285715
2024-08-19,40.33,40.05,40.63,40.05,566580.0,0.01,39.28000000000001,39.39142857142857
2024-08-20,40.14,40.4,40.64,40.07,463410.0,-0.004699999999999999,39.48857142857143,39.30642857142857
2024-08-21,40.41,40.04,40.7,40.04,444120.0,0.0067,39.76714285714286,39.30428571428571
2024-08-22,40.52,40.41,40.67,40.38,372300.0,0.0027,40.02428571428572,39.348571428571425
2024-08-23,40.77,40.65,41.07,40.65,509650.0,0.0062,40.26857142857143,39.48571428571428
2024-08-26,40.81,40.71,41.0,40.62,193990.0,0.001,40.41571428571429,39.65714285714286
2024-08-27,40.77,40.97,41.34,40.77,281330.0,-0.001,40.535714285714285,39.79571428571428
2024-08-28,40.58,40.62,40.89,40.39,344460.0,-0.004699999999999999,40.57142857142857,39.92571428571428
2024-08-29,40.75,40.61,40.98,40.44,287640.0,0.0042,40.65857142857143,40.07357142857143
2024-08-30,40.67,40.75,40.98,40.67,425580.0,-0.002,40.69571428571429,40.23142857142857
2024-09-02,40.89,40.79,41.23,40.27,563570.0,0.0054,40.74857142857143,40.38642857142857
2024-09-03,40.32,40.92,41.05,39.96,558370.0,-0.0139,40.684285714285714,40.47642857142857
2024-09-04,39.9,39.61,40.09,39.51,644280.0,-0.0104,40.55428571428571,40.48500000000001
2024-09-05,40.06,39.66,40.81,39.61,635190.0,0.004,40.45285714285715,40.49428571428571
2024-09-06,39.22,40.03,40.03,38.96,768220.0,-0.021,40.25857142857143,40.415000000000006
2024-09-09,39.54,39.25,39.68,39.23,551300.0,0.008199999999999999,40.08571428571429,40.37214285714286
2024-09-10,38.38,39.42,39.57,37.47,1920000.0,-0.029300000000000003,39.75857142857143,40.22714285714285
2024-09-11,38.78,38.45,39.18,38.4,764650.0,0.0104,39.45714285714286,40.10285714285715
2024-09-12,38.81,39.13,39.27,38.53,447860.0,0.0008,39.24142857142857,39.962857142857146
2024-09-13,39.79,38.92,40.25,38.92,1050000.0,0.0253,39.22571428571429,39.88999999999999
2024-09-16,39.77,39.79,39.82,39.37,367950.0,-0.0005,39.184285714285714,39.81857142857143
2024-09-17,40.24,39.9,40.74,39.81,718500.0,0.0118,39.33,39.794285714285714
2024-09-18,40.64,40.22,40.76,40.11,479940.0,0.009899999999999999,39.487142857142864,39.78642857142858
2024-09-19,40.98,41.15,41.52,40.92,581960.0,0.0084,39.85857142857143,39.808571428571426
2024-09-20,39.81,40.28,40.41,39.64,1280000.0,-0.0286,40.00571428571429,39.73142857142857
2024-09-23,40.59,39.66,40.73,39.43,759300.0,0.0196,40.26,39.750714285714295
2024-09-24,41.22,41.3,41.59,41.03,892980.0,0.0155,40.464285714285715,39.84499999999999
2024-09-25,40.8,41.29,41.57,40.65,546380.0,-0.0102,40.61142857142857,39.89785714285715
2024-09-26,41.38,41.2,41.77,41.09,895790.0,0.014199999999999999,40.77428571428572,40.05214285714286
2024-09-27,42.29,41.61,42.62,41.53,1070000.0,0.022000000000000002,41.01,40.24857142857143
2024-09-30,41.08,41.64,41.64,40.54,1290000.0,-0.0286,41.02428571428571,40.441428571428574
2024-10-01,40.74,41.12,41.45,40.56,557890.0,-0.0083,41.15714285714285,40.58142857142858
2024-10-02,40.59,40.63,40.97,40.45,313970.0,-0.0037,41.15714285714286,40.708571428571425
2024-10-03,39.14,40.2,40.24,38.83,1370000.0,-0.035699999999999996,40.86,40.66214285714286
2024-10-04,39.82,39.14,40.24,39.09,754330.0,0.0174,40.720000000000006,40.66571428571428
2024-10-07,40.04,39.98,40.06,39.51,346570.0,0.0055000000000000005,40.528571428571425,40.651428571428575
2024-10-08,39.63,39.55,39.8,39.16,519210.00000000006,-0.0102,40.14857142857142,40.57928571428571
2024-10-09,39.93,39.7,40.09,39.46,409990.0,0.0076,39.98428571428571,40.50428571428572
2024-10-10,39.85,39.77,40.06,39.6,320000.0,-0.002,39.857142857142854,40.50714285714286
2024-10-11,39.84,39.81,39.92,39.54,258680.0,-0.0003,39.75,40.45357142857142
2024-10-14,39.86,39.99,40.04,39.56,295390.0,0.0005,39.85285714285715,40.35642857142857
2024-10-15,39.72,39.85,39.97,39.44,490010.0,-0.0034999999999999996,39.83857142857143,40.27928571428571
2024-10-16,39.71,39.47,39.79,39.24,363750.0,-0.0003,39.791428571428575,40.160000000000004
2024-10-17,39.67,39.6,39.83,39.51,279420.0,-0.001,39.79714285714285,39.972857142857144
2024-10-18,40.24,39.69,40.75,39.67,798240.0,0.0144,39.84142857142857,39.91285714285714
2024-10-21,39.93,40.13,40.4,39.71,578550.0,-0.0077,39.85285714285715,39.855000000000004
2024-10-22,39.86,39.74,40.01,39.67,330700.0,-0.0018,39.855714285714285,39.80285714285714
2024-10-23,39.65,40.1,40.68,39.65,471720.0,-0.0053,39.825714285714284,39.839285714285715
2024-10-24,40.08,39.62,41.1,39.62,784830.0,0.0108,39.87714285714286,39.85785714285714
2024-10-25,40.37,40.05,40.7,39.66,546470.0,0.0072,39.971428571428575,39.88142857142857
2024-10-28,39.71,40.6,40.78,39.01,889270.0,-0.0163,39.97714285714285,39.88714285714286
2024-10-29,38.44,39.67,39.83,38.1,1550000.0,-0.032,39.71999999999999,39.78071428571428
2024-10-30,38.38,38.09,38.66,37.83,765190.0,-0.0016,39.49857142857143,39.67571428571428
2024-10-31,38.13,38.0,38.49,37.91,604630.0,-0.006500000000000001,39.25142857142857,39.55357142857143
2024-11-01,38.23,38.0,38.43,37.96,395250.0,0.0026,39.048571428571435,39.43714285714286
2024-11-04,38.33,38.15,38.81,38.15,391120.0,0.0026,38.79857142857143,39.337857142857146
2024-11-05,38.32,38.47,38.47,37.97,490070.0,-0.0003,38.505714285714284,39.238571428571426
2024-11-06,36.9,37.28,37.58,36.11,2040000.0,-0.0371,38.104285714285716,39.04071428571429
2024-11-07,37.69,36.82,38.26,36.82,1320000.0,0.021400000000000002,37.99714285714286,38.85857142857143
2024-11-08,36.98,37.56,37.6,36.63,1140000.0,-0.018799999999999997,37.79714285714285,38.64785714285714
2024-11-11,36.92,37.23,37.32,36.58,616450.0,-0.0016,37.62428571428571,38.43785714285714
2024-11-12,36.65,36.4,37.08,36.35,945330.0,-0.0073,37.39857142857143,38.223571428571425
2024-11-13,34.39,36.12,36.34,33.83,3000000.0,-0.0617,36.83571428571428,37.817142857142855
2024-11-14,35.02,34.45,35.18,34.05,1210000.0,0.0183,36.364285714285714,37.435
2024-11-15,35.58,34.71,35.75,34.69,846540.0,0.016,36.175714285714285,37.14
2024-11-18,35.23,35.16,35.44,34.79,827270.0,-0.0098,35.824285714285715,36.910714285714285
2024-11-19,34.85,35.16,35.39,34.42,807180.0,-0.0108,35.519999999999996,36.65857142857143
2024-11-20,34.22,34.89,35.01,34.15,774770.0,-0.0181,35.13428571428572,36.379285714285714
2024-11-21,33.96,34.19,34.25,33.56,877240.0,-0.0076,34.75,36.074285714285715
2024-11-22,34.28,34.01,34.31,33.4,566650.0,0.009399999999999999,34.73428571428571,35.785000000000004
2024-11-25,34.55,34.5,34.92,34.25,1220000.0,0.0079,34.667142857142856,35.51571428571428
2024-11-26,33.86,34.13,34.27,33.58,741030.0,-0.02,34.42142857142857,35.29857142857143
2024-11-27,34.0,33.7,34.0,33.52,399340.0,0.0040999999999999995,34.245714285714286,35.035000000000004
2024-11-28,34.31,34.0,34.44,33.99,566530.0,0.0091,34.16857142857143,34.84428571428571
2024-11-29,34.62,34.2,34.62,34.09,564100.0,0.009000000000000001,34.22571428571428,34.68
2024-12-02,34.54,34.19,34.84,33.75,677310.0,-0.0023,34.308571428571426,34.52928571428571
2024-12-03,34.25,34.62,34.74,34.17,442340.0,-0.0084,34.30428571428571,34.519285714285715
2024-12-04,34.53,34.25,34.88,34.13,921040.0,0.008199999999999999,34.301428571428566,34.48428571428571
2024-12-05,34.66,34.49,34.7,34.33,561850.0,0.0038,34.41571428571429,34.41857142857143
2024-12-06,34.9,34.59,35.24,34.47,681040.0,0.0069,34.544285714285714,34.394999999999996
2024-12-09,35.48,35.05,35.65,34.87,811510.0,0.0166,34.71142857142857,34.440000000000005
2024-12-10,35.71,35.36,35.82,35.21,624680.0,0.006500000000000001,34.86714285714286,34.54642857142857
2024-12-11,35.73,35.78,36.08,35.55,639970.0,0.0006,35.037142857142854,34.67285714285715
2024-12-12,35.86,35.71,36.1,35.54,680160.0,0.0036,35.26714285714286,34.785714285714285
2024-12-13,36.01,35.92,36.6,35.9,897460.0,0.0042,35.47857142857143,34.89
2024-12-16,35.22,35.0,35.7,34.7,1150000.0,-0.0219,35.558571428571426,34.98714285714286
2024-12-17,35.69,34.94,35.79,34.91,827640.0,0.013300000000000001,35.67142857142857,35.10785714285714
2024-12-18,35.87,35.91,36.13,35.58,823650.0,0.005,35.72714285714286,35.21928571428571
2024-12-19,35.62,35.37,36.42,35.37,1240000.0,-0.006999999999999999,35.714285714285715,35.29071428571429
2024-12-20,35.76,35.3,36.1,35.19,1770000.0,0.0039000000000000003,35.71857142857143,35.37785714285714
2024-12-23,35.18,36.02,36.1,34.69,947680.0,-0.016200000000000003,35.62142857142857,35.44428571428571
2024-12-27,36.09,35.0,36.24,35.0,1250000.0,0.0259,35.63285714285714,35.55571428571428
2024-12-30,36.35,35.94,36.49,35.94,419810.0,0.0072,35.794285714285714,35.676428571428566
2025-01-02,36.26,36.3,36.59,35.8,582290.0,-0.0025,35.87571428571429,35.77357142857143
2025-01-03,35.98,36.21,36.4,35.75,665920.0,-0.0077,35.89142857142857,35.809285714285714
2025-01-06,36.62,36.35,37.51,36.21,2080000.0,0.0178,36.034285714285716,35.87428571428571
2025-01-07,36.53,36.6,36.82,36.28,517600.0,-0.0025,36.144285714285715,35.93142857142857
2025-01-08,36.32,36.45,36.66,35.97,659520.0,-0.005699999999999999,36.30714285714286,35.964285714285715
2025-01-09,35.6,35.66,35.85,35.3,819600.0,-0.019799999999999998,36.237142857142864,35.935
2025-01-10,35.72,35.48,36.35,35.17,585590.0,0.0034000000000000002,36.14714285714285,35.97071428571429
2025-01-13,35.88,35.78,36.42,35.75,501710.0,0.0045000000000000005,36.09285714285714,35.98428571428571
2025-01-14,35.88,35.45,36.34,35.27,628700.0,0.0,36.07857142857143,35.985
2025-01-15,36.56,36.01,36.6,35.7,600580.0,0.019,36.07,36.05214285714286
2025-01-16,36.48,36.83,36.96,36.48,563130.0,-0.0022,36.06285714285714,36.10357142857143
2025-01-17,36.52,36.56,36.83,36.39,515000.0,0.0011,36.09142857142857,36.199285714285715
2025-01-20,37.01,36.55,37.5,36.25,832040.0,0.0134,36.292857142857144,36.265
2025-01-21,37.11,36.76,37.16,36.52,424390.0,0.0027,36.49142857142857,36.31928571428571
2025-01-22,36.91,36.57,36.99,36.55,415790.0,-0.0054,36.638571428571424,36.36571428571428
2025-01-23,37.0,37.13,37.31,36.73,525050.0,0.0024,36.79857142857143,36.43857142857143
2025-01-24,37.31,37.24,37.98,37.15,827930.0,0.0084,36.90571428571428,36.487857142857145
2025-01-27,37.62,37.39,37.95,37.23,676800.0,0.0083,37.06857142857143,36.565714285714286
2025-01-28,37.68,37.8,38.15,37.62,638610.0,0.0016,37.23428571428571,36.66285714285714
2025-01-29,37.52,37.8,37.87,37.5,414600.0,-0.0042,37.30714285714286,36.800000000000004
2025-01-30,37.9,37.68,38.08,37.55,480000.0,0.0101,37.42,36.955714285714286
2025-01-31,38.2,37.96,38.2,37.82,451890.0,0.0079,37.604285714285716,37.121428571428574
2025-02-03,37.56,36.6,37.56,36.25,893530.0,-0.0168,37.684285714285714,37.24142857142857
2025-02-04,37.44,37.42,37.64,37.0,397960.0,-0.0032,37.70285714285715,37.30428571428571
2025-02-05,36.93,37.32,37.58,36.45,551460.0,-0.013600000000000001,37.604285714285716,37.33642857142858
2025-02-06,37.41,36.78,37.63,36.65,513429.99999999994,0.013000000000000001,37.56571428571429,37.4
2025-02-07,36.66,37.34,37.57,36.45,861350.0,-0.02,37.44285714285714,37.375
2025-02-10,36.87,36.5,37.05,36.49,527310.0,0.005699999999999999,37.29571428571428,37.35785714285714
2025-02-11,36.26,36.7,36.79,36.06,615950.0,-0.0165,37.01857142857143,37.31142857142857
2025-02-12,36.3,36.39,36.65,36.15,452270.0,0.0011,36.83857142857143,37.26142857142857
2025-02-13,37.87,36.7,38.16,36.69,1540000.0,0.0433,36.9,37.30142857142857
2025-02-14,38.09,37.64,38.47,37.54,594220.0,0.0058,37.065714285714286,37.334999999999994
2025-02-17,38.06,38.18,38.36,37.94,424180.0,-0.0008,37.15857142857143,37.36214285714285
2025-02-18,37.98,38.22,38.3,37.87,314550.0,-0.0021,37.347142857142856,37.394999999999996
2025-02-19,36.93,37.91,37.95,36.76,751170.0,-0.0276,37.355714285714285,37.32571428571429
2025-02-20,36.53,36.66,37.2,36.5,508180.0,-0.0108,37.394285714285715,37.20642857142857
2025-02-21,36.99,36.63,36.99,36.49,449730.0,0.0126,37.49285714285714,37.16571428571428
2025-02-24,37.68,37.55,37.86,36.75,543400.0,0.0187,37.465714285714284,37.18285714285714
2025-02-25,38.61,37.5,38.78,37.39,980570.0,0.024700000000000003,37.540000000000006,37.30285714285714
2025-02-26,39.09,38.7,39.33,38.5,698750.0,0.0124,37.68714285714286,37.42285714285714
2025-02-27,37.79,38.3,38.45,37.4,800240.0,-0.0333,37.660000000000004,37.50357142857143
2025-02-28,37.57,37.4,37.8,37.27,826170.0,-0.0058,37.75142857142857,37.55357142857143
2025-03-03,38.92,37.38,39.86,37.35,1310000.0,0.0359,38.09285714285715,37.743571428571435
2025-03-04,37.52,38.22,38.42,37.01,1070000.0,-0.036000000000000004,38.16857142857143,37.830714285714286
2025-03-05,37.84,38.28,38.89,37.84,946650.0,0.0085,38.191428571428574,37.82857142857143
2025-03-06,39.16,38.37,39.23,38.34,835600.0,0.0349,38.269999999999996,37.904999999999994
2025-03-07,38.94,38.8,39.09,38.31,729590.0,-0.005600000000000001,38.24857142857143,37.96785714285714
2025-03-10,39.59,39.44,40.02,38.59,1120000.0,0.0167,38.505714285714284,38.08285714285715
2025-03-11,38.99,39.66,40.37,38.3,1130000.0,-0.0152,38.708571428571425,38.230000000000004
2025-03-12,38.67,39.12,39.25,37.95,772490.0,-0.008199999999999999,38.67285714285715,38.38285714285714
2025-03-13,38.12,38.21,38.71,37.7,718410.0,-0.014199999999999999,38.75857142857143,38.46357142857143
2025-03-14,38.02,37.96,38.73,37.58,925590.0,-0.0026,38.784285714285716,38.487857142857145
2025-03-17,38.23,38.23,39.06,38.06,784800.0,0.0055000000000000005,38.651428571428575,38.46071428571429
2025-03-18,39.23,38.5,39.33,38.48,735610.0,0.0262,38.69285714285714,38.47071428571429
2025-03-19,38.53,38.6,39.06,38.36,385310.0,-0.0178,38.541428571428575,38.52357142857143
