"Date","Price","Open","High","Low","Vol.","Change %"
"19-03-2025","38.530","38.600","39.060","38.360","385.31K","-1.78%"
"18-03-2025","39.230","38.500","39.330","38.480","735.61K","2.62%"
"17-03-2025","38.230","38.230","39.060","38.060","784.80K","0.55%"
"14-03-2025","38.020","37.960","38.730","37.580","925.59K","-0.26%"
"13-03-2025","38.120","38.210","38.710","37.700","718.41K","-1.42%"
"12-03-2025","38.670","39.120","39.250","37.950","772.49K","-0.82%"
"11-03-2025","38.990","39.660","40.370","38.300","1.13M","-1.52%"
"10-03-2025","39.590","39.440","40.020","38.590","1.12M","1.67%"
"07-03-2025","38.940","38.800","39.090","38.310","729.59K","-0.56%"
"06-03-2025","39.160","38.370","39.230","38.340","835.60K","3.49%"
"05-03-2025","37.840","38.280","38.890","37.840","946.65K","0.85%"
"04-03-2025","37.520","38.220","38.420","37.010","1.07M","-3.60%"
"03-03-2025","38.920","37.380","39.860","37.350","1.31M","3.59%"
"28-02-2025","37.570","37.400","37.800","37.270","826.17K","-0.58%"
"27-02-2025","37.790","38.300","38.450","37.400","800.24K","-3.33%"
"26-02-2025","39.090","38.700","39.330","38.500","698.75K","1.24%"
"25-02-2025","38.610","37.500","38.780","37.390","980.57K","2.47%"
"24-02-2025","37.680","37.550","37.860","36.750","543.40K","1.87%"
"21-02-2025","36.990","36.630","36.990","36.490","449.73K","1.26%"
"20-02-2025","36.530","36.660","37.200","36.500","508.18K","-1.08%"
"19-02-2025","36.930","37.910","37.950","36.760","751.17K","-2.76%"
"18-02-2025","37.980","38.220","38.300","37.870","314.55K","-0.21%"
"17-02-2025","38.060","38.180","38.360","37.940","424.18K","-0.08%"
"14-02-2025","38.090","37.640","38.470","37.540","594.22K","0.58%"
"13-02-2025","37.870","36.700","38.160","36.690","1.54M","4.33%"
"12-02-2025","36.300","36.390","36.650","36.150","452.27K","0.11%"
"11-02-2025","36.260","36.700","36.790","36.060","615.95K","-1.65%"
"10-02-2025","36.870","36.500","37.050","36.490","527.31K","0.57%"
"07-02-2025","36.660","37.340","37.570","36.450","861.35K","-2.00%"
"06-02-2025","37.410","36.780","37.630","36.650","513.43K","1.30%"
"05-02-2025","36.930","37.320","37.580","36.450","551.46K","-1.36%"
"04-02-2025","37.440","37.420","37.640","37.000","397.96K","-0.32%"
"03-02-2025","37.560","36.600","37.560","36.250","893.53K","-1.68%"
"31-01-2025","38.200","37.960","38.200","37.820","451.89K","0.79%"
"30-01-2025","37.900","37.680","38.080","37.550","480.00K","1.01%"
"29-01-2025","37.520","37.800","37.870","37.500","414.60K","-0.42%"
"28-01-2025","37.680","37.800","38.150","37.620","638.61K","0.16%"
"27-01-2025","37.620","37.390","37.950","37.230","676.80K","0.83%"
"24-01-2025","37.310","37.240","37.980","37.150","827.93K","0.84%"
"23-01-2025","37.000","37.130","37.310","36.730","525.05K","0.24%"
"22-01-2025","36.910","36.570","36.990","36.550","415.79K","-0.54%"
"21-01-2025","37.110","36.760","37.160","36.520","424.39K","0.27%"
"20-01-2025","37.010","36.550","37.500","36.250","832.04K","1.34%"
"17-01-2025","36.520","36.560","36.830","36.390","515.00K","0.11%"
"16-01-2025","36.480","36.830","36.960","36.480","563.13K","-0.22%"
"15-01-2025","36.560","36.010","36.600","35.700","600.58K","1.90%"
"14-01-2025","35.880","35.450","36.340","35.270","628.70K","0.00%"
"13-01-2025","35.880","35.780","36.420","35.750","501.71K","0.45%"
"10-01-2025","35.720","35.480","36.350","35.170","585.59K","0.34%"
"09-01-2025","35.600","35.660","35.850","35.300","819.60K","-1.98%"
"08-01-2025","36.320","36.450","36.660","35.970","659.52K","-0.57%"
"07-01-2025","36.530","36.600","36.820","36.280","517.60K","-0.25%"
"06-01-2025","36.620","36.350","37.510","36.210","2.08M","1.78%"
"03-01-2025","35.980","36.210","36.400","35.750","665.92K","-0.77%"
"02-01-2025","36.260","36.300","36.590","35.800","582.29K","-0.25%"
"30-12-2024","36.350","35.940","36.490","35.940","419.81K","0.72%"
"27-12-2024","36.090","35.000","36.240","35.000","1.25M","2.59%"
"23-12-2024","35.180","36.020","36.100","34.690","947.68K","-1.62%"
"20-12-2024","35.760","35.300","36.100","35.190","1.77M","0.39%"
"19-12-2024","35.620","35.370","36.420","35.370","1.24M","-0.70%"
"18-12-2024","35.870","35.910","36.130","35.580","823.65K","0.50%"
"17-12-2024","35.690","34.940","35.790","34.910","827.64K","1.33%"
"16-12-2024","35.220","35.000","35.700","34.700","1.15M","-2.19%"
"13-12-2024","36.010","35.920","36.600","35.900","897.46K","0.42%"
"12-12-2024","35.860","35.710","36.100","35.540","680.16K","0.36%"
"11-12-2024","35.730","35.780","36.080","35.550","639.97K","0.06%"
"10-12-2024","35.710","35.360","35.820","35.210","624.68K","0.65%"
"09-12-2024","35.480","35.050","35.650","34.870","811.51K","1.66%"
"06-12-2024","34.900","34.590","35.240","34.470","681.04K","0.69%"
"05-12-2024","34.660","34.490","34.700","34.330","561.85K","0.38%"
"04-12-2024","34.530","34.250","34.880","34.130","921.04K","0.82%"
"03-12-2024","34.250","34.620","34.740","34.170","442.34K","-0.84%"
"02-12-2024","34.540","34.190","34.840","33.750","677.31K","-0.23%"
"29-11-2024","34.620","34.200","34.620","34.090","564.10K","0.90%"
"28-11-2024","34.310","34.000","34.440","33.990","566.53K","0.91%"
"27-11-2024","34.000","33.700","34.000","33.520","399.34K","0.41%"
"26-11-2024","33.860","34.130","34.270","33.580","741.03K","-2.00%"
"25-11-2024","34.550","34.500","34.920","34.250","1.22M","0.79%"
"22-11-2024","34.280","34.010","34.310","33.400","566.65K","0.94%"
"21-11-2024","33.960","34.190","34.250","33.560","877.24K","-0.76%"
"20-11-2024","34.220","34.890","35.010","34.150","774.77K","-1.81%"
"19-11-2024","34.850","35.160","35.390","34.420","807.18K","-1.08%"
"18-11-2024","35.230","35.160","35.440","34.790","827.27K","-0.98%"
"15-11-2024","35.580","34.710","35.750","34.690","846.54K","1.60%"
"14-11-2024","35.020","34.450","35.180","34.050","1.21M","1.83%"
"13-11-2024","34.390","36.120","36.340","33.830","3.00M","-6.17%"
"12-11-2024","36.650","36.400","37.080","36.350","945.33K","-0.73%"
"11-11-2024","36.920","37.230","37.320","36.580","616.45K","-0.16%"
"08-11-2024","36.980","37.560","37.600","36.630","1.14M","-1.88%"
"07-11-2024","37.690","36.820","38.260","36.820","1.32M","2.14%"
"06-11-2024","36.900","37.280","37.580","36.110","2.04M","-3.71%"
"05-11-2024","38.320","38.470","38.470","37.970","490.07K","-0.03%"
"04-11-2024","38.330","38.150","38.810","38.150","391.12K","0.26%"
"01-11-2024","38.230","38.000","38.430","37.960","395.25K","0.26%"
"31-10-2024","38.130","38.000","38.490","37.910","604.63K","-0.65%"
"30-10-2024","38.380","38.090","38.660","37.830","765.19K","-0.16%"
"29-10-2024","38.440","39.670","39.830","38.100","1.55M","-3.20%"
"28-10-2024","39.710","40.600","40.780","39.010","889.27K","-1.63%"
"25-10-2024","40.370","40.050","40.700","39.660","546.47K","0.72%"
"24-10-2024","40.080","39.620","41.100","39.620","784.83K","1.08%"
"23-10-2024","39.650","40.100","40.680","39.650","471.72K","-0.53%"
"22-10-2024","39.860","39.740","40.010","39.670","330.70K","-0.18%"
"21-10-2024","39.930","40.130","40.400","39.710","578.55K","-0.77%"
"18-10-2024","40.240","39.690","40.750","39.670","798.24K","1.44%"
"17-10-2024","39.670","39.600","39.830","39.510","279.42K","-0.10%"
"16-10-2024","39.710","39.470","39.790","39.240","363.75K","-0.03%"
"15-10-2024","39.720","39.850","39.970","39.440","490.01K","-0.35%"
"14-10-2024","39.860","39.990","40.040","39.560","295.39K","0.05%"
"11-10-2024","39.840","39.810","39.920","39.540","258.68K","-0.03%"
"10-10-2024","39.850","39.770","40.060","39.600","320.00K","-0.20%"
"09-10-2024","39.930","39.700","40.090","39.460","409.99K","0.76%"
"08-10-2024","39.630","39.550","39.800","39.160","519.21K","-1.02%"
"07-10-2024","40.040","39.980","40.060","39.510","346.57K","0.55%"
"04-10-2024","39.820","39.140","40.240","39.090","754.33K","1.74%"
"03-10-2024","39.140","40.200","40.240","38.830","1.37M","-3.57%"
"02-10-2024","40.590","40.630","40.970","40.450","313.97K","-0.37%"
"01-10-2024","40.740","41.120","41.450","40.560","557.89K","-0.83%"
"30-09-2024","41.080","41.640","41.640","40.540","1.29M","-2.86%"
"27-09-2024","42.290","41.610","42.620","41.530","1.07M","2.20%"
"26-09-2024","41.380","41.200","41.770","41.090","895.79K","1.42%"
"25-09-2024","40.800","41.290","41.570","40.650","546.38K","-1.02%"
"24-09-2024","41.220","41.300","41.590","41.030","892.98K","1.55%"
"23-09-2024","40.590","39.660","40.730","39.430","759.30K","1.96%"
"20-09-2024","39.810","40.280","40.410","39.640","1.28M","-2.86%"
"19-09-2024","40.980","41.150","41.520","40.920","581.96K","0.84%"
"18-09-2024","40.640","40.220","40.760","40.110","479.94K","0.99%"
"17-09-2024","40.240","39.900","40.740","39.810","718.50K","1.18%"
"16-09-2024","39.770","39.790","39.820","39.370","367.95K","-0.05%"
"13-09-2024","39.790","38.920","40.250","38.920","1.05M","2.53%"
"12-09-2024","38.810","39.130","39.270","38.530","447.86K","0.08%"
"11-09-2024","38.780","38.450","39.180","38.400","764.65K","1.04%"
"10-09-2024","38.380","39.420","39.570","37.470","1.92M","-2.93%"
"09-09-2024","39.540","39.250","39.680","39.230","551.30K","0.82%"
"06-09-2024","39.220","40.030","40.030","38.960","768.22K","-2.10%"
"05-09-2024","40.060","39.660","40.810","39.610","635.19K","0.40%"
"04-09-2024","39.900","39.610","40.090","39.510","644.28K","-1.04%"
"03-09-2024","40.320","40.920","41.050","39.960","558.37K","-1.39%"
"02-09-2024","40.890","40.790","41.230","40.270","563.57K","0.54%"
"30-08-2024","40.670","40.750","40.980","40.670","425.58K","-0.20%"
"29-08-2024","40.750","40.610","40.980","40.440","287.64K","0.42%"
"28-08-2024","40.580","40.620","40.890","40.390","344.46K","-0.47%"
"27-08-2024","40.770","40.970","41.340","40.770","281.33K","-0.10%"
"26-08-2024","40.810","40.710","41.000","40.620","193.99K","0.10%"
"23-08-2024","40.770","40.650","41.070","40.650","509.65K","0.62%"
"22-08-2024","40.520","40.410","40.670","40.380","372.30K","0.27%"
"21-08-2024","40.410","40.040","40.700","40.040","444.12K","0.67%"
"20-08-2024","40.140","40.400","40.640","40.070","463.41K","-0.47%"
"19-08-2024","40.330","40.050","40.630","40.050","566.58K","1.00%"
"16-08-2024","39.930","39.970","40.170","39.760","406.62K","0.38%"
"15-08-2024","39.780","39.310","40.020","39.240","581.63K","1.84%"
"14-08-2024","39.060","38.980","39.500","38.860","510.66K","0.88%"
"13-08-2024","38.720","38.510","38.890","38.370","418.85K","0.68%"
"12-08-2024","38.460","38.730","38.900","38.370","437.36K","-0.57%"
"09-08-2024","38.680","38.820","39.150","38.630","502.67K","-0.21%"
"08-08-2024","38.760","38.620","38.780","38.390","496.13K","-0.18%"
"07-08-2024","38.830","38.670","39.510","38.620","615.69K","1.09%"
"06-08-2024","38.410","39.270","39.290","38.280","721.02K","-1.13%"
"05-08-2024","38.850","38.890","38.890","37.990","1.46M","-2.63%"
"02-08-2024","39.900","40.180","40.250","39.640","629.29K","-1.34%"
"01-08-2024","40.440","41.070","41.120","40.030","1.01M","-2.15%"
"31-07-2024","41.330","41.630","41.650","41.100","442.30K","-0.17%"
"30-07-2024","41.400","41.560","41.800","41.400","297.87K","-0.14%"
"29-07-2024","41.460","41.540","41.750","41.280","301.76K","0.10%"
"26-07-2024","41.420","41.220","41.780","41.020","415.28K","-0.10%"
"25-07-2024","41.460","40.970","41.620","40.140","862.84K","0.61%"
"24-07-2024","41.210","41.100","41.500","41.050","621.76K","-0.60%"
"23-07-2024","41.460","41.860","42.010","40.980","1.60M","-2.90%"
"22-07-2024","42.700","42.600","43.070","42.600","883.81K","0.40%"
"19-07-2024","42.530","42.960","42.970","42.330","707.53K","-1.69%"
"18-07-2024","43.260","43.100","43.640","42.930","673.61K","0.93%"
"17-07-2024","42.860","42.800","43.160","42.450","440.01K","-0.35%"
"16-07-2024","43.010","43.240","43.330","42.760","475.97K","-0.92%"
"15-07-2024","43.410","43.470","43.550","43.100","363.46K","-0.12%"
"12-07-2024","43.460","43.340","43.680","43.190","509.24K","0.49%"
"11-07-2024","43.250","42.950","43.330","42.800","597.55K","1.12%"
"10-07-2024","42.770","42.740","43.150","42.360","568.26K","0.23%"
"09-07-2024","42.670","42.560","42.840","42.360","552.04K","-0.35%"
"08-07-2024","42.820","42.730","43.090","42.540","343.26K","0.00%"
"05-07-2024","42.820","42.970","43.400","42.690","367.80K","-0.21%"
"04-07-2024","42.910","42.930","43.320","42.750","380.64K","0.52%"
"03-07-2024","42.690","42.410","43.030","42.410","708.99K","1.09%"
"02-07-2024","42.230","42.200","42.300","41.800","727.34K","-0.24%"
"01-07-2024","42.330","42.770","42.900","42.260","468.12K","0.28%"
"28-06-2024","42.210","42.050","42.490","41.940","584.46K","0.98%"
"27-06-2024","41.800","42.250","42.310","41.800","750.01K","-0.97%"
"26-06-2024","42.210","42.770","42.840","41.980","785.38K","-1.15%"
"25-06-2024","42.700","42.900","43.150","42.620","402.36K","-0.56%"
"24-06-2024","42.940","42.620","43.660","42.620","952.77K","0.89%"
"21-06-2024","42.560","42.930","42.960","42.270","1.88M","-1.14%"
"20-06-2024","43.050","42.600","43.150","42.600","660.18K","1.06%"
"19-06-2024","42.600","42.930","42.960","42.560","729.74K","-0.72%"
"18-06-2024","42.910","43.030","43.250","42.490","1.06M","0.44%"
"17-06-2024","42.720","42.600","42.820","41.600","1.31M","0.61%"
"14-06-2024","42.460","43.120","43.180","42.080","1.58M","-1.26%"
"13-06-2024","43.000","45.500","45.500","42.910","3.10M","-5.83%"
"12-06-2024","45.660","46.840","46.940","45.640","1.40M","-7.18%"
"11-06-2024","49.190","49.730","49.740","48.570","1.02M","-0.77%"
"10-06-2024","49.570","49.380","49.700","48.620","820.05K","0.26%"
"07-06-2024","49.440","50.080","50.160","49.250","553.70K","-1.28%"
"06-06-2024","50.080","50.400","50.420","49.750","559.88K","-0.04%"
"05-06-2024","50.100","50.460","50.740","50.000","516.43K","-0.16%"
"04-06-2024","50.180","50.460","50.500","49.700","493.13K","-0.52%"
"03-06-2024","50.440","51.100","51.260","50.380","595.58K","-0.16%"
"31-05-2024","50.520","50.200","50.620","49.900","723.47K","0.84%"
"30-05-2024","50.100","49.330","50.500","49.300","593.26K","1.21%"
"29-05-2024","49.500","50.200","50.380","49.320","653.77K","-1.67%"
"28-05-2024","50.340","50.160","50.780","50.060","476.57K","0.84%"
"27-05-2024","49.920","48.650","50.500","48.590","971.32K","2.78%"
"24-05-2024","48.570","47.700","48.760","47.580","551.98K","1.04%"
"23-05-2024","48.070","48.610","48.770","48.000","777.19K","-1.13%"
"22-05-2024","48.620","49.000","49.100","48.200","850.95K","-1.64%"
"21-05-2024","49.430","49.230","49.650","48.920","461.40K","0.04%"
"20-05-2024","49.410","49.330","49.740","49.220","472.63K","-0.46%"
"17-05-2024","49.640","49.800","50.340","49.420","644.08K","-0.50%"
"16-05-2024","49.890","49.990","50.140","49.630","552.26K","-0.38%"
"15-05-2024","50.080","50.740","51.140","49.920","552.70K","-0.91%"
"14-05-2024","50.540","50.200","50.900","49.970","534.73K","1.04%"
"13-05-2024","50.020","49.500","50.240","49.500","593.20K","1.42%"
"10-05-2024","49.320","49.860","50.120","49.320","903.03K","-0.62%"
"09-05-2024","49.630","49.170","49.910","49.130","389.46K","0.87%"
"08-05-2024","49.200","49.560","49.620","49.020","443.95K","-0.81%"
"07-05-2024","49.600","49.400","49.790","49.270","540.59K","0.96%"
"06-05-2024","49.130","49.000","49.610","48.780","575.62K","0.82%"
"03-05-2024","48.730","48.500","49.250","48.260","485.40K","1.44%"
"02-05-2024","48.040","48.070","48.350","47.670","546.71K","0.23%"
"30-04-2024","47.930","49.210","49.240","47.620","1.47M","-2.70%"
"29-04-2024","49.260","49.500","49.820","49.150","386.66K","-0.18%"
"26-04-2024","49.350","49.310","49.780","49.220","573.45K","0.84%"
"25-04-2024","48.940","49.340","49.520","48.600","411.50K","-0.81%"
"24-04-2024","49.340","49.460","49.690","49.050","375.69K","-0.32%"
"23-04-2024","49.500","49.490","49.580","48.910","462.21K","0.55%"
"22-04-2024","49.230","49.200","49.480","48.810","357.25K","0.53%"
"19-04-2024","48.970","48.890","49.120","48.280","498.87K","-0.83%"
"18-04-2024","49.380","49.240","49.510","48.930","426.03K","0.71%"
"17-04-2024","49.030","49.400","49.600","48.940","463.18K","-1.07%"
"16-04-2024","49.560","49.930","49.940","49.090","910.95K","-1.98%"
"15-04-2024","50.560","50.680","51.480","50.560","566.23K","-0.12%"
"12-04-2024","50.620","51.580","51.660","50.320","616.06K","-0.98%"
"11-04-2024","51.120","51.480","51.640","50.740","515.45K","-0.81%"
"10-04-2024","51.540","51.700","52.320","51.180","608.78K","0.31%"
"09-04-2024","51.380","51.400","51.780","51.140","643.00K","-0.04%"
"08-04-2024","51.400","51.040","51.660","50.960","662.80K","1.30%"
"05-04-2024","50.740","51.180","51.220","50.300","717.78K","-1.01%"
"04-04-2024","51.260","50.780","51.580","50.700","774.84K","1.34%"
"03-04-2024","50.580","49.010","50.720","48.870","1.29M","3.29%"
"02-04-2024","48.970","48.720","49.020","48.480","667.68K","-0.31%"
"28-03-2024","49.120","49.120","49.470","48.890","685.11K","0.16%"
"27-03-2024","49.040","49.120","49.520","48.650","1.07M","-0.26%"
"26-03-2024","49.170","49.150","49.380","48.380","956.32K","1.01%"
"25-03-2024","48.680","49.070","49.540","48.280","787.06K","-0.65%"
"22-03-2024","49.000","48.500","49.940","48.180","1.74M","0.93%"
"21-03-2024","48.550","48.900","49.340","47.940","1.24M","-0.47%"
"20-03-2024","48.780","48.470","48.800","48.050","711.35K","0.66%"
"19-03-2024","48.460","48.400","48.740","48.090","784.55K","0.25%"
"18-03-2024","48.340","47.500","48.470","47.420","1.28M","2.26%"
"15-03-2024","47.270","47.070","47.920","47.070","1.35M","0.64%"
"14-03-2024","46.970","47.570","48.110","46.880","785.12K","-1.20%"
"13-03-2024","47.540","48.850","49.120","47.250","1.28M","-2.62%"
"12-03-2024","48.820","46.750","49.090","46.150","1.57M","4.25%"
"11-03-2024","46.830","46.420","46.840","46.140","478.70K","0.67%"
"08-03-2024","46.520","47.000","47.000","46.300","630.86K","-1.13%"
"07-03-2024","47.050","47.500","47.520","46.500","662.76K","-1.24%"
"06-03-2024","47.640","48.180","48.470","47.510","791.14K","-1.24%"
"05-03-2024","48.240","48.300","48.340","47.550","507.42K","-0.43%"
"04-03-2024","48.450","49.040","49.110","48.220","634.44K","-1.30%"
"01-03-2024","49.090","49.850","50.740","48.000","1.73M","-0.59%"
"29-02-2024","49.380","49.640","50.040","49.350","957.26K","-0.16%"
"28-02-2024","49.460","49.630","49.790","49.080","933.35K","0.10%"
"27-02-2024","49.410","48.870","50.140","48.740","1.48M","1.00%"
"26-02-2024","48.920","48.670","49.120","48.490","522.32K","0.18%"
"23-02-2024","48.830","48.300","49.380","48.200","965.54K","1.69%"
"22-02-2024","48.020","46.380","48.330","46.260","2.27M","5.31%"
"21-02-2024","45.600","45.200","45.970","45.040","877.89K","1.02%"
"20-02-2024","45.140","45.790","46.000","44.870","1.16M","-2.00%"
"19-02-2024","46.060","47.460","47.550","45.790","1.34M","-2.97%"
"16-02-2024","47.470","47.080","48.010","47.020","1.13M","1.50%"
"15-02-2024","46.770","46.240","46.940","45.920","1.04M","1.72%"
"14-02-2024","45.980","46.070","46.200","45.550","703.49K","-0.43%"
"13-02-2024","46.180","46.430","47.060","45.960","811.50K","-0.58%"
"12-02-2024","46.450","46.180","46.860","46.090","720.19K","1.00%"
"09-02-2024","45.990","46.240","46.460","45.850","624.86K","0.17%"
"08-02-2024","45.910","45.750","46.210","45.700","535.57K","0.50%"
"07-02-2024","45.680","45.710","46.550","45.680","793.49K","-0.63%"
"06-02-2024","45.970","46.430","46.630","45.500","846.55K","-0.50%"
"05-02-2024","46.200","46.980","47.060","46.010","917.37K","-1.51%"
"02-02-2024","46.910","46.430","47.880","46.380","2.34M","1.78%"
"01-02-2024","46.090","46.210","46.670","45.910","724.44K","-0.88%"
"31-01-2024","46.500","45.800","46.860","45.500","1.38M","1.46%"
"30-01-2024","45.830","45.870","46.090","45.240","711.85K","0.64%"
"29-01-2024","45.540","45.700","45.770","44.860","1.34M","-0.48%"
"26-01-2024","45.760","45.160","46.140","44.810","1.13M","1.15%"
"25-01-2024","45.240","45.460","45.520","44.960","531.39K","-0.81%"
"24-01-2024","45.610","45.640","46.020","45.020","1.00M","1.29%"
"23-01-2024","45.030","43.920","45.430","43.750","1.19M","2.93%"
"22-01-2024","43.750","43.760","44.200","43.430","530.87K","0.71%"
"19-01-2024","43.440","44.360","44.540","43.270","923.27K","-1.79%"
"18-01-2024","44.230","44.050","44.550","43.870","612.12K","0.36%"
"17-01-2024","44.070","43.780","44.340","43.290","1.52M","-0.88%"
"16-01-2024","44.460","45.010","45.050","44.010","1.44M","-1.68%"
"15-01-2024","45.220","45.000","45.380","44.600","641.10K","0.56%"
"12-01-2024","44.970","46.250","46.300","44.840","1.11M","-2.56%"
"11-01-2024","46.150","46.880","47.090","46.140","756.41K","-0.39%"
"10-01-2024","46.330","46.510","47.040","46.290","815.50K","-0.52%"
"09-01-2024","46.570","46.770","46.810","46.200","415.63K","0.13%"
"08-01-2024","46.510","45.960","46.590","45.600","416.73K","1.17%"
"05-01-2024","45.970","45.900","46.300","45.430","706.31K","-0.26%"
"04-01-2024","46.090","46.060","46.440","45.940","696.95K","0.20%"
"03-01-2024","46.000","46.770","47.110","45.680","876.15K","-1.75%"
"02-01-2024","46.820","46.500","47.270","46.120","678.96K","1.08%"
"29-12-2023","46.320","46.400","46.580","46.180","317.24K","-0.19%"
"28-12-2023","46.410","46.800","46.920","46.250","407.56K","-0.88%"
"27-12-2023","46.820","46.760","47.050","46.470","406.58K","0.13%"
"22-12-2023","46.760","46.620","46.950","46.520","425.55K","0.17%"
"21-12-2023","46.680","46.750","46.800","46.110","842.06K","-1.33%"
"20-12-2023","47.310","47.630","48.080","47.170","570.85K","-0.65%"
"19-12-2023","47.620","48.000","48.350","47.520","914.19K","-1.29%"
"18-12-2023","48.240","47.870","48.670","47.360","1.06M","-0.06%"
"15-12-2023","48.270","48.750","49.450","48.200","2.00M","-0.25%"
"14-12-2023","48.390","47.360","48.830","47.160","2.56M","4.09%"
"13-12-2023","46.490","46.760","47.170","46.490","657.69K","-0.73%"
"12-12-2023","46.830","47.440","47.680","46.830","689.35K","-0.80%"
"11-12-2023","47.210","47.180","47.650","46.660","588.37K","0.13%"
"08-12-2023","47.150","46.870","47.260","46.570","581.89K","0.55%"
"07-12-2023","46.890","46.980","47.080","46.370","729.44K","-0.87%"
"06-12-2023","47.300","46.260","47.850","46.170","1.50M","3.10%"
"05-12-2023","45.880","45.190","45.960","45.100","559.39K","1.19%"
"04-12-2023","45.340","45.190","45.520","44.910","650.74K","0.40%"
"01-12-2023","45.160","45.100","45.220","44.560","635.32K","0.67%"
"30-11-2023","44.860","45.480","45.680","44.690","1.16M","-0.77%"
"29-11-2023","45.210","44.420","45.770","44.420","1.28M","1.87%"
"28-11-2023","44.380","44.440","44.490","43.910","650.99K","-0.65%"
"27-11-2023","44.670","44.990","45.000","44.160","819.74K","-0.65%"
"24-11-2023","44.960","44.850","45.110","44.100","861.45K","-0.35%"
"23-11-2023","45.120","45.530","45.780","45.040","814.97K","-0.97%"
"22-11-2023","45.560","45.830","46.190","45.520","544.38K","-0.74%"
"21-11-2023","45.900","46.460","46.690","45.870","645.52K","-1.71%"
"20-11-2023","46.700","46.510","47.030","46.220","854.05K","1.19%"
"17-11-2023","46.150","45.920","46.690","45.900","556.20K","0.46%"
"16-11-2023","45.940","46.370","46.980","45.780","892.32K","-1.63%"
"15-11-2023","46.700","46.000","47.190","45.800","962.46K","2.23%"
"14-11-2023","45.680","44.400","46.110","44.260","1.48M","3.51%"
"13-11-2023","44.130","43.800","44.400","43.690","590.75K","0.80%"
"10-11-2023","43.780","44.010","44.090","43.470","670.45K","-1.49%"
"09-11-2023","44.440","44.580","44.860","44.150","473.60K","0.20%"
"08-11-2023","44.350","43.930","44.750","43.750","454.89K","0.43%"
"07-11-2023","44.160","44.360","44.760","43.940","612.69K","-1.23%"
"06-11-2023","44.710","45.020","45.300","44.620","504.76K","-0.11%"
"03-11-2023","44.760","44.180","45.280","44.030","1.73M","2.57%"
"02-11-2023","43.640","43.050","44.110","42.870","1.28M","2.59%"
"01-11-2023","42.540","42.550","42.700","42.140","572.76K","0.93%"
"31-10-2023","42.150","42.040","42.470","41.700","821.50K","0.48%"
"30-10-2023","41.950","42.340","42.620","41.800","828.68K","-0.73%"
"27-10-2023","42.260","42.720","43.150","41.990","1.05M","-1.03%"
"26-10-2023","42.700","42.510","42.910","41.650","1.12M","-1.13%"
"25-10-2023","43.190","43.450","43.490","42.710","748.21K","-0.35%"
"24-10-2023","43.340","43.540","43.630","43.150","657.81K","-1.01%"
"23-10-2023","43.780","44.850","44.860","43.150","1.61M","-1.84%"
"20-10-2023","44.600","45.410","45.410","44.450","1.65M","-2.64%"
"19-10-2023","45.810","46.000","46.650","45.320","935.06K","-1.23%"
"18-10-2023","46.380","46.640","47.060","46.270","402.86K","-0.58%"
"17-10-2023","46.650","46.800","46.800","46.020","693.97K","-0.43%"
"16-10-2023","46.850","46.570","47.120","46.230","482.63K","0.69%"
"13-10-2023","46.530","47.000","47.310","46.400","623.77K","-1.21%"
"12-10-2023","47.100","47.540","47.910","47.030","535.20K","-0.13%"
"11-10-2023","47.160","46.410","47.560","46.190","826.08K","1.25%"
"10-10-2023","46.580","45.890","47.160","45.890","1.30M","1.81%"
"09-10-2023","45.750","45.900","45.960","45.400","511.15K","-0.72%"
"06-10-2023","46.080","46.000","46.450","45.620","619.81K","0.24%"
"05-10-2023","45.970","46.080","46.330","45.900","376.66K","-0.41%"
"04-10-2023","46.160","45.790","46.310","45.060","510.87K","-0.02%"
"03-10-2023","46.170","46.500","46.620","45.990","492.78K","-1.03%"
"02-10-2023","46.650","46.900","47.470","46.430","539.43K","0.00%"
"29-09-2023","46.650","46.430","46.960","46.320","678.33K","0.95%"
"28-09-2023","46.210","46.530","46.560","45.550","1.15M","-1.05%"
"27-09-2023","46.700","46.900","47.310","46.430","614.95K","-0.43%"
"26-09-2023","46.900","48.460","48.500","46.620","1.68M","-3.50%"
"25-09-2023","48.600","48.850","48.850","48.170","553.22K","-0.82%"
"22-09-2023","49.000","48.640","49.290","48.340","605.04K","0.08%"
"21-09-2023","48.960","49.020","49.380","48.390","683.23K","-1.07%"
"20-09-2023","49.490","48.200","49.850","48.200","1.17M","2.78%"
"19-09-2023","48.150","47.910","48.680","47.820","976.07K","0.86%"
"18-09-2023","47.740","49.100","49.130","47.530","1.49M","-2.59%"
"15-09-2023","49.010","48.900","49.340","48.620","1.56M","0.99%"
"14-09-2023","48.530","48.800","48.820","47.760","889.83K","-0.66%"
"13-09-2023","48.850","48.860","50.320","48.730","852.04K","-0.10%"
"12-09-2023","48.900","48.760","49.430","48.410","663.42K","0.91%"
"11-09-2023","48.460","48.280","48.670","48.170","473.49K","0.79%"
"08-09-2023","48.080","48.420","48.440","47.400","699.13K","-0.56%"
"07-09-2023","48.350","48.700","48.790","48.020","606.53K","-1.04%"
"06-09-2023","48.860","48.880","49.440","48.680","370.40K","-0.31%"
"05-09-2023","49.010","48.580","49.020","48.130","613.43K","0.66%"
"04-09-2023","48.690","48.600","49.140","48.580","539.54K","0.39%"
"01-09-2023","48.500","49.280","49.280","48.200","1.34M","-2.16%"
"31-08-2023","49.570","49.720","50.020","49.500","688.04K","-0.12%"
"30-08-2023","49.630","49.650","49.980","49.350","382.39K","0.22%"
"29-08-2023","49.520","49.080","49.640","49.000","577.12K","1.31%"
"28-08-2023","48.880","49.000","49.120","48.530","359.52K","0.43%"
"25-08-2023","48.670","48.550","48.890","48.510","335.82K","-0.02%"
"24-08-2023","48.680","49.420","49.540","48.580","475.17K","-0.92%"
"23-08-2023","49.130","49.080","49.420","48.770","389.11K","0.02%"
"22-08-2023","49.120","49.440","49.460","49.030","437.83K","0.18%"
"21-08-2023","49.030","48.810","49.520","48.810","451.93K","0.10%"
"18-08-2023","48.980","49.500","49.530","48.190","1.27M","-1.43%"
"17-08-2023","49.690","49.790","50.200","49.560","528.64K","-0.46%"
"16-08-2023","49.920","50.040","50.100","49.780","604.23K","-0.64%"
"15-08-2023","50.240","50.320","50.540","49.920","1.01M","-0.16%"
"14-08-2023","50.320","50.600","50.880","50.220","538.26K","-0.71%"
"11-08-2023","50.680","51.000","51.300","50.580","721.57K","-0.78%"
"10-08-2023","51.080","50.760","51.460","50.600","580.18K","0.87%"
"09-08-2023","50.640","50.960","51.580","50.640","850.84K","0.00%"
"08-08-2023","50.640","51.900","52.200","49.980","1.82M","-2.88%"
"07-08-2023","52.140","52.300","52.700","51.940","495.12K","-0.42%"
"04-08-2023","52.360","52.580","52.920","52.200","379.09K","0.11%"
"03-08-2023","52.300","52.500","52.860","52.000","553.95K","-0.76%"
"02-08-2023","52.700","52.720","53.000","52.360","614.21K","-1.27%"
"01-08-2023","53.380","53.940","54.040","52.980","660.40K","-0.74%"
"31-07-2023","53.780","53.880","54.280","53.780","560.96K","0.07%"
"28-07-2023","53.740","53.560","53.940","53.100","625.15K","-0.11%"
"27-07-2023","53.800","53.780","53.860","52.620","761.33K","0.30%"
"26-07-2023","53.640","54.340","54.440","52.800","885.44K","-1.22%"
"25-07-2023","54.300","54.500","54.940","54.240","604.15K","-0.29%"
"24-07-2023","54.460","53.800","54.460","53.660","519.26K","0.85%"
"21-07-2023","54.000","53.900","54.460","53.700","446.54K","-0.07%"
"20-07-2023","54.040","53.900","54.440","53.780","499.08K","0.00%"
"19-07-2023","54.040","53.960","54.120","53.600","619.09K","0.60%"
"18-07-2023","53.720","53.260","53.960","53.080","448.76K","0.64%"
"17-07-2023","53.380","53.360","53.540","53.040","449.78K","-0.71%"
"14-07-2023","53.760","53.540","53.780","53.200","498.49K","0.11%"
"13-07-2023","53.700","53.640","54.080","53.400","848.92K","0.15%"
"12-07-2023","53.620","53.000","53.700","52.720","733.41K","1.25%"
"11-07-2023","52.960","52.780","53.040","52.120","533.61K","1.03%"
"10-07-2023","52.420","52.540","52.680","52.020","513.77K","-0.34%"
"07-07-2023","52.600","52.000","52.740","51.480","759.25K","1.27%"
"06-07-2023","51.940","52.560","52.560","51.620","827.71K","-1.85%"
"05-07-2023","52.920","52.740","53.160","52.420","652.23K","-0.30%"
"04-07-2023","53.080","53.400","53.500","52.920","616.23K","-0.49%"
"03-07-2023","53.340","53.240","54.040","53.240","795.84K","-3.30%"
"30-06-2023","55.160","55.400","55.560","54.900","919.93K","0.47%"
"29-06-2023","54.900","55.120","55.500","54.820","754.27K","0.18%"
"28-06-2023","54.800","53.820","54.980","53.800","1.03M","2.16%"
"27-06-2023","53.640","54.640","54.900","53.320","1.09M","-1.18%"
"26-06-2023","54.280","54.360","54.680","53.520","779.31K","0.26%"
"23-06-2023","54.140","54.720","54.840","53.720","932.12K","-0.99%"
"22-06-2023","54.680","54.740","55.020","53.660","1.37M","-1.87%"
"21-06-2023","55.720","56.500","56.920","55.520","773.23K","-1.35%"
"20-06-2023","56.480","57.480","57.620","56.380","953.06K","-1.98%"
"19-06-2023","57.620","57.080","57.800","57.080","652.36K","0.45%"
"16-06-2023","57.360","57.640","57.760","57.200","1.03M","-0.17%"
"15-06-2023","57.460","58.000","58.020","56.740","708.58K","-0.83%"
"14-06-2023","57.940","58.000","58.860","57.940","1.05M","0.59%"
"13-06-2023","57.600","57.500","57.680","57.020","952.28K","1.37%"
"12-06-2023","56.820","56.780","57.180","56.560","823.54K","0.64%"
"09-06-2023","56.460","56.000","56.480","55.740","574.03K","1.26%"
"08-06-2023","55.760","55.280","56.640","55.220","701.39K","0.83%"
"07-06-2023","55.300","55.320","55.400","54.560","641.23K","0.18%"
"06-06-2023","55.200","54.980","55.380","54.880","542.91K","0.00%"
"05-06-2023","55.200","54.380","55.340","54.060","819.18K","1.92%"
"02-06-2023","54.160","52.860","54.360","52.640","1.13M","3.72%"
"01-06-2023","52.220","52.260","52.640","51.860","681.53K","0.62%"
"31-05-2023","51.900","53.820","53.900","51.740","1.97M","-3.92%"
"30-05-2023","54.020","54.200","54.820","53.940","482.49K","-0.48%"
"29-05-2023","54.280","54.900","55.000","54.060","302.36K","-0.33%"
"26-05-2023","54.460","54.140","54.700","53.860","468.85K","1.00%"
"25-05-2023","53.920","54.600","54.600","53.680","428.64K","-0.59%"
"24-05-2023","54.240","55.220","55.300","54.000","899.73K","-2.31%"
"23-05-2023","55.520","54.760","55.900","54.580","1.30M","1.68%"
"22-05-2023","54.600","53.700","54.740","53.620","773.71K","1.64%"
"19-05-2023","53.720","53.520","54.420","53.340","1.10M","0.75%"
"18-05-2023","53.320","51.620","53.360","51.480","991.12K","4.06%"
"17-05-2023","51.240","51.140","51.560","50.760","546.71K","-0.31%"
"16-05-2023","51.400","52.020","52.260","51.300","916.42K","-1.65%"
"15-05-2023","52.260","52.860","53.460","52.100","809.06K","-0.34%"
"12-05-2023","52.440","52.720","52.840","51.800","906.98K","0.19%"
"11-05-2023","52.340","51.520","52.680","51.240","1.13M","1.99%"
"10-05-2023","51.320","51.580","51.840","51.080","469.78K","0.16%"
"09-05-2023","51.240","51.800","51.960","51.020","570.24K","-0.70%"
"08-05-2023","51.600","51.200","51.700","50.900","669.12K","1.26%"
"05-05-2023","50.960","50.220","51.120","50.060","973.85K","1.84%"
"04-05-2023","50.040","50.300","50.520","49.620","694.33K","0.24%"
"03-05-2023","49.920","49.900","50.240","49.050","744.83K","0.58%"
"02-05-2023","49.630","50.660","50.920","49.530","959.09K","-1.68%"
"28-04-2023","50.480","50.120","50.560","48.380","1.93M","1.18%"
"27-04-2023","49.890","49.800","50.300","49.360","877.77K","0.06%"
"26-04-2023","49.860","50.000","50.200","49.540","1.01M","-0.44%"
"25-04-2023","50.080","50.820","50.880","49.890","1.03M","-1.65%"
"24-04-2023","50.920","50.980","51.460","50.660","616.42K","0.32%"
"21-04-2023","50.760","50.620","50.840","50.080","994.96K","1.20%"
"20-04-2023","50.160","52.260","52.260","49.980","2.02M","-4.20%"
"19-04-2023","52.360","52.060","52.460","51.720","539.03K","0.27%"
"18-04-2023","52.220","52.700","52.980","52.220","673.36K","-0.61%"
"17-04-2023","52.540","53.820","53.880","52.540","914.68K","-1.72%"
"14-04-2023","53.460","52.860","53.800","52.800","963.37K","1.83%"
"13-04-2023","52.500","52.620","52.960","52.180","694.61K","-0.19%"
"12-04-2023","52.600","52.900","53.580","52.600","681.83K","-0.60%"
"11-04-2023","52.920","52.980","53.600","52.720","686.48K","1.42%"
"06-04-2023","52.180","51.940","52.360","51.660","429.90K","0.12%"
"05-04-2023","52.120","52.680","52.840","51.760","717.58K","-0.95%"
"04-04-2023","52.620","53.000","53.640","52.620","694.28K","-0.30%"
"03-04-2023","52.780","53.020","53.340","52.700","559.12K","-0.26%"
"31-03-2023","52.920","53.360","53.360","52.640","748.67K","-0.38%"
"30-03-2023","53.120","52.680","53.420","52.580","692.10K","1.41%"
"29-03-2023","52.380","51.720","52.380","51.080","732.22K","1.67%"
"28-03-2023","51.520","52.940","53.120","51.460","632.18K","-1.08%"
"27-03-2023","52.080","51.380","52.780","51.320","887.12K","2.48%"
"24-03-2023","50.820","51.800","51.900","50.440","1.13M","-2.27%"
"23-03-2023","52.000","52.960","53.100","51.540","915.69K","-1.29%"
"22-03-2023","52.680","52.240","53.480","52.120","962.46K","1.00%"
"21-03-2023","52.160","51.260","52.320","51.140","780.11K","2.68%"
"20-03-2023","50.800","50.960","51.020","49.820","1.04M","-0.59%"
"17-03-2023","51.100","52.220","53.020","50.820","1.86M","-2.11%"
"16-03-2023","52.200","53.020","53.500","50.900","2.02M","0.50%"
"15-03-2023","51.940","54.720","55.180","51.940","2.26M","-4.91%"
"14-03-2023","54.620","55.400","55.400","54.180","1.08M","-1.41%"
"13-03-2023","55.400","57.680","57.740","54.760","1.15M","-3.89%"
"10-03-2023","57.640","57.200","57.640","56.380","773.68K","-1.44%"
"09-03-2023","58.480","59.720","59.780","57.960","685.34K","-2.14%"
"08-03-2023","59.760","58.640","60.100","58.640","770.58K","1.63%"
"07-03-2023","58.800","58.300","60.180","58.300","1.17M","0.31%"
"06-03-2023","58.620","57.460","59.440","57.200","1.80M","2.34%"
"03-03-2023","57.280","53.980","57.540","53.520","1.78M","5.57%"
"02-03-2023","54.260","53.640","54.460","53.540","522.90K","0.44%"
"01-03-2023","54.020","54.100","54.680","53.880","568.02K","0.48%"
"28-02-2023","53.760","53.300","53.780","52.940","820.95K","0.75%"
"27-02-2023","53.360","53.400","53.760","53.340","448.86K","0.45%"
"24-02-2023","53.120","54.720","54.780","53.120","1.07M","-2.67%"
"23-02-2023","54.580","54.980","55.300","54.580","538.91K","-0.15%"
"22-02-2023","54.660","54.700","54.900","54.080","537.66K","-0.36%"
"21-02-2023","54.860","55.520","55.560","54.540","623.85K","-1.26%"
"20-02-2023","55.560","56.120","56.160","55.400","542.16K","-0.07%"
"17-02-2023","55.600","55.780","56.020","55.300","744.84K","-0.71%"
"16-02-2023","56.000","55.700","56.480","55.540","728.16K","1.23%"
"15-02-2023","55.320","55.460","55.620","55.000","597.42K","0.11%"
"14-02-2023","55.260","55.380","55.740","54.740","605.77K","0.58%"
"13-02-2023","54.940","55.400","55.500","54.760","469.47K","-0.33%"
"10-02-2023","55.120","56.560","56.760","54.800","969.07K","-2.61%"
"09-02-2023","56.600","56.480","57.260","56.400","690.11K","1.18%"
"08-02-2023","55.940","56.920","56.920","55.440","776.73K","-1.48%"
"07-02-2023","56.780","56.780","56.920","55.960","620.21K","0.18%"
"06-02-2023","56.680","57.660","57.860","56.220","685.69K","-1.39%"
"03-02-2023","57.480","57.220","58.500","56.540","1.05M","-0.31%"
"02-02-2023","57.660","56.000","57.900","55.520","1.07M","3.89%"
"01-02-2023","55.500","55.100","55.500","54.400","862.09K","1.35%"
"31-01-2023","54.760","54.700","54.880","53.900","848.29K","0.15%"
"30-01-2023","54.680","54.600","54.960","54.180","611.55K","0.07%"
"27-01-2023","54.640","54.400","55.100","54.300","645.34K","0.89%"
"26-01-2023","54.160","54.300","54.520","54.060","694.72K","0.56%"
"25-01-2023","53.860","54.720","55.060","53.520","846.09K","-1.46%"
"24-01-2023","54.660","55.020","55.280","54.100","674.77K","-0.36%"
"23-01-2023","54.860","55.220","55.560","54.520","390.63K","0.04%"
"20-01-2023","54.840","54.700","54.840","54.000","473.48K","1.07%"
"19-01-2023","54.260","55.340","55.440","54.080","707.32K","-2.13%"
"18-01-2023","55.440","55.500","55.560","54.920","479.35K","-0.36%"
"17-01-2023","55.640","55.440","55.980","54.860","654.27K","0.65%"
"16-01-2023","55.280","55.240","55.600","54.880","365.90K","0.40%"
"13-01-2023","55.060","56.420","56.420","54.380","1.46M","-2.13%"
"12-01-2023","56.260","56.220","56.940","56.080","1.09M","-0.81%"
"11-01-2023","56.720","56.880","57.220","56.540","770.70K","-0.14%"
"10-01-2023","56.800","55.800","57.140","55.700","837.68K","1.54%"
"09-01-2023","55.940","55.440","55.940","54.780","715.80K","1.89%"
"06-01-2023","54.900","54.460","55.220","53.480","516.51K","0.70%"
"05-01-2023","54.520","53.680","54.900","53.480","551.54K","1.23%"
"04-01-2023","53.860","53.300","54.280","53.180","591.64K","1.62%"
"03-01-2023","53.000","52.600","53.680","52.560","522.56K","0.65%"
"02-01-2023","52.660","51.540","53.020","51.500","621.93K","2.77%"
"30-12-2022","51.240","51.000","51.240","50.560","322.33K","-0.12%"
"29-12-2022","51.300","50.000","51.380","49.950","530.06K","2.19%"
"28-12-2022","50.200","50.600","50.600","49.920","456.31K","-0.83%"
"27-12-2022","50.620","50.940","51.240","50.460","348.25K","0.32%"
"23-12-2022","50.460","50.320","51.020","50.100","528.56K","0.24%"
"22-12-2022","50.340","51.600","51.800","49.790","1.09M","-2.44%"
"21-12-2022","51.600","51.040","51.900","50.620","564.80K","1.34%"
"20-12-2022","50.920","51.300","51.440","50.680","774.72K","-1.66%"
"19-12-2022","51.780","52.020","53.000","51.520","921.95K","-0.35%"
"16-12-2022","51.960","52.900","53.440","51.960","2.12M","-1.59%"
"15-12-2022","52.800","54.800","55.120","52.800","1.16M","-4.28%"
"14-12-2022","55.160","55.440","55.880","54.860","704.33K","-0.54%"
"13-12-2022","55.460","56.040","57.200","55.460","850.57K","-0.75%"
"12-12-2022","55.880","56.400","56.560","55.700","390.35K","-1.34%"
"09-12-2022","56.640","56.640","57.060","55.660","570.26K","0.21%"
"08-12-2022","56.520","56.520","57.460","56.100","638.36K","-0.84%"
"07-12-2022","57.000","58.180","58.540","57.000","548.40K","-2.33%"
"06-12-2022","58.360","59.000","59.420","57.520","587.59K","-1.02%"
"05-12-2022","58.960","59.000","59.280","58.280","607.23K","0.92%"
"02-12-2022","58.420","57.500","58.540","57.160","620.49K","1.53%"
"01-12-2022","57.540","58.820","59.100","57.380","804.12K","-1.37%"
"30-11-2022","58.340","58.360","59.500","58.300","1.52M","0.59%"
"29-11-2022","58.000","58.000","58.360","57.360","539.16K","-0.03%"
"28-11-2022","58.020","58.200","58.300","57.720","404.89K","-1.09%"
"25-11-2022","58.660","58.840","58.900","57.980","328.44K","0.10%"
"24-11-2022","58.600","58.160","59.280","58.100","530.90K","0.72%"
"23-11-2022","58.180","58.420","58.520","57.360","520.32K","-0.41%"
"22-11-2022","58.420","57.880","58.600","57.360","481.16K","0.38%"
"21-11-2022","58.200","58.660","58.660","57.820","","-1.22%"
"18-11-2022","58.920","58.300","59.640","57.860","728.12K","1.69%"
"17-11-2022","57.940","57.280","57.940","56.600","579.82K","1.54%"
"16-11-2022","57.060","60.020","60.060","56.180","1.39M","-5.56%"
"15-11-2022","60.420","59.780","60.800","59.480","738.79K","1.58%"
"14-11-2022","59.480","60.480","60.800","59.020","520.02K","-0.47%"
"11-11-2022","59.760","59.400","61.180","59.280","1.67M","1.88%"
"10-11-2022","58.660","56.860","58.680","56.020","1.25M","2.59%"
"09-11-2022","57.180","57.340","58.280","56.320","632.15K","-0.28%"
"08-11-2022","57.340","58.440","59.180","57.340","696.45K","-1.68%"
"07-11-2022","58.320","56.600","59.000","56.500","790.63K","1.96%"
"04-11-2022","57.200","56.240","57.680","55.700","763.09K","2.03%"
"03-11-2022","56.060","56.320","56.400","54.920","867.44K","-1.55%"
"02-11-2022","56.940","57.620","58.400","56.760","529.06K","-0.90%"
"01-11-2022","57.460","57.120","58.660","56.940","618.05K","1.52%"
"31-10-2022","56.600","57.380","57.460","55.800","647.71K","-0.74%"
"28-10-2022","57.020","57.020","57.320","55.620","689.21K","-0.90%"
"27-10-2022","57.540","57.800","58.160","56.600","618.17K","-0.66%"
"26-10-2022","57.920","57.340","58.320","56.980","459.62K","0.77%"
"25-10-2022","57.480","57.580","58.180","56.000","493.11K","0.42%"
"24-10-2022","57.240","58.040","58.960","56.800","702.70K","-0.49%"
"21-10-2022","57.520","57.620","57.980","56.800","688.02K","-1.64%"
"20-10-2022","58.480","57.700","58.880","56.980","446.39K","1.21%"
"19-10-2022","57.780","59.000","59.260","57.120","574.91K","-1.43%"
"18-10-2022","58.620","59.280","60.020","58.620","462.53K","0.14%"
"17-10-2022","58.540","57.000","58.920","57.000","549.36K","2.74%"
"14-10-2022","56.980","58.000","58.300","56.820","543.73K","-0.28%"
"13-10-2022","57.140","56.820","58.220","55.800","872.79K","-0.10%"
"12-10-2022","57.200","56.400","57.640","55.640","667.34K","0.99%"
"11-10-2022","56.640","57.500","57.580","55.520","874.89K","-1.84%"
"10-10-2022","57.700","59.200","60.040","57.600","767.44K","-4.03%"
"07-10-2022","60.120","61.140","61.360","59.940","622.42K","-1.67%"
"06-10-2022","61.140","60.380","61.520","60.080","905.90K","2.58%"
"05-10-2022","59.600","60.000","60.440","57.960","1.03M","-1.16%"
"04-10-2022","60.300","58.700","60.640","57.960","1.38M","5.16%"
"03-10-2022","57.340","58.120","58.140","55.360","1.33M","-1.41%"
"30-09-2022","58.160","60.900","63.940","57.440","2.90M","-3.84%"
"29-09-2022","60.480","69.020","69.080","59.520","4.54M","-10.93%"
"28-09-2022","67.900","67.980","69.020","66.380","1.15M","-0.99%"
"27-09-2022","68.580","71.140","71.500","68.220","721.35K","-1.97%"
"26-09-2022","69.960","69.500","71.200","69.340","640.13K","-0.37%"
"23-09-2022","70.220","72.880","72.880","69.200","905.72K","-2.93%"
"22-09-2022","72.340","71.080","73.500","70.920","849.07K","0.47%"
"21-09-2022","72.000","71.300","72.720","70.140","879.10K","0.14%"
"20-09-2022","71.900","71.140","73.180","71.060","1.67M","3.87%"
"19-09-2022","69.220","67.880","69.960","67.380","869.82K","3.53%"
"16-09-2022","66.860","66.020","67.560","65.260","6.17M","-0.21%"
"15-09-2022","67.000","68.020","68.580","66.260","796.00K","-1.03%"
"14-09-2022","67.700","67.080","69.080","66.780","998.32K","0.39%"
"13-09-2022","67.440","69.500","70.080","67.060","904.79K","-2.68%"
"12-09-2022","69.300","67.820","69.760","67.760","980.58K","3.68%"
"09-09-2022","66.840","67.500","68.780","66.840","824.13K","-1.27%"
"08-09-2022","67.700","69.120","69.320","66.020","788.76K","-1.74%"
"07-09-2022","68.900","68.600","69.100","67.480","682.62K","-0.58%"
"06-09-2022","69.300","70.500","70.860","68.400","1.14M","-0.20%"
"05-09-2022","69.440","71.200","71.880","68.640","1.17M","-4.62%"
"02-09-2022","72.800","70.540","73.200","70.040","1.06M","4.93%"
"01-09-2022","69.380","69.500","69.920","68.680","646.20K","-1.56%"
"31-08-2022","70.480","73.640","74.040","70.420","1.01M","-3.08%"
"30-08-2022","72.720","70.700","74.060","70.380","1.20M","4.42%"
"29-08-2022","69.640","67.040","70.280","66.860","985.95K","3.66%"
"26-08-2022","67.180","67.540","69.980","66.380","1.10M","0.42%"
"25-08-2022","66.900","67.340","67.520","66.400","358.14K","0.54%"
"24-08-2022","66.540","65.880","66.540","65.000","447.09K","0.70%"
"23-08-2022","66.080","64.600","66.600","64.480","642.32K","2.04%"
"22-08-2022","64.760","67.320","67.340","64.080","862.19K","-4.43%"
"19-08-2022","67.760","69.240","69.840","67.700","707.70K","-3.12%"
"18-08-2022","69.940","69.600","70.720","69.080","435.44K","0.03%"
"17-08-2022","69.920","71.980","72.100","69.600","548.09K","-2.56%"
"16-08-2022","71.760","70.000","71.900","69.760","577.00K","2.60%"
"15-08-2022","69.940","70.580","71.120","68.580","699.31K","-0.20%"
"12-08-2022","70.080","71.360","71.860","70.040","745.76K","-1.77%"
"11-08-2022","71.340","72.800","72.820","70.620","620.73K","-1.38%"
"10-08-2022","72.340","71.400","73.180","71.220","698.55K","1.29%"
"09-08-2022","71.420","72.820","73.300","71.420","436.34K","-2.32%"
"08-08-2022","73.120","72.820","73.480","72.140","327.88K","1.13%"
"05-08-2022","72.300","72.400","73.720","71.920","441.28K","0.03%"
"04-08-2022","72.280","72.520","74.980","72.280","646.57K","-0.14%"
"03-08-2022","72.380","70.480","72.440","69.540","455.64K","2.26%"
"02-08-2022","70.780","70.020","70.880","69.080","457.55K","0.60%"
"01-08-2022","70.360","70.400","71.260","70.100","267.29K","-0.06%"
"29-07-2022","70.400","70.000","71.040","69.720","552.37K","1.12%"
"28-07-2022","69.620","68.000","69.980","68.000","669.36K","3.48%"
"27-07-2022","67.280","67.960","68.560","67.020","333.17K","0.00%"
"26-07-2022","67.280","67.940","68.080","66.380","335.93K","-1.23%"
"25-07-2022","68.120","68.760","68.880","66.400","666.36K","-1.25%"
"22-07-2022","68.980","68.520","69.200","67.760","372.23K","0.50%"
"21-07-2022","68.640","69.800","70.600","68.420","605.44K","-1.49%"
"20-07-2022","69.680","71.060","71.060","67.960","598.02K","-0.99%"
"19-07-2022","70.380","68.720","71.380","68.320","576.62K","1.88%"
"18-07-2022","69.080","68.040","69.780","67.820","576.66K","2.37%"
"15-07-2022","67.480","64.000","67.660","63.500","772.94K","5.60%"
"14-07-2022","63.900","65.060","65.960","63.080","552.69K","-2.05%"
"13-07-2022","65.240","65.380","65.720","63.960","547.63K","-1.18%"
"12-07-2022","66.020","65.540","66.280","64.620","377.85K","-0.12%"
"11-07-2022","66.100","66.060","66.820","65.520","532.43K","-2.42%"
"08-07-2022","67.740","63.740","67.880","63.700","1.06M","6.14%"
"07-07-2022","63.820","61.080","64.380","61.040","877.29K","6.51%"
"06-07-2022","59.920","60.160","61.260","59.920","477.13K","1.46%"
"05-07-2022","59.060","62.240","62.680","59.060","741.54K","-4.37%"
"04-07-2022","61.760","63.440","63.780","61.760","521.31K","-1.87%"
"01-07-2022","62.940","62.360","63.580","61.600","516.77K","-0.29%"
"30-06-2022","63.120","64.820","64.820","61.360","1.06M","-4.10%"
"29-06-2022","65.820","67.000","67.060","65.240","622.26K","-3.03%"
"28-06-2022","67.880","66.780","69.160","66.540","681.79K","2.69%"
"27-06-2022","66.100","65.300","66.840","65.100","493.94K","2.01%"
"24-06-2022","64.800","65.860","65.900","63.920","855.68K","-0.95%"
"23-06-2022","65.420","67.400","67.680","65.100","920.59K","-3.42%"
"22-06-2022","67.740","67.280","68.180","66.100","459.84K","-1.02%"
"21-06-2022","68.440","67.600","68.880","67.300","511.32K","1.63%"
"20-06-2022","67.340","67.880","68.460","67.080","522.02K","-0.24%"
"17-06-2022","67.500","68.640","68.900","67.360","1.14M","-1.55%"
"16-06-2022","68.560","69.140","69.500","67.600","673.97K","-1.24%"
"15-06-2022","69.420","69.580","70.240","69.200","744.67K","1.40%"
"14-06-2022","68.460","70.220","70.400","67.900","912.16K","-0.81%"
"13-06-2022","69.020","71.500","71.860","68.040","1.05M","-5.06%"
"10-06-2022","72.700","74.320","74.440","72.180","635.19K","-3.01%"
"09-06-2022","74.960","75.800","76.260","74.120","495.04K","-1.55%"
"08-06-2022","76.140","76.420","76.760","75.760","711.45K","-0.50%"
"07-06-2022","76.520","76.380","77.000","75.720","587.98K","-1.21%"
"06-06-2022","77.460","78.840","79.880","77.220","419.65K","-0.44%"
"03-06-2022","77.800","79.340","79.720","77.440","449.18K","-1.74%"
"02-06-2022","79.180","79.640","79.920","78.620","310.43K","-0.05%"
"01-06-2022","79.220","76.500","79.940","75.900","883.09K","4.05%"
"31-05-2022","76.140","74.000","76.820","73.300","1.40M","2.56%"
"30-05-2022","74.240","74.280","74.900","73.840","394.05K","1.12%"
"27-05-2022","73.420","73.160","73.820","72.240","517.87K","0.14%"
"26-05-2022","73.320","72.660","73.320","71.860","528.09K","0.83%"
"25-05-2022","72.720","72.660","73.020","70.800","451.86K","1.22%"
"24-05-2022","71.840","71.900","72.960","71.400","474.91K","-1.59%"
"23-05-2022","73.000","73.060","73.400","71.240","538.84K","1.98%"
"20-05-2022","71.580","71.320","73.360","71.120","670.93K","1.02%"
"19-05-2022","70.860","72.000","72.180","68.920","787.28K","-1.69%"
"18-05-2022","72.080","73.480","73.520","72.020","868.34K","-1.50%"
"17-05-2022","73.180","75.500","75.680","72.320","913.87K","-2.79%"
"16-05-2022","75.280","75.480","76.120","74.300","555.79K","-3.26%"
"13-05-2022","77.820","77.420","78.640","76.360","1.02M","1.81%"
"12-05-2022","76.440","74.700","76.720","73.840","562.01K","0.39%"
"11-05-2022","76.140","74.220","76.920","73.120","824.32K","5.25%"
"10-05-2022","72.340","75.560","75.880","72.040","775.01K","-2.98%"
"09-05-2022","74.560","76.740","77.120","74.180","524.22K","-3.07%"
"06-05-2022","76.920","77.500","78.020","75.920","512.66K","-1.11%"
"05-05-2022","77.780","80.240","80.940","76.880","558.10K","-0.69%"
"04-05-2022","78.320","79.460","80.160","78.320","417.80K","-1.58%"
"03-05-2022","79.580","78.240","79.920","77.800","532.65K","2.71%"
"02-05-2022","77.480","79.000","79.240","73.940","531.79K","-2.59%"
"29-04-2022","79.540","79.140","79.860","78.660","516.06K","1.58%"
"28-04-2022","78.300","77.980","79.360","77.220","509.27K","2.30%"
"27-04-2022","76.540","76.160","77.780","73.940","749.95K","0.42%"
"26-04-2022","76.220","80.260","80.400","75.660","","-3.84%"
"25-04-2022","79.260","80.500","81.360","78.820","714.46K","-3.88%"
"22-04-2022","82.460","82.500","83.800","82.260","423.38K","-1.72%"
"21-04-2022","83.900","83.660","84.740","83.200","543.27K","0.58%"
"20-04-2022","83.420","82.960","84.360","82.460","385.76K","1.58%"
"19-04-2022","82.120","81.800","82.840","81.080","537.06K","1.08%"
"14-04-2022","81.240","81.420","82.460","80.460","652.46K","0.05%"
"13-04-2022","81.200","80.680","81.220","79.760","436.58K","0.10%"
"12-04-2022","81.120","80.020","81.660","79.460","519.50K","-0.76%"
"11-04-2022","81.740","82.200","82.720","80.860","518.32K","-1.66%"
"08-04-2022","83.120","84.840","85.060","83.020","421.51K","-0.14%"
"07-04-2022","83.240","84.600","85.440","82.940","570.28K","-0.86%"
"06-04-2022","83.960","87.300","87.720","82.900","968.67K","-4.72%"
"05-04-2022","88.120","89.780","89.780","87.580","661.32K","-0.97%"
"04-04-2022","88.980","88.980","89.420","87.280","518.41K","0.86%"
"01-04-2022","88.220","88.220","89.380","87.240","546.59K","0.36%"
"31-03-2022","87.900","89.000","89.660","87.620","691.58K","-0.63%"
"30-03-2022","88.460","89.880","89.880","87.700","748.60K","-1.54%"
"29-03-2022","89.840","85.500","90.140","84.540","990.04K","6.65%"
"28-03-2022","84.240","83.920","85.600","83.780","468.12K","0.60%"
"25-03-2022","83.740","83.340","84.360","82.660","371.34K","0.70%"
"24-03-2022","83.160","83.260","84.160","82.600","696.08K","-0.55%"
"23-03-2022","83.620","84.800","85.140","82.940","539.71K","-0.62%"
"22-03-2022","84.140","82.820","84.700","82.200","643.62K","1.82%"
"21-03-2022","82.640","81.880","83.000","81.200","587.78K","0.58%"
"18-03-2022","82.160","82.040","83.140","80.980","3.77M","-0.29%"
"17-03-2022","82.400","83.300","83.380","81.220","1.10M","0.41%"
"16-03-2022","82.060","79.500","82.480","78.560","1.62M","6.08%"
"15-03-2022","77.360","75.900","77.880","73.640","1.23M","0.76%"
"14-03-2022","76.780","75.980","78.860","75.700","1.38M","5.32%"
"11-03-2022","72.900","73.440","75.560","72.400","1.32M","0.50%"
"10-03-2022","72.540","76.300","76.760","71.860","1.49M","-4.10%"
"09-03-2022","75.640","71.000","75.640","69.100","2.13M","12.06%"
"08-03-2022","67.500","68.060","71.180","67.020","2.15M","-2.79%"
"07-03-2022","69.440","70.500","72.480","67.040","2.59M","-5.27%"
"04-03-2022","73.300","78.680","79.220","73.160","2.14M","-8.60%"
"03-03-2022","80.200","82.360","83.620","80.200","1.07M","-2.34%"
"02-03-2022","82.120","83.040","85.100","80.680","1.77M","-3.34%"
"01-03-2022","84.960","90.000","91.560","84.960","1.26M","-6.51%"
"28-02-2022","90.880","89.000","90.960","85.760","1.59M","-0.57%"
"25-02-2022","91.400","92.000","93.000","89.140","2.09M","3.77%"
"24-02-2022","88.080","90.000","94.540","86.960","2.58M","-7.23%"
"23-02-2022","94.940","91.580","97.660","90.560","2.10M","4.58%"
"22-02-2022","90.780","79.580","93.960","79.040","3.12M","11.30%"
"21-02-2022","81.560","85.000","85.820","80.740","656.26K","-3.16%"
"18-02-2022","84.220","86.860","87.800","84.220","561.68K","-3.15%"
"17-02-2022","86.960","88.020","88.820","86.500","518.41K","-0.91%"
"16-02-2022","87.760","89.300","90.000","87.360","510.26K","-2.01%"
"15-02-2022","89.560","85.000","89.660","84.400","880.63K","4.77%"
"14-02-2022","85.480","85.000","86.720","84.300","1.12M","-2.69%"
"11-02-2022","87.840","84.480","88.420","84.000","1.01M","2.57%"
"10-02-2022","85.640","85.040","86.280","84.440","841.67K","0.97%"
"09-02-2022","84.820","79.440","85.980","78.980","1.35M","8.19%"
"08-02-2022","78.400","79.000","79.940","77.820","822.29K","-0.38%"
"07-02-2022","78.700","79.940","80.200","78.700","571.27K","-0.28%"
"04-02-2022","78.920","81.340","81.380","78.200","726.91K","-2.64%"
"03-02-2022","81.060","81.380","81.900","80.860","371.90K","-0.71%"
"02-02-2022","81.640","82.800","83.740","81.560","519.53K","-0.87%"
"01-02-2022","82.360","82.800","83.680","81.840","545.67K","-0.05%"
"31-01-2022","82.400","83.100","83.680","81.560","541.44K","0.56%"
"28-01-2022","81.940","83.580","83.800","81.120","665.79K","-1.84%"
"27-01-2022","83.480","82.000","84.860","81.700","582.65K","0.12%"
"26-01-2022","83.380","81.760","84.400","81.500","540.44K","3.04%"
"25-01-2022","80.920","81.840","82.020","80.100","650.42K","0.40%"
"24-01-2022","80.600","84.380","85.080","79.940","936.62K","-5.49%"
"21-01-2022","85.280","86.200","86.220","83.740","735.59K","-3.13%"
"20-01-2022","88.040","87.840","88.480","86.400","418.34K","0.18%"
"19-01-2022","87.880","87.340","89.380","86.560","527.70K","-0.02%"
"18-01-2022","87.900","87.800","88.740","86.060","717.26K","-0.50%"
"17-01-2022","88.340","89.380","89.520","87.480","379.27K","-0.36%"
"14-01-2022","88.660","88.560","90.100","87.800","618.82K","-0.54%"
"13-01-2022","89.140","89.000","90.360","88.600","544.47K","-0.49%"
"12-01-2022","89.580","89.540","90.440","88.000","558.82K","0.97%"
"11-01-2022","88.720","89.600","89.600","87.800","491.52K","-0.34%"
"10-01-2022","89.020","90.600","91.320","88.500","492.82K","-1.31%"
"07-01-2022","90.200","92.160","92.740","89.920","587.73K","-1.38%"
"06-01-2022","91.460","90.200","92.220","89.960","683.13K","-0.67%"
"05-01-2022","92.080","90.600","92.460","90.440","739.02K","1.99%"
"04-01-2022","90.280","87.700","90.860","87.700","892.79K","3.72%"
"03-01-2022","87.040","83.880","88.160","83.780","600.14K","4.31%"
"30-12-2021","83.440","83.800","83.940","83.340","166.02K","-0.26%"
"29-12-2021","83.660","84.700","84.720","83.460","212.56K","-1.20%"
"28-12-2021","84.680","84.700","85.900","84.540","247.12K","0.28%"
"27-12-2021","84.440","84.300","84.760","83.960","245.52K","-0.09%"
"23-12-2021","84.520","83.300","84.820","83.240","286.47K","2.10%"
"22-12-2021","82.780","81.800","82.780","81.360","241.58K","0.98%"
"21-12-2021","81.980","82.000","82.280","81.080","401.56K","1.23%"
"20-12-2021","80.980","81.500","82.360","80.540","667.33K","-3.62%"
"17-12-2021","84.020","86.800","86.800","83.920","892.66K","-3.78%"
"16-12-2021","87.320","87.400","88.940","87.320","644.45K","1.23%"
"15-12-2021","86.260","87.400","87.640","86.140","494.04K","-0.83%"
"14-12-2021","86.980","86.780","88.440","86.780","719.74K","0.51%"
"13-12-2021","86.540","84.600","88.300","84.600","1.04M","2.93%"
"10-12-2021","84.080","84.000","86.240","83.800","663.67K","-0.36%"
"09-12-2021","84.380","85.000","86.520","84.280","857.27K","0.02%"
"08-12-2021","84.360","81.620","85.120","81.500","1.39M","3.48%"
"07-12-2021","81.520","76.440","83.000","75.740","1.98M","8.46%"
"06-12-2021","75.160","74.900","75.480","73.640","557.63K","1.35%"
"03-12-2021","74.160","75.540","75.640","73.740","632.61K","-0.99%"
"02-12-2021","74.900","75.720","76.220","74.740","703.18K","-2.27%"
"01-12-2021","76.640","75.320","77.300","74.780","882.07K","3.32%"
"30-11-2021","74.180","74.000","74.900","73.300","1.19M","-1.09%"
"29-11-2021","75.000","75.500","76.020","74.340","723.62K","0.32%"
"26-11-2021","74.760","76.380","76.700","74.100","1.30M","-5.34%"
"25-11-2021","78.980","80.200","80.360","78.600","545.92K","-1.18%"
"24-11-2021","79.920","81.400","81.420","78.800","731.33K","-1.70%"
"23-11-2021","81.300","81.200","82.060","80.380","604.68K","-0.68%"
"22-11-2021","81.860","82.100","82.500","81.360","581.42K","-0.29%"
"19-11-2021","82.100","83.780","84.120","81.080","968.01K","-2.26%"
"18-11-2021","84.000","84.520","85.200","83.560","473.72K","-0.64%"
"17-11-2021","84.540","84.200","84.720","83.680","499.58K","-0.05%"
"16-11-2021","84.580","84.060","85.320","84.060","469.73K","0.38%"
"15-11-2021","84.260","83.800","84.880","83.200","371.83K","-0.05%"
"12-11-2021","84.300","84.240","84.860","83.540","655.80K","0.17%"
"11-11-2021","84.160","85.720","86.420","83.980","664.48K","-1.98%"
"10-11-2021","85.860","86.020","86.460","85.100","365.79K","0.05%"
"09-11-2021","85.820","87.280","87.740","85.480","702.39K","-1.70%"
"08-11-2021","87.300","88.480","88.480","87.140","416.66K","-1.67%"
"05-11-2021","88.780","87.160","89.320","86.520","482.80K","1.65%"
"04-11-2021","87.340","88.380","88.480","86.700","557.63K","-0.18%"
"03-11-2021","87.500","89.500","89.740","87.060","631.66K","-2.67%"
"02-11-2021","89.900","90.120","90.520","89.320","446.54K","-0.42%"
"01-11-2021","90.280","90.500","91.640","90.180","324.32K","0.51%"
"29-10-2021","89.820","90.140","90.960","89.160","427.66K","-1.17%"
"28-10-2021","90.880","92.200","92.680","90.340","617.08K","-2.72%"
"27-10-2021","93.420","93.540","94.040","92.280","339.10K","-0.41%"
"26-10-2021","93.800","93.000","94.400","92.420","624.78K","1.32%"
"25-10-2021","92.580","88.460","92.760","88.300","860.09K","4.73%"
"22-10-2021","88.400","87.680","89.480","87.420","445.42K","1.42%"
"21-10-2021","87.160","84.480","88.440","84.040","801.80K","1.87%"
"20-10-2021","85.560","86.040","86.760","83.960","516.78K","-0.97%"
"19-10-2021","86.400","87.500","88.200","86.360","335.91K","-0.92%"
"18-10-2021","87.200","90.020","90.160","86.620","491.79K","-3.37%"
"15-10-2021","90.240","88.380","90.280","88.080","595.89K","2.43%"
"14-10-2021","88.100","88.200","88.500","87.540","306.16K","0.73%"
"13-10-2021","87.460","84.880","88.620","84.680","957.64K","3.19%"
"12-10-2021","84.760","83.560","84.840","82.800","455.02K","0.36%"
"11-10-2021","84.460","83.000","84.600","82.700","337.76K","0.45%"
"08-10-2021","84.080","84.820","85.160","83.980","401.13K","-0.73%"
"07-10-2021","84.700","82.800","84.800","82.400","507.33K","3.60%"
"06-10-2021","81.760","83.900","83.900","81.080","725.63K","-3.56%"
"05-10-2021","84.780","84.020","85.180","83.680","383.88K","0.86%"
"04-10-2021","84.060","85.240","85.440","84.020","383.24K","-1.87%"
"01-10-2021","85.660","84.000","86.020","83.340","417.63K","-0.33%"
"30-09-2021","85.940","86.840","86.840","84.820","310.37K","-0.21%"
"29-09-2021","86.120","84.480","86.580","84.480","432.24K","2.21%"
"28-09-2021","84.260","85.400","86.860","84.260","458.69K","-1.38%"
"27-09-2021","85.440","85.540","86.300","85.020","374.06K","1.35%"
"24-09-2021","84.300","84.000","84.900","82.740","310.87K","-0.07%"
"23-09-2021","84.360","84.800","85.520","83.720","321.97K","0.52%"
"22-09-2021","83.920","82.920","84.160","82.160","346.51K","2.57%"
"21-09-2021","81.820","80.800","82.900","80.620","579.96K","2.35%"
"20-09-2021","79.940","82.000","82.220","78.460","1.21M","-4.15%"
"17-09-2021","83.400","85.220","86.020","83.240","2.26M","-1.93%"
"16-09-2021","85.040","86.440","86.800","84.740","434.90K","-1.55%"
"15-09-2021","86.380","86.600","87.580","86.180","331.93K","-0.60%"
"14-09-2021","86.900","86.560","87.840","86.560","295.81K","0.21%"
"13-09-2021","86.720","86.200","87.320","86.100","318.83K","0.67%"
"10-09-2021","86.140","86.420","87.340","85.980","342.62K","0.02%"
"09-09-2021","86.120","84.000","86.460","83.420","343.92K","1.70%"
"08-09-2021","84.680","86.800","86.800","84.460","478.53K","-2.82%"
"07-09-2021","87.140","87.120","87.800","86.940","288.34K","0.11%"
"06-09-2021","87.040","88.080","88.780","86.360","402.02K","-0.64%"
"03-09-2021","87.600","87.500","88.740","87.200","439.37K","0.50%"
"02-09-2021","87.160","86.260","87.500","85.800","442.39K","1.92%"
"01-09-2021","85.520","86.400","86.500","85.000","279.42K","-0.28%"
"31-08-2021","85.760","87.200","87.520","85.180","560.41K","-1.31%"
"30-08-2021","86.900","86.280","87.840","86.280","325.06K","1.12%"
"27-08-2021","85.940","85.500","86.140","84.760","260.08K","0.51%"
"26-08-2021","85.500","85.300","86.040","84.660","245.21K","-0.51%"
"25-08-2021","85.940","85.560","87.080","85.260","320.63K","0.68%"
"24-08-2021","85.360","83.580","86.040","83.500","415.74K","2.79%"
"23-08-2021","83.040","82.960","83.660","82.420","379.54K","1.37%"
"20-08-2021","81.920","82.000","82.020","80.880","461.76K","-0.73%"
"19-08-2021","82.520","83.000","83.540","81.940","541.18K","-2.71%"
"18-08-2021","84.820","86.520","86.580","83.620","663.85K","-1.85%"
"17-08-2021","86.420","88.100","88.440","86.360","499.30K","-2.72%"
"16-08-2021","88.840","90.000","90.420","88.500","328.10K","-1.90%"
"13-08-2021","90.560","91.000","92.040","90.300","293.11K","-0.75%"
"12-08-2021","91.240","89.260","91.240","88.640","338.61K","1.63%"
"11-08-2021","89.780","89.660","90.080","88.820","210.57K","0.22%"
"10-08-2021","89.580","90.000","90.920","88.640","325.48K","-0.42%"
"09-08-2021","89.960","90.980","91.160","89.480","293.11K","-1.16%"
"06-08-2021","91.020","90.060","91.960","89.880","369.01K","1.00%"
"05-08-2021","90.120","89.900","90.380","88.880","302.96K","-0.11%"
"04-08-2021","90.220","90.300","91.740","90.040","316.03K","0.09%"
"03-08-2021","90.140","91.000","91.660","89.960","357.46K","-1.08%"
"02-08-2021","91.120","92.200","93.180","91.080","395.20K","-0.18%"
"30-07-2021","91.280","91.160","92.140","90.420","343.88K","-1.11%"
"29-07-2021","92.300","90.980","92.480","89.360","453.22K","2.28%"
"28-07-2021","90.240","89.580","91.000","89.500","320.01K","1.17%"
"27-07-2021","89.200","90.140","90.560","88.340","442.15K","-1.70%"
"26-07-2021","90.740","90.400","90.740","87.160","899.18K","-1.90%"
"23-07-2021","92.500","91.940","93.660","91.760","361.44K","1.00%"
"22-07-2021","91.580","92.140","93.560","91.580","326.66K","0.18%"
"21-07-2021","91.420","89.560","92.600","88.240","438.60K","2.60%"
"20-07-2021","89.100","89.360","90.220","88.200","487.34K","0.84%"
"19-07-2021","88.360","90.540","90.540","86.960","468.13K","-2.67%"
"16-07-2021","90.780","92.080","92.820","90.540","289.44K","-1.13%"
"15-07-2021","91.820","93.080","93.080","91.140","338.94K","-1.65%"
"14-07-2021","93.360","93.100","94.760","92.920","241.81K","-0.04%"
"13-07-2021","93.400","94.500","94.900","92.920","322.83K","-1.16%"
"12-07-2021","94.500","92.980","95.320","92.500","370.76K","1.72%"
"09-07-2021","92.900","88.960","92.900","88.580","645.34K","6.10%"
"08-07-2021","87.560","89.680","89.680","85.920","681.63K","-2.93%"
"07-07-2021","90.200","89.280","91.120","88.580","394.86K","1.28%"
"06-07-2021","89.060","91.180","91.300","88.680","597.36K","-2.69%"
"05-07-2021","91.520","91.460","91.980","90.580","182.71K","0.09%"
"02-07-2021","91.440","91.600","92.520","91.160","280.70K","0.04%"
"01-07-2021","91.400","91.020","92.100","90.420","343.14K","1.15%"
"30-06-2021","90.360","92.220","94.300","89.300","990.28K","-4.20%"
"29-06-2021","94.320","94.000","95.580","93.980","284.71K","0.34%"
"28-06-2021","94.000","95.400","95.440","93.620","299.81K","-1.32%"
"25-06-2021","95.260","97.000","97.000","94.860","318.17K","-1.47%"
"24-06-2021","96.680","95.320","96.680","95.160","540.11K","2.52%"
"23-06-2021","94.300","95.080","95.880","93.920","474.56K","0.13%"
"22-06-2021","94.180","96.080","96.080","93.940","317.90K","-1.34%"
"21-06-2021","95.460","91.500","95.700","91.020","367.09K","3.60%"
"18-06-2021","92.140","94.800","94.940","91.980","1.00M","-3.01%"
"17-06-2021","95.000","94.440","96.000","94.200","317.38K","0.47%"
"16-06-2021","94.560","95.680","95.920","92.700","502.04K","-1.01%"
"15-06-2021","95.520","97.780","97.780","95.520","270.82K","-1.73%"
"14-06-2021","97.200","98.820","98.960","97.060","321.05K","-1.24%"
"11-06-2021","98.420","97.240","98.920","96.740","300.76K","1.59%"
"10-06-2021","96.880","96.980","97.860","95.460","473.56K","-0.31%"
"09-06-2021","97.180","97.560","98.520","96.400","377.25K","-0.18%"
"08-06-2021","97.360","101.550","101.700","97.120","711.11K","-3.79%"
"07-06-2021","101.200","99.500","102.000","99.100","736.86K","1.46%"
"04-06-2021","99.740","99.000","99.960","98.740","440.62K","0.63%"
"03-06-2021","99.120","98.240","99.440","97.440","500.17K","0.77%"
"02-06-2021","98.360","97.420","99.440","96.360","606.19K","1.32%"
"01-06-2021","97.080","94.000","97.540","93.800","847.47K","4.95%"
"31-05-2021","92.500","91.460","93.120","90.160","530.69K","1.25%"
"28-05-2021","91.360","90.700","91.840","90.160","416.39K","1.02%"
"27-05-2021","90.440","87.620","90.520","87.140","1.39M","3.08%"
"26-05-2021","87.740","87.500","88.460","86.840","447.26K","0.85%"
"25-05-2021","87.000","86.960","88.340","86.820","589.19K","1.19%"
"21-05-2021","85.980","85.340","86.320","84.960","398.82K","1.42%"
"20-05-2021","84.780","84.160","85.280","83.640","386.77K","1.68%"
"19-05-2021","83.380","84.700","85.420","82.440","456.93K","-2.71%"
"18-05-2021","85.700","86.500","87.240","85.120","419.93K","-0.05%"
"17-05-2021","85.740","86.300","86.760","84.980","369.22K","0.19%"
"14-05-2021","85.580","84.880","85.580","83.260","555.09K","2.22%"
"13-05-2021","83.720","82.980","84.180","80.360","572.54K","-0.24%"
"12-05-2021","83.920","84.000","84.560","83.380","389.62K","-0.64%"
"11-05-2021","84.460","86.000","86.540","83.680","610.69K","-3.72%"
"10-05-2021","87.720","87.500","87.860","86.700","358.31K","0.25%"
"07-05-2021","87.500","87.640","88.320","86.360","454.02K","0.46%"
"06-05-2021","87.100","88.500","89.040","86.100","565.83K","-0.91%"
"05-05-2021","87.900","85.920","88.100","85.560","598.75K","3.39%"
"04-05-2021","85.020","89.140","89.240","84.620","691.92K","-4.62%"
"03-05-2021","89.140","87.540","89.660","87.040","368.70K","1.78%"
"30-04-2021","87.580","86.900","88.700","86.300","584.12K","0.57%"
"29-04-2021","87.080","89.740","89.740","85.800","885.32K","-2.68%"
"28-04-2021","89.480","90.280","90.860","89.020","669.66K","-1.80%"
"27-04-2021","91.120","91.700","92.120","90.240","381.84K","-1.02%"
"26-04-2021","92.060","93.000","93.100","91.000","346.64K","-0.58%"
"23-04-2021","92.600","92.100","93.360","91.600","319.53K","-0.39%"
"22-04-2021","92.960","92.760","93.600","91.440","413.32K","1.07%"
"21-04-2021","91.980","92.960","93.680","89.560","811.42K","-0.56%"
"20-04-2021","92.500","95.600","96.840","92.240","780.15K","-3.63%"
"19-04-2021","95.980","99.780","99.800","95.420","692.52K","-2.62%"
"16-04-2021","98.560","96.400","99.020","96.140","732.13K","3.16%"
"15-04-2021","95.540","95.080","96.520","94.520","537.88K","0.70%"
"14-04-2021","94.880","95.500","95.860","94.120","608.49K","-0.34%"
"13-04-2021","95.200","94.740","97.400","94.600","868.96K","0.23%"
"12-04-2021","94.980","95.740","96.420","94.740","498.04K","-0.46%"
"09-04-2021","95.420","95.980","96.100","94.720","423.21K","-0.75%"
"08-04-2021","96.140","96.360","97.240","94.660","643.55K","0.17%"
"07-04-2021","95.980","96.200","96.900","95.040","700.94K","-0.52%"
"06-04-2021","96.480","94.560","96.660","94.560","874.01K","2.92%"
"01-04-2021","93.740","91.040","93.800","90.920","808.71K","3.67%"
"31-03-2021","90.420","91.500","92.680","90.220","773.11K","-1.95%"
"30-03-2021","92.220","90.020","92.460","89.760","791.04K","3.85%"
"29-03-2021","88.800","87.540","89.940","86.440","510.70K","1.12%"
"26-03-2021","87.820","88.860","90.260","87.180","848.92K","-0.14%"
"25-03-2021","87.940","84.840","88.400","84.460","968.44K","3.85%"
"24-03-2021","84.680","86.760","87.840","84.020","1.45M","-3.13%"
"23-03-2021","87.420","94.200","94.860","86.760","2.62M","-7.04%"
"22-03-2021","94.040","89.100","94.400","87.740","3.07M","8.92%"
"19-03-2021","86.340","86.420","87.700","84.700","4.10M","-0.87%"
"18-03-2021","87.100","87.660","90.300","83.520","3.47M","3.74%"
"17-03-2021","83.960","83.320","85.480","82.740","2.13M","1.77%"
"16-03-2021","82.500","79.840","84.420","79.680","1.75M","4.91%"
"15-03-2021","78.640","76.900","79.540","76.900","847.64K","2.40%"
"12-03-2021","76.800","77.000","77.340","75.200","520.46K","0.37%"
"11-03-2021","76.520","77.480","77.480","75.300","650.12K","-0.75%"
"10-03-2021","77.100","75.340","77.440","74.720","569.18K","2.53%"
"09-03-2021","75.200","76.920","76.980","74.460","778.65K","-2.77%"
"08-03-2021","77.340","76.000","77.340","75.580","718.45K","2.63%"
"05-03-2021","75.360","73.500","76.040","73.400","842.47K","1.67%"
"04-03-2021","74.120","72.620","74.860","72.180","874.58K","1.62%"
"03-03-2021","72.940","70.860","73.420","70.560","1.19M","5.01%"
"02-03-2021","69.460","68.560","69.840","68.340","611.15K","1.49%"
"01-03-2021","68.440","67.120","68.780","67.100","614.20K","3.10%"
"26-02-2021","66.380","64.780","66.880","64.200","827.42K","1.10%"
"25-02-2021","65.660","66.400","67.260","65.660","507.88K","-0.39%"
"24-02-2021","65.920","65.700","66.500","65.440","516.80K","0.37%"
"23-02-2021","65.680","66.160","66.580","64.820","532.09K","-0.42%"
"22-02-2021","65.960","64.600","66.320","64.020","576.32K","1.57%"
"19-02-2021","64.940","64.380","65.840","64.060","999.62K","2.53%"
"18-02-2021","63.340","60.560","63.880","60.100","1.37M","5.15%"
"17-02-2021","60.240","60.820","61.080","59.740","287.80K","-0.99%"
"16-02-2021","60.840","60.720","61.240","60.540","257.40K","0.30%"
"15-02-2021","60.660","60.780","61.200","60.340","251.69K","0.63%"
"12-02-2021","60.280","60.900","60.900","60.040","325.69K","-1.18%"
"11-02-2021","61.000","61.020","61.320","60.260","271.85K","0.99%"
"10-02-2021","60.400","60.700","61.440","60.180","310.64K","-0.43%"
"09-02-2021","60.660","60.980","61.100","60.300","278.91K","-0.36%"
"08-02-2021","60.880","61.000","61.700","60.560","420.80K","-0.07%"
"05-02-2021","60.920","61.200","62.140","60.640","761.70K","0.73%"
"04-02-2021","60.480","61.360","61.620","60.420","582.92K","-0.03%"
"03-02-2021","60.500","59.880","61.000","59.580","526.19K","1.82%"
"02-02-2021","59.420","58.420","59.760","58.380","412.50K","2.87%"
"01-02-2021","57.760","58.240","58.380","57.260","329.88K","0.45%"
"29-01-2021","57.500","57.200","58.100","56.500","507.89K","-0.69%"
"28-01-2021","57.900","57.980","58.480","56.360","503.87K","-0.92%"
"27-01-2021","58.440","59.600","59.740","57.540","539.63K","-2.24%"
"26-01-2021","59.780","58.560","60.240","57.800","449.53K","1.87%"
"25-01-2021","58.680","60.860","61.920","58.160","697.34K","-2.30%"
"22-01-2021","60.060","59.120","61.560","58.140","1.02M","0.84%"
"21-01-2021","59.560","59.300","59.980","58.600","462.72K","0.98%"
"20-01-2021","58.980","57.520","59.060","57.520","467.95K","3.26%"
"19-01-2021","57.120","57.340","57.600","56.600","391.41K","0.18%"
"18-01-2021","57.020","56.340","57.300","56.140","292.64K","0.00%"
"15-01-2021","57.020","57.500","57.980","56.300","510.90K","-0.83%"
"14-01-2021","57.500","56.360","57.840","56.200","609.73K","2.57%"
"13-01-2021","56.060","55.580","56.360","55.020","587.62K","0.68%"
"12-01-2021","55.680","55.000","55.680","54.060","559.49K","1.27%"
"11-01-2021","54.980","55.380","55.500","54.400","473.52K","-1.29%"
"08-01-2021","55.700","56.520","56.840","55.200","584.76K","-1.10%"
"07-01-2021","56.320","56.000","56.760","55.560","539.50K","0.75%"
"06-01-2021","55.900","57.000","57.700","55.160","741.36K","-0.82%"
"05-01-2021","56.360","56.160","57.080","55.540","591.28K","-0.11%"
"04-01-2021","56.420","57.680","57.680","55.880","498.98K","0.04%"
"30-12-2020","56.400","57.520","57.660","56.400","248.46K","-2.25%"
"29-12-2020","57.700","58.140","58.320","57.200","399.07K","-0.21%"
"28-12-2020","57.820","58.180","58.440","57.700","354.92K","0.70%"
"23-12-2020","57.420","57.100","57.580","56.600","336.00K","1.70%"
"22-12-2020","56.460","56.380","57.080","55.980","290.78K","0.53%"
"21-12-2020","56.160","55.760","56.160","54.460","514.81K","-2.13%"
"18-12-2020","57.380","58.220","58.420","57.180","679.97K","-1.34%"
"17-12-2020","58.160","58.660","58.660","57.760","563.23K","0.35%"
"16-12-2020","57.960","57.500","59.120","57.500","662.43K","1.68%"
"15-12-2020","57.000","54.580","57.220","54.560","891.39K","5.52%"
"14-12-2020","54.020","54.300","55.140","54.020","380.35K","0.04%"
"11-12-2020","54.000","54.920","54.980","53.180","605.83K","-1.89%"
"10-12-2020","55.040","55.300","55.540","54.740","505.10K","-0.15%"
"09-12-2020","55.120","54.260","55.800","54.260","482.79K","1.17%"
"08-12-2020","54.480","54.620","54.820","53.920","353.14K","-0.95%"
"07-12-2020","55.000","56.000","56.000","54.520","350.83K","-1.57%"
"04-12-2020","55.880","55.880","56.560","55.400","440.96K","0.98%"
"03-12-2020","55.340","55.180","55.640","54.840","325.29K","0.00%"
"02-12-2020","55.340","55.020","55.600","53.980","491.99K","-0.43%"
"01-12-2020","55.580","53.900","56.020","53.900","582.18K","4.28%"
"30-11-2020","53.300","54.520","54.640","53.300","1.10M","-3.09%"
"27-11-2020","55.000","55.500","55.780","54.700","625.78K","-1.75%"
"26-11-2020","55.980","57.680","57.680","55.980","401.86K","-2.47%"
"25-11-2020","57.400","58.720","58.920","56.620","729.82K","-1.91%"
"24-11-2020","58.520","56.760","58.520","56.680","664.89K","3.58%"
"23-11-2020","56.500","56.820","57.340","56.220","379.47K","0.21%"
"20-11-2020","56.380","56.520","56.980","56.100","353.47K","-0.25%"
"19-11-2020","56.520","56.820","57.180","56.460","543.24K","-1.26%"
"18-11-2020","57.240","56.400","57.420","56.060","486.04K","0.77%"
"17-11-2020","56.800","56.520","56.940","56.120","466.92K","0.21%"
"16-11-2020","56.680","55.700","57.080","55.360","907.23K","3.36%"
"13-11-2020","54.840","53.180","54.960","52.920","565.61K","2.62%"
"12-11-2020","53.440","54.020","54.220","53.140","490.09K","-1.84%"
"11-11-2020","54.440","54.140","54.920","53.420","781.37K","0.07%"
"10-11-2020","54.400","52.500","54.480","52.500","1.27M","2.95%"
"09-11-2020","52.840","51.080","53.880","50.740","1.20M","5.70%"
"06-11-2020","49.990","51.120","51.260","49.380","524.71K","-1.67%"
"05-11-2020","50.840","50.000","51.080","49.760","578.13K","2.79%"
"04-11-2020","49.460","47.450","49.510","47.110","445.41K","1.10%"
"03-11-2020","48.920","47.810","49.020","47.810","417.35K","3.80%"
"02-11-2020","47.130","46.340","47.550","45.630","516.80K","2.46%"
"30-10-2020","46.000","45.300","46.210","45.200","521.76K","0.57%"
"29-10-2020","45.740","45.300","46.290","44.940","715.24K","1.80%"
"28-10-2020","44.930","46.600","46.600","44.450","1.01M","-5.55%"
"27-10-2020","47.570","48.750","48.920","47.570","601.97K","-2.72%"
"26-10-2020","48.900","48.510","50.180","48.510","533.83K","-2.47%"
"23-10-2020","50.140","49.950","50.680","49.900","335.11K","0.20%"
"22-10-2020","50.040","49.000","50.200","48.420","328.41K","0.99%"
"21-10-2020","49.550","49.830","50.520","49.550","443.83K","-0.70%"
"20-10-2020","49.900","50.400","50.540","49.750","325.29K","-1.15%"
"19-10-2020","50.480","49.700","50.500","49.660","444.73K","1.22%"
"16-10-2020","49.870","49.200","50.260","48.970","538.74K","2.68%"
"15-10-2020","48.570","48.700","48.700","47.100","677.00K","-1.90%"
"14-10-2020","49.510","49.750","50.540","49.450","297.19K","-0.60%"
"13-10-2020","49.810","49.990","50.320","49.390","293.43K","-0.46%"
"12-10-2020","50.040","49.700","50.420","49.230","392.08K","0.62%"
"09-10-2020","49.730","50.580","50.580","49.530","352.87K","-1.17%"
"08-10-2020","50.320","50.940","51.000","50.060","277.67K","-0.36%"
"07-10-2020","50.500","50.300","50.820","49.400","409.29K","0.24%"
"06-10-2020","50.380","50.180","50.600","49.690","406.35K","0.96%"
"05-10-2020","49.900","49.030","50.020","48.660","462.53K","-0.56%"
"02-10-2020","50.180","50.980","50.980","49.570","492.50K","-2.18%"
"01-10-2020","51.300","51.580","51.820","50.420","412.90K","0.79%"
"30-09-2020","50.900","50.400","51.660","50.160","448.89K","0.16%"
"29-09-2020","50.820","51.140","51.480","50.520","282.47K","-0.51%"
"28-09-2020","51.080","49.890","51.560","49.820","534.58K","4.46%"
"25-09-2020","48.900","49.610","49.660","48.300","355.09K","-1.59%"
"24-09-2020","49.690","48.830","50.440","48.510","503.30K","0.38%"
"23-09-2020","49.500","50.000","51.140","49.490","511.10K","0.47%"
"22-09-2020","49.270","49.200","50.040","48.720","378.07K","0.82%"
"21-09-2020","48.870","50.620","50.680","48.520","740.23K","-3.95%"
"18-09-2020","50.880","53.000","53.000","50.680","933.98K","-4.11%"
"17-09-2020","53.060","52.800","53.140","52.160","374.91K","-1.38%"
"16-09-2020","53.800","53.820","54.120","53.060","409.38K","-0.11%"
"15-09-2020","53.860","54.460","54.760","53.440","429.58K","-0.70%"
"14-09-2020","54.240","55.080","55.100","53.900","248.07K","-0.70%"
"11-09-2020","54.620","54.400","54.680","53.700","360.64K","0.22%"
"10-09-2020","54.500","54.300","55.400","54.220","483.36K","0.18%"
"09-09-2020","54.400","53.900","54.600","53.800","372.56K","-0.44%"
"08-09-2020","54.640","54.360","55.000","53.400","507.75K","1.26%"
"07-09-2020","53.960","53.000","54.400","52.900","520.93K","3.21%"
"04-09-2020","52.280","52.000","53.700","51.920","575.87K","0.54%"
"03-09-2020","52.000","51.900","53.780","51.720","615.10K","0.66%"
"02-09-2020","51.660","51.780","52.180","51.320","440.75K","-0.12%"
"01-09-2020","51.720","52.000","52.740","51.140","384.09K","0.82%"
"31-08-2020","51.300","52.100","52.960","51.300","443.37K","-1.35%"
"28-08-2020","52.000","52.380","52.820","51.700","265.46K","-0.84%"
"27-08-2020","52.440","52.000","53.040","51.980","375.58K","1.00%"
"26-08-2020","51.920","50.600","52.280","50.600","373.77K","1.45%"
"25-08-2020","51.180","52.040","52.400","51.020","367.82K","-1.27%"
"24-08-2020","51.840","51.280","52.040","50.760","390.15K","1.29%"
"21-08-2020","51.180","51.500","52.180","50.560","289.87K","-0.70%"
"20-08-2020","51.540","51.980","52.120","51.300","294.55K","-2.28%"
"19-08-2020","52.740","51.640","52.760","51.640","314.53K","1.38%"
"18-08-2020","52.020","51.900","52.960","51.600","277.77K","-0.15%"
"17-08-2020","52.100","52.440","52.840","52.100","213.06K","-0.19%"
"14-08-2020","52.200","52.640","52.860","51.740","369.87K","-1.47%"
"13-08-2020","52.980","53.380","54.000","52.920","247.20K","-1.34%"
"12-08-2020","53.700","53.360","54.100","53.200","365.96K","0.34%"
"11-08-2020","53.520","52.780","54.220","52.580","666.86K","2.88%"
"10-08-2020","52.020","52.100","52.440","51.260","344.59K","-0.76%"
"07-08-2020","52.420","52.000","52.460","51.100","334.25K","1.00%"
"06-08-2020","51.900","52.920","53.680","51.820","573.12K","-1.74%"
"05-08-2020","52.820","52.400","53.480","52.140","491.09K","1.11%"
"04-08-2020","52.240","51.180","52.320","50.660","501.21K","3.16%"
"03-08-2020","50.640","48.400","51.320","48.270","651.21K","5.30%"
"31-07-2020","48.090","50.400","50.580","48.090","602.41K","-3.49%"
"30-07-2020","49.830","51.700","51.800","48.690","917.81K","-4.80%"
"29-07-2020","52.340","53.240","53.240","51.700","287.32K","-1.36%"
"28-07-2020","53.060","53.380","54.000","52.560","403.70K","-0.64%"
"27-07-2020","53.400","53.360","54.020","52.960","316.37K","-0.63%"
"24-07-2020","53.740","54.220","54.400","53.360","374.11K","-2.43%"
"23-07-2020","55.080","54.900","55.760","54.540","465.84K","0.88%"
"22-07-2020","54.600","54.840","55.280","53.640","332.92K","-0.44%"
"21-07-2020","54.840","54.580","56.060","54.500","530.84K","1.48%"
"20-07-2020","54.040","54.000","54.240","53.440","475.70K","-0.55%"
"17-07-2020","54.340","54.580","55.140","54.140","611.81K","1.08%"
"16-07-2020","53.760","53.620","54.560","53.340","446.72K","-0.88%"
"15-07-2020","54.240","53.700","54.800","53.700","431.67K","1.88%"
"14-07-2020","53.240","53.440","54.260","52.860","463.65K","-1.19%"
"13-07-2020","53.880","54.400","55.020","53.540","338.93K","-0.07%"
"10-07-2020","53.920","51.500","54.060","51.280","535.73K","3.61%"
"09-07-2020","52.040","52.000","52.980","51.900","395.95K","0.42%"
"08-07-2020","51.820","52.680","53.200","51.820","286.56K","-2.23%"
"07-07-2020","53.000","53.000","53.700","52.460","348.23K","-0.90%"
"06-07-2020","53.480","53.600","54.360","52.680","482.15K","2.02%"
"03-07-2020","52.420","53.220","53.660","52.060","269.63K","-1.09%"
"02-07-2020","53.000","52.000","53.320","51.700","560.08K","2.67%"
"01-07-2020","51.620","50.520","52.340","50.380","595.79K","0.90%"
"30-06-2020","51.160","52.300","52.300","49.980","533.02K","0.27%"
"29-06-2020","51.020","49.940","51.500","49.790","462.93K","0.83%"
"26-06-2020","50.600","50.700","52.000","50.080","532.78K","0.60%"
"25-06-2020","50.300","49.070","50.700","48.400","500.21K","2.28%"
"24-06-2020","49.180","52.280","53.040","49.180","782.03K","-6.15%"
"23-06-2020","52.400","51.760","53.120","51.260","761.28K","2.91%"
"22-06-2020","50.920","50.820","51.740","50.100","546.40K","-1.43%"
"19-06-2020","51.660","51.800","52.480","49.950","4.35M","0.31%"
"18-06-2020","51.500","50.980","52.320","50.800","691.89K","0.55%"
"17-06-2020","51.220","51.900","52.520","50.560","949.13K","-1.16%"
"16-06-2020","51.820","52.520","52.660","50.680","851.10K","2.13%"
"15-06-2020","50.740","48.530","51.300","48.010","656.66K","1.24%"
"12-06-2020","50.120","48.940","51.160","48.210","963.97K","2.26%"
"11-06-2020","49.010","51.620","51.720","49.010","1.12M","-7.56%"
"10-06-2020","53.020","53.900","54.540","52.000","872.85K","-1.01%"
"09-06-2020","53.560","55.800","56.380","52.140","1.04M","-3.43%"
"08-06-2020","55.460","55.020","57.300","55.020","912.51K","0.54%"
"05-06-2020","55.160","53.120","55.160","52.960","947.52K","6.00%"
"04-06-2020","52.040","51.160","53.200","50.520","686.02K","-1.14%"
"03-06-2020","52.640","51.580","52.740","51.480","575.53K","3.50%"
"02-06-2020","50.860","50.120","52.520","49.960","742.80K","3.99%"
"29-05-2020","48.910","49.220","50.160","48.510","847.12K","-3.68%"
"28-05-2020","50.780","51.720","52.140","49.020","714.48K","-0.04%"
"27-05-2020","50.800","49.380","52.300","49.300","993.37K","3.17%"
"26-05-2020","49.240","47.960","49.520","47.670","747.06K","3.88%"
"25-05-2020","47.400","47.190","47.400","46.200","245.30K","1.80%"
"22-05-2020","46.560","45.000","47.640","44.610","731.16K","1.66%"
"21-05-2020","45.800","45.980","47.030","45.150","438.14K","-0.74%"
"20-05-2020","46.140","45.610","46.670","44.230","715.95K","0.98%"
"19-05-2020","45.690","46.000","46.500","44.490","598.49K","0.31%"
"18-05-2020","45.550","44.060","45.840","43.690","745.37K","7.25%"
"15-05-2020","42.470","42.060","43.080","41.310","768.95K","2.96%"
"14-05-2020","41.250","42.000","42.480","39.520","1.17M","-3.73%"
"13-05-2020","42.850","45.500","45.790","42.400","1.29M","-7.43%"
"12-05-2020","46.290","46.170","47.000","45.600","424.92K","0.52%"
"11-05-2020","46.050","47.300","47.950","45.850","506.19K","-2.02%"
"08-05-2020","47.000","46.930","47.290","46.340","468.98K","2.20%"
"07-05-2020","45.990","45.990","47.190","45.900","580.31K","1.50%"
"06-05-2020","45.310","45.930","46.320","45.240","554.64K","-0.85%"
"05-05-2020","45.700","44.940","45.800","44.200","554.44K","4.72%"
"04-05-2020","43.640","44.800","44.800","43.300","712.95K","-5.19%"
"30-04-2020","46.030","48.300","49.070","45.050","771.14K","-3.58%"
"29-04-2020","47.740","45.000","48.440","44.900","1.03M","6.51%"
"28-04-2020","44.820","43.520","45.860","43.520","942.16K","2.96%"
"27-04-2020","43.530","43.200","43.600","42.890","362.74K","3.15%"
"24-04-2020","42.200","42.010","43.490","41.350","406.23K","-1.88%"
"23-04-2020","43.010","42.000","43.790","41.800","475.77K","3.09%"
"22-04-2020","41.720","41.200","42.090","40.740","491.91K","1.88%"
"21-04-2020","40.950","42.690","42.950","40.800","689.03K","-6.21%"
"20-04-2020","43.660","44.030","44.600","42.710","524.97K","-0.05%"
"17-04-2020","43.680","43.500","44.410","42.950","843.87K","4.22%"
"16-04-2020","41.910","43.000","43.430","41.580","858.77K","-0.59%"
"15-04-2020","42.160","44.800","44.900","41.850","950.59K","-5.19%"
"14-04-2020","44.470","46.000","46.380","44.430","636.98K","0.50%"
"09-04-2020","44.250","43.830","45.770","43.390","856.56K","4.04%"
"08-04-2020","42.530","41.450","43.360","40.560","947.14K","2.24%"
"07-04-2020","41.600","43.110","43.370","40.690","1.09M","3.23%"
"06-04-2020","40.300","37.580","40.750","36.970","1.21M","13.71%"
"03-04-2020","35.440","36.270","36.610","35.420","694.94K","-3.28%"
"02-04-2020","36.640","36.800","37.580","35.680","762.30K","-0.33%"
"01-04-2020","36.760","37.480","37.870","36.500","765.04K","-4.96%"
"31-03-2020","38.680","38.570","39.160","37.540","760.35K","2.98%"
"30-03-2020","37.560","37.930","38.000","35.860","899.11K","-0.95%"
"27-03-2020","37.920","40.110","40.390","37.680","715.57K","-7.04%"
"26-03-2020","40.790","39.250","40.790","38.020","782.55K","3.01%"
"25-03-2020","39.600","40.580","41.530","37.190","1.35M","4.62%"
"24-03-2020","37.850","34.560","37.850","33.110","1.38M","16.61%"
"23-03-2020","32.460","32.500","33.580","31.200","1.06M","-3.68%"
"20-03-2020","33.700","31.500","34.280","31.130","1.65M","11.33%"
"19-03-2020","30.270","31.000","31.730","28.280","1.76M","-0.16%"
"18-03-2020","30.320","34.070","34.170","29.890","1.83M","-14.93%"
"17-03-2020","35.640","37.500","37.680","33.650","1.21M","-1.71%"
"16-03-2020","36.260","37.400","37.700","33.500","1.94M","-8.60%"
"13-03-2020","39.670","41.980","43.930","38.670","1.34M","-1.98%"
"12-03-2020","40.470","45.600","46.000","40.000","1.67M","-17.14%"
"11-03-2020","48.840","50.000","50.900","48.330","863.20K","-0.93%"
"10-03-2020","49.300","50.000","52.980","49.250","774.36K","-0.58%"
"09-03-2020","49.590","51.000","51.940","49.420","1.19M","-9.38%"
"06-03-2020","54.720","55.000","55.560","53.740","606.86K","-2.81%"
"05-03-2020","56.300","57.980","58.060","55.820","516.67K","-2.43%"
"04-03-2020","57.700","57.000","58.200","56.820","732.94K","1.66%"
"03-03-2020","56.760","57.300","58.820","56.760","672.79K","0.96%"
"02-03-2020","56.220","57.580","58.140","55.820","860.98K","-0.11%"
"28-02-2020","56.280","55.100","56.800","53.540","1.49M","-1.26%"
"27-02-2020","57.000","57.720","58.300","56.260","842.43K","-3.68%"
"26-02-2020","59.180","57.980","59.700","57.220","702.85K","0.34%"
"25-02-2020","58.980","60.000","60.300","58.580","596.71K","-1.40%"
"24-02-2020","59.820","61.400","61.400","59.200","916.69K","-5.68%"
"21-02-2020","63.420","63.500","64.420","62.860","446.62K","-1.15%"
"20-02-2020","64.160","64.740","65.540","64.160","444.84K","-1.26%"
"19-02-2020","64.980","64.800","65.020","64.080","277.72K","0.90%"
"18-02-2020","64.400","64.500","65.320","63.740","368.39K","-1.59%"
"17-02-2020","65.440","65.800","66.180","65.260","320.06K","0.68%"
"14-02-2020","65.000","65.900","66.240","64.740","404.38K","-1.40%"
"13-02-2020","65.920","65.300","65.920","64.560","497.43K","0.43%"
"12-02-2020","65.640","63.660","65.980","63.660","508.85K","3.53%"
"11-02-2020","63.400","63.360","64.160","62.760","378.40K","1.38%"
"10-02-2020","62.540","63.160","63.600","62.220","314.79K","-1.48%"
"07-02-2020","63.480","63.980","64.080","62.780","416.66K","-1.52%"
"06-02-2020","64.460","64.940","65.160","64.260","289.05K","0.25%"
"05-02-2020","64.300","63.300","64.760","62.760","480.55K","1.77%"
"04-02-2020","63.180","62.200","63.180","61.340","590.80K","2.47%"
"03-02-2020","61.660","61.480","61.860","60.820","438.28K","0.85%"
"31-01-2020","61.140","61.600","62.340","61.060","480.59K","-1.26%"
"30-01-2020","61.920","63.260","63.580","61.800","720.38K","-2.67%"
"29-01-2020","63.620","64.240","64.880","63.620","374.42K","-0.97%"
"28-01-2020","64.240","64.520","64.680","63.540","402.23K","0.03%"
"27-01-2020","64.220","65.500","65.780","63.900","681.56K","-3.54%"
"24-01-2020","66.580","66.900","67.480","66.400","284.16K","0.06%"
"23-01-2020","66.540","66.860","67.200","66.060","397.80K","-0.78%"
"22-01-2020","67.060","68.140","68.680","67.060","444.92K","-1.27%"
"21-01-2020","67.920","67.120","68.440","67.020","313.78K","-0.06%"
"20-01-2020","67.960","67.700","68.400","67.460","224.12K","0.32%"
"17-01-2020","67.740","68.160","68.620","67.580","360.36K","-0.15%"
"16-01-2020","67.840","67.900","68.100","66.580","476.76K","-0.62%"
"15-01-2020","68.260","69.000","69.300","67.760","492.77K","-1.50%"
"14-01-2020","69.300","69.740","69.740","68.820","407.30K","-0.32%"
"13-01-2020","69.520","69.800","70.060","69.360","322.28K","-0.49%"
"10-01-2020","69.860","68.560","70.660","68.560","525.60K","1.36%"
"09-01-2020","68.920","68.500","69.560","67.900","474.97K","1.86%"
"08-01-2020","67.660","67.060","67.760","66.600","301.49K","0.21%"
"07-01-2020","67.520","67.100","67.660","66.960","323.30K","1.23%"
"06-01-2020","66.700","66.480","66.780","65.580","336.48K","-0.48%"
"03-01-2020","67.020","67.140","67.380","66.100","307.61K","-0.98%"
"02-01-2020","67.680","66.480","68.200","66.400","308.91K","1.56%"
"30-12-2019","66.640","66.980","67.040","66.420","179.13K","-0.83%"
"27-12-2019","67.200","67.300","67.460","66.940","151.26K","-0.06%"
"23-12-2019","67.240","67.500","67.500","66.560","174.89K","-0.44%"
"20-12-2019","67.540","67.200","67.880","66.980","533.73K","-0.12%"
"19-12-2019","67.620","67.900","68.260","66.740","420.20K","-0.53%"
"18-12-2019","67.980","68.120","68.260","67.380","354.11K","-0.15%"
"17-12-2019","68.080","68.580","68.600","67.720","318.26K","-0.84%"
"16-12-2019","68.660","68.720","68.900","67.720","271.10K","-0.32%"
"13-12-2019","68.880","68.820","70.180","68.580","621.79K","1.56%"
"12-12-2019","67.820","67.100","68.200","66.700","373.85K","1.47%"
"11-12-2019","66.840","66.380","67.100","66.300","330.69K","0.69%"
"10-12-2019","66.380","66.120","66.380","65.200","359.16K","-0.33%"
"09-12-2019","66.600","67.380","67.740","66.580","291.39K","-1.30%"
"06-12-2019","67.480","67.020","67.600","66.620","240.72K","0.57%"
"05-12-2019","67.100","66.960","67.660","66.880","238.10K","-0.15%"
"04-12-2019","67.200","66.320","67.620","66.320","402.46K","0.75%"
"03-12-2019","66.700","66.960","67.660","66.300","341.28K","-0.24%"
"02-12-2019","66.860","67.560","68.160","66.820","335.76K","-0.48%"
"29-11-2019","67.180","67.500","68.100","67.120","225.66K","-1.44%"
"28-11-2019","68.160","68.020","68.540","67.640","206.36K","-0.12%"
"27-11-2019","68.240","68.100","68.520","67.840","272.32K","0.29%"
"26-11-2019","68.040","67.900","68.200","67.520","475.60K","0.24%"
"25-11-2019","67.880","68.000","68.180","67.180","302.78K","0.95%"
"22-11-2019","67.240","67.480","68.100","67.160","318.07K","-0.21%"
"21-11-2019","67.380","66.520","67.680","66.300","367.66K","0.36%"
"20-11-2019","67.140","67.180","67.420","66.660","255.04K","-0.59%"
"19-11-2019","67.540","67.040","68.320","67.040","535.28K","1.02%"
"18-11-2019","66.860","69.400","69.420","66.240","665.23K","-3.44%"
"15-11-2019","69.240","68.880","69.400","68.540","373.26K","0.76%"
"14-11-2019","68.720","68.800","69.320","68.120","452.67K","0.00%"
"13-11-2019","68.720","68.320","68.960","68.060","415.46K","-0.81%"
"12-11-2019","69.280","68.780","69.440","68.580","490.34K","0.64%"
"11-11-2019","68.840","68.600","69.060","68.020","430.58K","-0.17%"
"08-11-2019","68.960","69.720","69.800","68.680","368.19K","-1.49%"
"07-11-2019","70.000","68.740","70.000","68.740","627.12K","2.16%"
"06-11-2019","68.520","68.500","68.700","67.940","336.66K","0.23%"
"05-11-2019","68.360","68.600","68.960","68.120","509.93K","-0.26%"
"04-11-2019","68.540","67.460","68.880","67.460","669.03K","2.97%"
"01-11-2019","66.560","65.980","66.800","65.960","327.64K","0.85%"
"31-10-2019","66.000","67.200","67.240","65.340","572.98K","-2.25%"
"30-10-2019","67.520","68.000","68.300","66.700","671.11K","0.33%"
"29-10-2019","67.300","67.000","67.660","66.780","642.61K","-0.15%"
"28-10-2019","67.400","66.120","67.640","66.120","541.08K","2.53%"
"25-10-2019","65.740","66.100","66.840","65.340","398.02K","-0.51%"
"24-10-2019","66.080","65.600","66.540","65.580","448.87K","1.04%"
"23-10-2019","65.400","65.140","65.920","64.940","366.98K","-0.64%"
"22-10-2019","65.820","65.740","66.100","65.380","485.88K","0.15%"
"21-10-2019","65.720","65.280","66.400","65.140","380.20K","0.55%"
"18-10-2019","65.360","64.400","65.680","63.780","656.22K","-0.46%"
"17-10-2019","65.660","64.520","66.200","64.520","663.20K","1.36%"
"16-10-2019","64.780","63.900","65.100","63.780","647.62K","1.19%"
"15-10-2019","64.020","63.400","64.040","62.800","585.09K","1.43%"
"14-10-2019","63.120","62.040","63.120","61.620","607.05K","1.54%"
"11-10-2019","62.160","60.880","62.200","60.640","602.49K","3.22%"
"10-10-2019","60.220","59.740","60.500","59.400","611.12K","1.83%"
"09-10-2019","59.140","57.700","59.260","57.620","601.82K","2.07%"
"08-10-2019","57.940","58.480","58.500","57.280","385.19K","-0.34%"
"07-10-2019","58.140","58.240","58.240","57.200","320.99K","0.03%"
"04-10-2019","58.120","57.820","58.120","57.020","618.88K","0.41%"
"02-10-2019","57.880","59.220","59.240","57.860","468.74K","-2.46%"
"01-10-2019","59.340","59.940","60.600","59.300","407.51K","-0.60%"
"30-09-2019","59.700","58.600","59.820","58.300","559.63K","1.74%"
"27-09-2019","58.680","58.420","58.980","58.220","363.66K","0.14%"
"26-09-2019","58.600","59.000","59.740","58.380","383.10K","-0.75%"
"25-09-2019","59.040","58.340","59.100","57.900","425.73K","0.07%"
"24-09-2019","59.000","60.460","60.720","58.240","768.26K","-2.51%"
"23-09-2019","60.520","61.580","61.720","60.140","404.74K","-2.48%"
"20-09-2019","62.060","60.980","62.140","60.940","570.87K","1.31%"
"19-09-2019","61.260","60.600","61.300","60.520","444.10K","0.69%"
"18-09-2019","60.840","60.500","61.200","60.300","393.76K","-0.10%"
"17-09-2019","60.900","61.040","61.320","59.780","427.16K","-0.91%"
"16-09-2019","61.460","61.100","61.860","60.760","283.19K","-0.61%"
"13-09-2019","61.840","60.600","61.840","60.600","470.09K","2.38%"
"12-09-2019","60.400","60.300","61.180","59.840","492.38K","0.13%"
"11-09-2019","60.320","61.240","61.840","60.200","467.49K","-0.36%"
"10-09-2019","60.540","60.760","61.240","60.340","555.29K","-0.20%"
"09-09-2019","60.660","60.000","61.040","59.840","411.77K","1.20%"
"06-09-2019","59.940","60.280","60.660","59.500","393.63K","-0.30%"
"05-09-2019","60.120","58.800","60.180","58.800","801.76K","3.16%"
"04-09-2019","58.280","57.860","58.760","57.640","358.51K","1.67%"
"03-09-2019","57.320","57.420","57.520","56.900","217.67K","-0.10%"
"02-09-2019","57.380","57.200","57.460","56.560","299.41K","0.56%"
"30-08-2019","57.060","56.580","57.820","56.580","403.94K","1.21%"
"29-08-2019","56.380","55.580","56.980","55.360","313.64K","0.64%"
"28-08-2019","56.020","56.020","56.500","55.420","327.03K","0.04%"
"27-08-2019","56.000","55.880","56.500","55.300","489.69K","0.83%"
"26-08-2019","55.540","55.500","56.200","55.200","410.86K","-0.22%"
"23-08-2019","55.660","57.000","57.080","55.500","362.68K","-1.10%"
"22-08-2019","56.280","56.020","57.000","56.000","260.32K","-0.11%"
"21-08-2019","56.340","55.560","56.760","55.360","493.90K","1.95%"
"20-08-2019","55.260","55.660","56.060","54.960","329.59K","-1.11%"
"19-08-2019","55.880","55.840","56.580","55.600","384.02K","1.42%"
"16-08-2019","55.100","54.820","55.180","54.420","405.09K","0.95%"
"15-08-2019","54.580","56.580","56.780","53.600","1.07M","-3.19%"
"14-08-2019","56.380","57.460","57.460","55.700","397.39K","-1.54%"
"13-08-2019","57.260","56.400","58.100","55.680","520.29K","0.99%"
"12-08-2019","56.700","57.040","57.520","56.280","307.55K","-0.14%"
"09-08-2019","56.780","58.100","58.120","56.380","368.20K","-2.24%"
"08-08-2019","58.080","58.440","58.480","57.400","356.99K","0.80%"
"07-08-2019","57.620","57.880","58.000","56.660","406.79K","0.80%"
"06-08-2019","57.160","57.160","57.760","56.620","417.34K","0.28%"
"05-08-2019","57.000","57.100","57.680","55.940","675.41K","-1.93%"
"02-08-2019","58.120","58.020","58.260","56.900","690.82K","-2.87%"
"01-08-2019","59.840","59.600","59.980","59.020","298.60K","0.27%"
"31-07-2019","59.680","59.680","60.600","59.640","381.10K","-0.23%"
"30-07-2019","59.820","61.080","61.180","59.520","493.71K","-2.06%"
"29-07-2019","61.080","61.620","61.640","60.520","378.83K","-1.52%"
"26-07-2019","62.020","61.620","62.440","61.500","373.36K","0.03%"
"25-07-2019","62.000","64.000","64.200","60.800","995.76K","-1.87%"
"24-07-2019","63.180","61.960","63.400","61.660","748.98K","1.77%"
"23-07-2019","62.080","59.560","62.280","59.560","823.33K","4.27%"
"22-07-2019","59.540","59.600","60.440","59.360","330.13K","0.20%"
"19-07-2019","59.420","59.580","60.360","59.300","438.44K","0.10%"
"18-07-2019","59.360","59.900","60.220","59.160","538.52K","-1.66%"
"17-07-2019","60.360","61.040","61.480","60.140","440.64K","-1.73%"
"16-07-2019","61.420","60.880","61.420","60.360","537.01K","1.35%"
"15-07-2019","60.600","60.480","61.320","60.400","478.91K","0.10%"
"12-07-2019","60.540","58.000","60.740","58.000","893.34K","2.82%"
"11-07-2019","58.880","59.440","59.440","58.480","417.23K","-0.03%"
"10-07-2019","58.900","59.000","60.080","58.780","469.42K","-0.27%"
"09-07-2019","59.060","58.460","59.080","57.940","352.45K","-0.14%"
"08-07-2019","59.140","58.560","60.260","58.540","468.80K","0.00%"
"05-07-2019","59.140","59.240","59.300","58.560","239.10K","-0.17%"
"04-07-2019","59.240","59.180","59.660","59.160","230.76K","0.27%"
"03-07-2019","59.080","58.220","59.440","57.840","466.22K","1.93%"
"02-07-2019","57.960","58.080","58.280","57.160","324.74K","0.24%"
"01-07-2019","57.820","58.880","58.980","57.600","458.96K","1.19%"
"28-06-2019","57.140","56.660","57.180","56.080","579.80K","-1.55%"
"27-06-2019","58.040","58.760","59.220","57.960","356.93K","-0.34%"
"26-06-2019","58.240","57.520","58.500","57.420","382.74K","0.90%"
"25-06-2019","57.720","57.780","58.320","57.540","308.66K","-0.86%"
"24-06-2019","58.220","57.660","58.220","57.360","291.12K","0.38%"
"21-06-2019","58.000","58.200","58.880","57.960","548.01K","-0.51%"
"20-06-2019","58.300","58.160","59.060","58.160","543.79K","1.00%"
"19-06-2019","57.720","57.500","57.900","57.160","382.96K","0.66%"
"18-06-2019","57.340","56.280","57.580","55.600","424.86K","2.14%"
"17-06-2019","56.140","56.400","56.720","55.940","265.91K","-0.07%"
"14-06-2019","56.180","56.400","56.680","55.720","339.85K","-1.47%"
"13-06-2019","57.020","56.240","57.260","55.800","366.82K","0.88%"
"12-06-2019","56.520","56.980","57.160","56.100","698.02K","-1.29%"
"11-06-2019","57.260","57.300","57.800","56.960","610.49K","1.35%"
"07-06-2019","56.500","57.200","57.240","56.220","309.22K","-0.42%"
"06-06-2019","56.740","56.820","57.700","56.140","432.02K","-0.60%"
"05-06-2019","57.080","57.580","58.100","56.760","481.96K","-0.66%"
"04-06-2019","57.460","55.580","57.920","55.280","729.37K","3.35%"
"03-06-2019","55.600","55.180","55.840","54.880","421.84K","-0.32%"
"31-05-2019","55.780","56.000","56.140","54.900","780.88K","-2.24%"
"30-05-2019","57.060","57.400","57.740","56.800","192.44K","-0.17%"
"29-05-2019","57.160","57.180","57.620","56.740","315.39K","-1.48%"
"28-05-2019","58.020","57.600","58.500","57.200","639.77K","0.94%"
"27-05-2019","57.480","58.500","58.620","57.020","285.34K","1.13%"
"24-05-2019","56.840","57.700","58.040","56.800","498.95K","0.07%"
"23-05-2019","56.800","57.000","57.140","56.120","536.01K","-1.42%"
"22-05-2019","57.620","58.540","58.680","57.400","385.92K","-1.40%"
"21-05-2019","58.440","58.980","59.240","57.520","395.83K","0.27%"
"20-05-2019","58.280","59.260","59.460","57.700","555.61K","-2.21%"
"17-05-2019","59.600","60.120","60.120","58.940","621.02K","-1.19%"
"16-05-2019","60.320","61.000","61.320","59.500","620.98K","-0.82%"
"15-05-2019","60.820","58.980","62.000","58.080","792.24K","3.26%"
"14-05-2019","58.900","59.160","59.360","58.160","581.32K","1.59%"
"13-05-2019","57.980","59.160","59.160","57.380","627.30K","-2.69%"
"10-05-2019","59.580","60.620","61.260","58.820","670.01K","-0.87%"
"09-05-2019","60.100","60.560","60.900","59.540","637.24K","-2.24%"
"08-05-2019","61.480","60.980","61.640","60.340","481.01K","0.56%"
"07-05-2019","61.140","62.820","62.820","60.340","731.28K","-2.89%"
"06-05-2019","62.960","61.880","63.080","60.920","577.03K","-2.05%"
"03-05-2019","64.280","64.460","64.560","63.980","357.63K","-0.28%"
"02-05-2019","64.460","62.500","65.260","62.420","1.01M","4.24%"
"30-04-2019","61.840","61.800","62.360","61.480","315.81K","-0.58%"
"29-04-2019","62.200","62.100","62.740","61.700","246.93K","0.10%"
"26-04-2019","62.140","62.100","62.320","61.340","464.22K","0.19%"
"25-04-2019","62.020","62.800","62.860","61.540","416.42K","-1.37%"
"24-04-2019","62.880","62.100","63.420","61.700","541.24K","-0.95%"
"23-04-2019","63.480","64.500","64.780","63.280","438.24K","-1.64%"
"18-04-2019","64.540","63.000","64.720","62.760","758.15K","1.64%"
"17-04-2019","63.500","63.020","64.320","62.040","909.37K","2.55%"
"16-04-2019","61.920","60.780","62.420","60.660","684.55K","1.74%"
"15-04-2019","60.860","60.620","61.100","59.820","511.74K","1.00%"
"12-04-2019","60.260","58.840","60.860","58.500","679.20K","2.03%"
"11-04-2019","59.060","58.840","59.340","58.160","441.08K","0.96%"
"10-04-2019","58.500","58.620","59.040","58.300","466.46K","-0.37%"
"09-04-2019","58.720","59.500","60.420","58.560","598.62K","-1.87%"
"08-04-2019","59.840","58.600","59.840","58.220","425.41K","1.05%"
"05-04-2019","59.220","59.580","60.140","58.500","537.92K","-0.80%"
"04-04-2019","59.700","59.300","60.100","59.060","420.09K","0.78%"
"03-04-2019","59.240","59.320","60.180","59.100","626.14K","1.37%"
"02-04-2019","58.440","57.860","58.720","57.300","667.67K","1.35%"
"01-04-2019","57.660","56.760","58.000","56.760","754.15K","3.07%"
"29-03-2019","55.940","55.240","56.060","55.100","451.06K","2.19%"
"28-03-2019","54.740","55.200","55.860","54.560","446.68K","-0.80%"
"27-03-2019","55.180","54.820","55.880","54.660","377.67K","0.69%"
"26-03-2019","54.800","55.440","55.520","54.800","341.57K","-1.33%"
"25-03-2019","55.540","55.000","55.980","54.800","467.30K","0.33%"
"22-03-2019","55.360","56.900","56.980","55.040","613.53K","-2.12%"
"21-03-2019","56.560","56.180","57.500","56.140","509.90K","0.07%"
"20-03-2019","56.520","57.800","58.060","56.440","617.63K","-2.21%"
"19-03-2019","57.800","55.900","58.600","55.660","959.78K","3.99%"
"18-03-2019","55.580","56.020","56.360","55.500","595.93K","-0.79%"
"15-03-2019","56.020","56.200","56.560","55.520","932.99K","-0.18%"
"14-03-2019","56.120","56.400","56.820","56.060","462.94K","-0.36%"
"13-03-2019","56.320","56.200","56.840","56.020","478.10K","0.50%"
"12-03-2019","56.040","57.740","57.900","56.020","525.33K","-2.06%"
"11-03-2019","57.220","56.920","57.400","56.620","257.14K","0.56%"
"08-03-2019","56.900","57.220","57.460","56.220","426.11K","-1.83%"
"07-03-2019","57.960","58.580","58.800","57.300","521.16K","-1.83%"
"06-03-2019","59.040","59.020","59.700","58.640","428.45K","-0.77%"
"05-03-2019","59.500","59.440","59.720","58.860","301.63K","-0.23%"
"04-03-2019","59.640","60.020","60.500","59.640","349.47K","-0.50%"
"01-03-2019","59.940","58.940","60.260","58.900","573.58K","2.25%"
"28-02-2019","58.620","58.320","58.880","57.840","408.25K","-0.44%"
"27-02-2019","58.880","58.740","58.880","58.160","320.66K","0.24%"
"26-02-2019","58.740","59.000","59.000","57.700","441.86K","-0.17%"
"25-02-2019","58.840","57.900","58.980","57.680","563.03K","3.05%"
"22-02-2019","57.100","57.160","57.980","56.760","430.38K","-0.04%"
"21-02-2019","57.120","57.600","57.600","56.700","425.30K","-0.17%"
"20-02-2019","57.220","55.960","57.500","55.920","562.46K","2.95%"
"19-02-2019","55.580","55.180","55.580","54.740","286.65K","0.18%"
"18-02-2019","55.480","55.400","56.260","55.120","336.07K","-1.00%"
"15-02-2019","56.040","54.600","56.400","54.000","440.80K","2.11%"
"14-02-2019","54.880","55.600","55.720","54.500","267.49K","-0.94%"
"13-02-2019","55.400","55.720","56.100","55.000","306.40K","0.36%"
"12-02-2019","55.200","54.900","55.640","54.720","419.38K","1.69%"
"11-02-2019","54.280","54.280","54.940","54.040","297.16K","0.52%"
"08-02-2019","54.000","54.500","55.200","53.800","498.77K","-2.00%"
"07-02-2019","55.100","57.300","57.380","54.900","661.16K","-4.41%"
"06-02-2019","57.640","57.400","57.900","56.980","374.31K","0.14%"
"05-02-2019","57.560","57.400","57.560","56.660","317.05K","0.74%"
"04-02-2019","57.140","57.540","57.700","56.480","347.76K","-0.90%"
"01-02-2019","57.660","56.860","57.720","56.560","354.27K","1.51%"
"31-01-2019","56.800","57.000","57.700","55.600","377.75K","0.50%"
"30-01-2019","56.520","57.140","57.160","56.100","268.17K","-0.81%"
"29-01-2019","56.980","57.500","57.860","56.120","450.75K","-1.04%"
"28-01-2019","57.580","57.840","58.200","57.320","475.47K","-0.45%"
"25-01-2019","57.840","55.500","58.060","55.500","853.34K","4.97%"
"24-01-2019","55.100","54.200","55.100","54.000","426.08K","1.59%"
"23-01-2019","54.240","54.100","54.680","53.640","316.33K","-1.24%"
"22-01-2019","54.920","55.120","55.480","54.280","346.63K","-0.90%"
"21-01-2019","55.420","56.040","56.040","55.080","259.17K","-1.07%"
"18-01-2019","56.020","55.800","56.560","55.560","522.42K","1.41%"
"17-01-2019","55.240","55.480","55.800","54.640","333.68K","-1.25%"
"16-01-2019","55.940","55.780","55.940","55.140","322.38K","0.79%"
"15-01-2019","55.500","55.520","56.360","55.100","462.25K","0.98%"
"14-01-2019","54.960","54.520","55.720","54.500","534.73K","-0.25%"
"11-01-2019","55.100","55.900","56.000","54.440","432.45K","-0.90%"
"10-01-2019","55.600","55.000","56.020","54.560","373.68K","0.00%"
"09-01-2019","55.600","54.800","56.480","54.800","561.65K","2.77%"
"08-01-2019","54.100","53.160","55.180","52.380","623.20K","1.77%"
"07-01-2019","53.160","53.040","53.600","52.620","366.77K","0.72%"
"04-01-2019","52.780","50.800","52.800","50.520","588.76K","4.97%"
"03-01-2019","50.280","50.260","50.940","49.890","397.62K","-1.37%"
"02-01-2019","50.980","51.700","51.740","50.140","658.58K","-1.28%"
"28-12-2018","51.640","51.600","52.140","51.280","308.95K","0.66%"
"27-12-2018","51.300","53.460","53.680","50.720","639.10K","-4.18%"
"21-12-2018","53.540","52.700","54.740","52.220","1.13M","0.04%"
"20-12-2018","53.520","54.140","54.700","53.300","568.49K","-2.94%"
"19-12-2018","55.140","55.200","55.980","54.920","486.51K","0.25%"
"18-12-2018","55.000","55.940","56.840","54.860","640.05K","-1.72%"
"17-12-2018","55.960","56.840","57.180","55.360","566.80K","-0.53%"
"14-12-2018","56.260","56.580","57.760","55.760","980.34K","-1.95%"
"13-12-2018","57.380","57.900","58.100","56.600","629.15K","1.02%"
"12-12-2018","56.800","54.700","57.460","54.160","1.08M","4.72%"
"11-12-2018","54.240","52.900","54.860","52.660","826.71K","4.47%"
"10-12-2018","51.920","52.860","53.200","51.480","572.80K","-2.44%"
"07-12-2018","53.220","53.420","54.520","53.120","612.26K","-0.22%"
"06-12-2018","53.340","55.140","55.140","52.980","845.30K","-4.24%"
"05-12-2018","55.700","55.800","57.060","55.320","393.58K","-0.54%"
"04-12-2018","56.000","57.760","58.000","56.000","649.23K","-3.78%"
"03-12-2018","58.200","58.900","59.800","57.960","711.34K","3.01%"
"30-11-2018","56.500","56.640","56.700","55.560","758.31K","-0.32%"
"29-11-2018","56.680","57.060","57.500","56.300","396.75K","-0.32%"
"28-11-2018","56.860","57.100","57.240","55.760","397.79K","0.21%"
"27-11-2018","56.740","59.180","59.180","56.360","553.08K","-3.04%"
"26-11-2018","58.520","57.400","58.700","57.400","649.94K","2.52%"
"23-11-2018","57.080","57.020","58.160","56.700","344.51K","-0.21%"
"22-11-2018","57.200","57.780","57.780","56.840","373.98K","-0.94%"
"21-11-2018","57.740","56.540","57.960","56.380","631.03K","2.59%"
"20-11-2018","56.280","57.560","57.560","55.680","580.28K","-2.12%"
"19-11-2018","57.500","56.400","58.040","55.900","666.17K","2.24%"
"16-11-2018","56.240","57.880","58.060","55.740","521.95K","-1.64%"
"15-11-2018","57.180","57.860","58.220","56.620","409.84K","-1.18%"
"14-11-2018","57.860","57.580","58.780","57.160","588.24K","1.01%"
"13-11-2018","57.280","56.200","57.400","55.540","574.48K","1.89%"
"12-11-2018","56.220","56.740","57.260","56.020","277.31K","-0.60%"
"09-11-2018","56.560","57.360","57.560","55.860","625.89K","-2.28%"
"08-11-2018","57.880","58.800","59.300","57.580","531.53K","-1.13%"
"07-11-2018","58.540","59.100","60.100","58.520","493.72K","-0.95%"
"06-11-2018","59.100","58.800","59.600","58.460","440.23K","0.65%"
"05-11-2018","58.720","58.780","58.980","58.200","403.89K","-0.03%"
"02-11-2018","58.740","59.400","60.400","58.660","954.88K","1.94%"
"01-11-2018","57.620","56.120","57.900","55.920","741.83K","2.38%"
"31-10-2018","56.280","55.820","56.940","55.340","995.13K","2.70%"
"30-10-2018","54.800","55.100","55.880","54.080","1.05M","2.39%"
"29-10-2018","53.520","52.500","54.720","52.060","881.49K","3.80%"
"26-10-2018","51.560","51.260","51.560","50.420","578.90K","-0.39%"
"25-10-2018","51.760","50.360","52.080","50.100","869.39K","1.93%"
"24-10-2018","50.780","54.180","54.200","50.740","1.06M","-5.75%"
"23-10-2018","53.880","53.840","54.000","53.080","573.95K","-1.35%"
"22-10-2018","54.620","55.720","56.420","54.260","422.53K","-0.69%"
"19-10-2018","55.000","56.000","56.000","53.480","898.66K","-1.61%"
"18-10-2018","55.900","56.520","57.160","55.840","414.36K","-0.99%"
"17-10-2018","56.460","57.560","57.620","55.740","648.28K","-0.95%"
"16-10-2018","57.000","54.920","57.660","53.860","1.45M","3.94%"
"15-10-2018","54.840","53.880","55.640","53.200","643.65K","2.70%"
"12-10-2018","53.400","54.600","54.820","53.260","456.32K","-0.04%"
"11-10-2018","53.420","53.220","53.860","52.800","914.58K","-2.02%"
"10-10-2018","54.520","55.800","55.820","54.320","680.57K","-2.75%"
"09-10-2018","56.060","56.000","56.620","55.420","366.60K","0.04%"
"08-10-2018","56.040","56.660","56.780","56.020","335.77K","-1.86%"
"05-10-2018","57.100","57.740","57.880","56.960","445.41K","-1.38%"
"04-10-2018","57.900","57.980","58.620","57.660","645.99K","-0.69%"
"02-10-2018","58.300","58.300","58.800","57.640","484.84K","-0.17%"
"01-10-2018","58.400","58.140","58.940","57.580","390.21K","0.69%"
"28-09-2018","58.000","58.320","58.560","57.200","568.71K","-1.23%"
"27-09-2018","58.720","57.300","59.240","57.020","651.40K","1.98%"
"26-09-2018","57.580","57.280","57.620","56.340","398.73K","0.07%"
"25-09-2018","57.540","58.460","59.020","56.900","580.37K","-1.37%"
"24-09-2018","58.340","58.800","58.900","58.080","503.96K","-1.32%"
"21-09-2018","59.120","59.760","60.460","58.660","795.45K","0.07%"
"20-09-2018","59.080","58.400","59.440","58.200","756.73K","1.23%"
"19-09-2018","58.360","57.300","58.440","57.300","685.88K","2.14%"
"18-09-2018","57.140","55.720","57.560","55.600","1.04M","2.84%"
"17-09-2018","55.560","54.500","55.800","54.300","777.97K","1.54%"
"14-09-2018","54.720","53.140","55.460","52.940","1.13M","3.56%"
"13-09-2018","52.840","51.720","53.280","51.660","1.02M","2.21%"
"12-09-2018","51.700","51.680","51.840","51.440","599.16K","0.19%"
"11-09-2018","51.600","52.120","52.140","51.320","626.62K","-0.77%"
"10-09-2018","52.000","52.000","52.220","51.520","679.05K","-0.12%"
"07-09-2018","52.060","52.320","52.320","51.220","457.12K","-0.31%"
"06-09-2018","52.220","52.480","53.080","52.060","429.51K","-0.91%"
"05-09-2018","52.700","52.640","53.160","52.300","364.53K","-0.38%"
"04-09-2018","52.900","53.640","53.740","52.380","455.27K","-1.31%"
"03-09-2018","53.600","54.000","54.120","52.980","347.23K","-1.69%"
"31-08-2018","54.520","54.520","54.940","53.900","386.09K","-1.37%"
"30-08-2018","55.280","55.300","56.320","54.420","406.98K","-0.29%"
"29-08-2018","55.440","56.060","56.060","54.820","402.47K","-0.57%"
"28-08-2018","55.760","55.480","56.160","55.480","516.70K","1.34%"
"27-08-2018","55.020","53.760","55.360","53.620","395.63K","2.96%"
"24-08-2018","53.440","53.460","53.520","52.880","304.19K","0.38%"
"23-08-2018","53.240","54.000","54.200","53.120","308.21K","-1.26%"
"22-08-2018","53.920","54.400","55.200","53.340","456.60K","-0.92%"
"21-08-2018","54.420","53.740","54.620","53.480","488.58K","1.23%"
"20-08-2018","53.760","53.540","54.340","53.200","435.17K","0.67%"
"17-08-2018","53.400","53.720","53.780","52.360","522.54K","-0.60%"
"16-08-2018","53.720","54.060","54.420","53.320","435.70K","-0.04%"
"15-08-2018","53.740","54.980","55.100","53.300","462.24K","-1.93%"
"14-08-2018","54.800","55.440","55.640","54.340","287.69K","-0.47%"
"13-08-2018","55.060","54.900","55.460","54.560","338.58K","-0.65%"
"10-08-2018","55.420","56.620","56.620","54.440","588.17K","-2.57%"
"09-08-2018","56.880","57.360","57.400","56.740","395.10K","-0.46%"
"08-08-2018","57.140","55.820","57.240","55.480","487.25K","2.29%"
"07-08-2018","55.860","56.420","57.340","55.860","473.75K","-0.25%"
"06-08-2018","56.000","56.260","56.860","55.800","262.65K","-0.04%"
"03-08-2018","56.020","55.380","56.440","54.900","386.81K","1.82%"
"02-08-2018","55.020","55.880","55.880","54.380","589.39K","-2.10%"
"01-08-2018","56.200","58.500","58.500","55.780","740.67K","-2.94%"
"31-07-2018","57.900","58.500","58.800","57.700","652.21K","-0.72%"
"30-07-2018","58.320","58.420","58.460","58.080","267.61K","-0.10%"
"27-07-2018","58.380","58.280","58.820","57.980","516.19K","0.34%"
"26-07-2018","58.180","58.720","58.980","57.540","784.76K","4.04%"
"25-07-2018","55.920","57.100","57.240","55.880","829.70K","-1.89%"
"24-07-2018","57.000","55.700","57.420","55.700","721.68K","3.37%"
"23-07-2018","55.140","54.520","55.200","54.160","366.55K","0.73%"
"20-07-2018","54.740","55.800","55.880","53.920","526.25K","-2.04%"
"19-07-2018","55.880","56.620","56.960","55.620","568.40K","-0.96%"
"18-07-2018","56.420","55.280","56.560","55.180","736.99K","3.07%"
"17-07-2018","54.740","54.160","54.800","54.020","429.57K","1.11%"
"16-07-2018","54.140","54.680","55.160","53.920","433.60K","-1.10%"
"13-07-2018","54.740","54.320","54.900","54.320","307.99K","0.77%"
"12-07-2018","54.320","54.580","54.960","53.900","411.10K","0.04%"
"11-07-2018","54.300","55.080","55.260","54.140","481.25K","-2.37%"
"10-07-2018","55.620","56.340","56.500","54.960","447.72K","-0.57%"
"09-07-2018","55.940","56.600","56.680","55.300","330.85K","-0.57%"
"06-07-2018","56.260","57.000","57.120","55.440","497.03K","-0.46%"
"05-07-2018","56.520","55.700","57.480","55.700","951.58K","3.52%"
"04-07-2018","54.600","54.700","55.140","54.380","290.94K","0.22%"
"03-07-2018","54.480","55.060","55.380","54.180","423.64K","0.04%"
"02-07-2018","54.460","54.000","55.440","53.500","570.02K","-0.18%"
"29-06-2018","54.560","55.780","56.020","54.560","684.54K","-0.91%"
"28-06-2018","55.060","56.800","56.840","54.540","714.61K","-3.03%"
"27-06-2018","56.780","55.820","57.260","55.380","578.51K","1.57%"
"26-06-2018","55.900","56.580","57.320","55.380","592.32K","-1.31%"
"25-06-2018","56.640","57.940","57.980","56.460","683.29K","-2.85%"
"22-06-2018","58.300","58.500","59.080","57.760","571.24K","-0.17%"
"21-06-2018","58.400","58.800","59.460","58.040","781.33K","-2.47%"
"20-06-2018","59.880","60.160","60.560","59.380","583.25K","0.03%"
"19-06-2018","59.860","60.300","60.540","59.500","730.55K","-2.35%"
"18-06-2018","61.300","62.120","62.440","60.540","506.72K","-1.70%"
"15-06-2018","62.360","63.620","63.900","61.960","674.45K","-1.20%"
"14-06-2018","63.120","61.900","63.400","61.440","469.28K","1.71%"
"13-06-2018","62.060","61.920","62.260","61.600","439.63K","0.39%"
"12-06-2018","61.820","62.380","62.980","61.420","598.49K","-0.19%"
"11-06-2018","61.940","62.000","62.800","61.540","468.31K","0.10%"
"08-06-2018","61.880","62.780","62.780","61.400","678.63K","-2.15%"
"07-06-2018","63.240","63.280","63.880","63.140","444.01K","0.09%"
"06-06-2018","63.180","63.280","63.860","62.740","380.21K","0.10%"
"05-06-2018","63.120","63.140","64.300","63.100","425.03K","0.16%"
"04-06-2018","63.020","63.640","64.060","62.840","369.00K","-0.32%"
"01-06-2018","63.220","63.400","64.100","62.740","960.16K","0.22%"
"31-05-2018","63.080","64.460","64.520","62.740","712.23K","-2.14%"
"30-05-2018","64.460","64.500","64.640","63.800","518.32K","0.16%"
"29-05-2018","64.360","65.660","65.660","63.800","758.51K","-2.69%"
"28-05-2018","66.140","66.860","67.260","65.860","261.61K","-0.66%"
"25-05-2018","66.580","66.620","67.140","65.540","470.49K","0.60%"
"24-05-2018","66.180","67.460","67.460","65.440","974.07K","-3.02%"
"23-05-2018","68.240","69.240","69.580","67.740","525.09K","-2.04%"
"22-05-2018","69.660","69.260","70.220","69.100","681.02K","1.52%"
"18-05-2018","68.620","68.720","69.180","68.320","423.79K","-0.12%"
"17-05-2018","68.700","68.300","68.700","68.060","503.33K","0.73%"
"16-05-2018","68.200","69.300","69.660","68.040","532.77K","-2.88%"
"15-05-2018","70.220","70.040","70.420","69.500","441.11K","0.60%"
"14-05-2018","69.800","70.000","70.040","69.220","337.80K","-0.51%"
"11-05-2018","70.160","70.540","70.720","69.900","478.98K","-0.26%"
"10-05-2018","70.340","70.440","70.920","69.540","307.83K","-0.17%"
"09-05-2018","70.460","71.640","71.780","70.380","424.82K","-1.23%"
"08-05-2018","71.340","71.640","72.000","70.860","457.63K","-0.36%"
"07-05-2018","71.600","70.980","71.880","70.680","256.79K","0.70%"
"04-05-2018","71.100","70.940","71.300","70.060","365.94K","-0.08%"
"03-05-2018","71.160","72.220","72.340","70.800","438.11K","-1.30%"
"02-05-2018","72.100","70.920","72.880","70.860","630.25K","1.84%"
"30-04-2018","70.800","71.220","71.520","70.320","291.67K","-0.39%"
"27-04-2018","71.080","72.000","72.140","70.860","350.51K","-0.81%"
"26-04-2018","71.660","70.600","72.700","70.600","476.57K","1.44%"
"25-04-2018","70.640","71.080","71.500","69.620","464.55K","-1.31%"
"24-04-2018","71.580","71.380","71.580","70.840","377.15K","0.17%"
"23-04-2018","71.460","71.600","71.700","70.840","385.21K","-0.50%"
"20-04-2018","71.820","72.060","72.060","70.940","361.17K","-0.50%"
"19-04-2018","72.180","72.240","72.580","71.720","376.31K","-0.28%"
"18-04-2018","72.380","72.800","73.240","71.740","497.51K","-0.60%"
"17-04-2018","72.820","72.000","73.020","71.540","411.88K","1.22%"
"16-04-2018","71.940","73.440","73.720","71.600","424.10K","-2.04%"
"13-04-2018","73.440","74.960","74.980","72.200","638.58K","-0.11%"
"12-04-2018","73.520","70.800","73.960","70.640","1.00M","4.28%"
"11-04-2018","70.500","69.900","71.180","69.720","1.03M","0.92%"
"10-04-2018","69.860","67.900","70.000","67.820","987.18K","4.52%"
"09-04-2018","66.840","67.780","68.000","66.280","327.26K","-0.83%"
"06-04-2018","67.400","67.800","68.040","67.100","436.29K","-1.12%"
"05-04-2018","68.160","67.400","68.400","66.820","668.85K","2.56%"
"04-04-2018","66.460","67.760","67.780","65.140","649.25K","-1.60%"
"03-04-2018","67.540","66.780","68.140","66.380","688.38K","0.06%"
"29-03-2018","67.500","65.020","68.180","65.020","1.06M","4.39%"
"28-03-2018","64.660","64.720","64.960","63.920","467.84K","-0.95%"
"27-03-2018","65.280","65.280","66.480","65.140","520.70K","1.94%"
"26-03-2018","64.040","64.580","65.740","63.920","392.07K","-0.40%"
"23-03-2018","64.300","64.860","65.200","63.640","556.35K","-1.77%"
"22-03-2018","65.460","66.920","67.300","64.480","588.28K","-2.76%"
"21-03-2018","67.320","68.260","68.320","66.760","448.74K","-0.82%"
"20-03-2018","67.880","66.180","68.320","66.080","533.85K","2.26%"
"19-03-2018","66.380","66.620","66.960","65.680","390.91K","-0.33%"
"16-03-2018","66.600","67.340","67.480","66.600","795.06K","-0.80%"
"15-03-2018","67.140","65.820","67.320","65.780","560.75K","2.16%"
"14-03-2018","65.720","65.720","66.500","65.460","453.74K","0.06%"
"13-03-2018","65.680","66.720","67.320","65.180","430.22K","-1.23%"
"12-03-2018","66.500","66.700","66.780","66.240","296.41K","0.45%"
"09-03-2018","66.200","65.820","66.340","65.240","319.64K","0.30%"
"08-03-2018","66.000","65.760","66.080","64.840","283.23K","0.33%"
"07-03-2018","65.780","66.020","66.240","64.900","532.55K","-0.90%"
"06-03-2018","66.380","66.420","67.420","66.300","476.17K","1.78%"
"05-03-2018","65.220","65.040","66.000","64.460","528.48K","-0.82%"
"02-03-2018","65.760","66.560","66.580","65.060","617.78K","-2.35%"
"01-03-2018","67.340","69.080","69.080","67.020","458.65K","-2.58%"
"28-02-2018","69.120","69.380","69.760","69.000","326.74K","-0.95%"
"27-02-2018","69.780","70.040","70.580","68.880","357.51K","-0.31%"
"26-02-2018","70.000","70.000","71.180","69.640","583.97K","2.16%"
"23-02-2018","68.520","68.900","69.300","68.040","338.80K","-0.35%"
"22-02-2018","68.760","67.620","68.980","66.740","430.92K","-0.17%"
"21-02-2018","68.880","69.880","69.880","67.960","619.39K","-1.18%"
"20-02-2018","69.700","70.540","70.720","69.240","338.70K","-1.27%"
"19-02-2018","70.600","71.960","72.000","70.380","167.94K","-1.34%"
"16-02-2018","71.560","70.800","71.680","70.640","450.87K","1.94%"
"15-02-2018","70.200","71.000","71.860","69.700","523.24K","0.17%"
"14-02-2018","70.080","70.680","70.680","67.940","559.26K","0.83%"
"13-02-2018","69.500","69.980","70.420","69.460","293.87K","-0.49%"
"12-02-2018","69.840","70.200","70.840","69.540","475.73K","0.87%"
"09-02-2018","69.240","69.600","70.900","68.580","466.66K","-0.89%"
"08-02-2018","69.860","71.340","72.100","69.660","686.04K","-2.51%"
"07-02-2018","71.660","71.340","72.220","70.360","765.87K","2.14%"
"06-02-2018","70.160","66.100","70.940","65.380","1.19M","-0.45%"
"05-02-2018","70.480","71.120","71.300","69.200","917.41K","-2.38%"
"02-02-2018","72.200","73.720","73.960","71.680","641.05K","-2.64%"
"01-02-2018","74.160","75.000","76.060","73.320","550.45K","-0.32%"
"31-01-2018","74.400","74.400","75.820","73.980","573.34K","1.09%"
"30-01-2018","73.600","74.800","74.860","73.480","453.50K","-2.15%"
"29-01-2018","75.220","76.740","77.340","74.860","436.40K","-0.90%"
"26-01-2018","75.900","75.100","75.900","74.820","383.03K","0.53%"
"25-01-2018","75.500","76.600","77.040","74.780","693.69K","-2.33%"
"24-01-2018","77.300","78.540","78.760","77.140","471.80K","-1.18%"
"23-01-2018","78.220","79.000","80.280","77.960","664.93K","-0.64%"
"22-01-2018","78.720","77.980","78.880","77.400","449.90K","1.05%"
"19-01-2018","77.900","76.860","78.080","76.500","459.12K","0.49%"
"18-01-2018","77.520","78.000","78.100","77.280","329.51K","-0.44%"
"17-01-2018","77.860","78.480","78.480","76.840","519.74K","-1.04%"
"16-01-2018","78.680","76.820","78.700","76.820","599.11K","2.37%"
"15-01-2018","76.860","76.800","76.920","75.900","310.20K","0.44%"
"12-01-2018","76.520","75.300","76.860","75.300","736.03K","2.52%"
"11-01-2018","74.640","75.300","75.320","74.240","422.97K","-1.01%"
"10-01-2018","75.400","75.740","75.780","74.560","548.59K","-0.45%"
"09-01-2018","75.740","74.860","76.080","74.340","522.95K","1.42%"
"08-01-2018","74.680","74.320","74.920","74.140","395.80K","0.97%"
"05-01-2018","73.960","73.000","73.960","72.680","586.78K","2.01%"
"04-01-2018","72.500","71.960","73.120","71.860","434.07K","1.48%"
"03-01-2018","71.440","69.980","71.980","69.800","425.92K","2.41%"
"02-01-2018","69.760","69.940","69.960","67.240","395.62K","-0.03%"
"29-12-2017","69.780","70.000","70.190","69.560","236.53K","-0.44%"
"28-12-2017","70.090","70.360","70.600","69.960","167.99K","-0.19%"
"27-12-2017","70.220","70.000","70.380","69.930","181.54K","0.14%"
"22-12-2017","70.120","70.690","70.690","69.610","203.27K","-0.68%"
"21-12-2017","70.600","70.430","70.780","70.180","314.36K","0.00%"
"20-12-2017","70.600","71.420","71.420","70.250","294.49K","-1.09%"
"19-12-2017","71.380","71.340","71.750","71.030","322.87K","-0.29%"
"18-12-2017","71.590","71.440","72.090","71.350","464.29K","0.94%"
"15-12-2017","70.920","70.410","71.270","70.150","617.77K","-0.11%"
"14-12-2017","71.000","71.000","71.700","70.370","589.79K","-0.13%"
"13-12-2017","71.090","69.800","71.520","69.800","452.72K","1.33%"
"12-12-2017","70.160","70.630","71.390","69.820","466.61K","-0.89%"
"11-12-2017","70.790","71.460","71.880","70.610","468.86K","-0.69%"
"08-12-2017","71.280","70.750","71.490","70.520","510.78K","1.61%"
"07-12-2017","70.150","68.490","70.150","68.410","486.24K","2.41%"
"06-12-2017","68.500","68.500","68.900","67.870","456.05K","-1.52%"
"05-12-2017","69.560","69.370","70.190","68.060","592.05K","0.09%"
"04-12-2017","69.500","70.400","70.670","69.220","674.63K","0.62%"
"01-12-2017","69.070","70.430","70.430","68.110","641.91K","-1.75%"
"30-11-2017","70.300","71.070","71.300","70.080","937.84K","-0.85%"
"29-11-2017","70.900","69.950","71.920","69.860","929.06K","1.72%"
"28-11-2017","69.700","68.940","69.840","68.940","587.73K","1.43%"
"27-11-2017","68.720","68.850","69.370","68.180","419.11K","-0.41%"
"24-11-2017","69.000","68.570","69.200","68.440","543.57K","1.07%"
"23-11-2017","68.270","66.870","68.400","66.570","590.52K","1.52%"
"22-11-2017","67.250","67.180","67.800","66.910","572.07K","0.19%"
"21-11-2017","67.120","65.210","68.050","65.140","1.15M","2.79%"
"20-11-2017","65.300","61.900","65.860","61.630","1.22M","4.48%"
"17-11-2017","62.500","62.740","63.190","62.090","343.63K","0.14%"
"16-11-2017","62.410","61.080","62.890","61.000","523.33K","2.45%"
"15-11-2017","60.920","61.280","61.490","60.230","563.25K","-1.33%"
"14-11-2017","61.740","62.260","62.440","61.410","262.69K","-0.42%"
"13-11-2017","62.000","62.550","62.590","60.860","376.20K","-0.29%"
"10-11-2017","62.180","62.450","62.660","61.040","497.33K","-0.27%"
"09-11-2017","62.350","62.790","63.610","61.660","755.39K","-0.83%"
"08-11-2017","62.870","64.300","64.820","62.560","631.06K","-1.89%"
"07-11-2017","64.080","64.110","64.740","63.770","417.73K","0.16%"
"06-11-2017","63.980","63.790","64.550","63.520","412.33K","-0.17%"
"03-11-2017","64.090","64.770","65.190","63.860","557.71K","-0.59%"
"02-11-2017","64.470","64.490","65.380","63.720","791.23K","-0.46%"
"01-11-2017","64.770","63.800","65.340","63.350","965.90K","3.95%"
"30-10-2017","62.310","60.990","62.790","60.860","1.07M","2.67%"
"27-10-2017","60.690","59.200","60.740","58.980","1.11M","3.25%"
"26-10-2017","58.780","58.150","58.780","57.820","359.49K","1.03%"
"25-10-2017","58.180","58.470","58.960","57.920","376.29K","-0.63%"
"24-10-2017","58.550","57.370","58.550","57.210","485.05K","2.09%"
"23-10-2017","57.350","57.400","57.690","56.520","462.76K","0.28%"
"20-10-2017","57.190","58.100","58.580","57.130","611.67K","-1.28%"
"19-10-2017","57.930","58.400","58.770","57.240","586.93K","-1.23%"
"18-10-2017","58.650","57.510","58.980","57.470","827.29K","2.80%"
"17-10-2017","57.050","57.580","57.650","57.050","388.12K","-0.70%"
"16-10-2017","57.450","57.520","57.850","57.450","438.19K","0.02%"
"13-10-2017","57.440","57.640","58.250","57.440","695.75K","-0.97%"
"12-10-2017","58.000","55.510","58.500","54.950","2.18M","5.19%"
"11-10-2017","55.140","55.000","55.300","54.900","371.30K","0.71%"
"10-10-2017","54.750","55.250","55.250","54.390","471.61K","-0.69%"
"09-10-2017","55.130","55.190","55.520","54.990","342.19K","-0.31%"
"06-10-2017","55.300","55.300","55.680","55.120","411.54K","0.00%"
"05-10-2017","55.300","55.140","55.480","55.040","400.67K","0.49%"
"04-10-2017","55.030","54.390","55.450","54.350","952.83K","1.63%"
"02-10-2017","54.150","53.990","54.370","53.720","343.63K","0.09%"
"29-09-2017","54.100","54.150","54.320","52.250","958.46K","0.17%"
"28-09-2017","54.010","54.350","54.640","53.910","503.50K","-0.41%"
"27-09-2017","54.230","54.480","54.670","54.090","441.17K","-0.59%"
"26-09-2017","54.550","53.400","54.730","53.400","687.13K","1.62%"
"25-09-2017","53.680","53.460","53.890","53.230","423.26K","-0.20%"
"22-09-2017","53.790","53.580","53.890","53.440","469.78K","0.02%"
"21-09-2017","53.780","53.310","53.780","53.210","500.18K","0.90%"
"20-09-2017","53.300","53.000","53.300","52.800","520.89K","0.47%"
"19-09-2017","53.050","52.700","53.050","52.580","472.46K","0.44%"
"18-09-2017","52.820","52.740","53.240","52.700","528.62K","0.74%"
"15-09-2017","52.430","52.300","52.550","51.980","660.76K","-0.13%"
"14-09-2017","52.500","52.010","52.650","52.010","542.96K","0.44%"
"13-09-2017","52.270","51.660","52.400","51.660","673.80K","1.02%"
"12-09-2017","51.740","51.230","52.200","51.110","755.23K","1.47%"
"11-09-2017","50.990","50.690","51.180","50.660","473.11K","0.77%"
"08-09-2017","50.600","50.150","50.820","50.010","333.06K","0.50%"
"07-09-2017","50.350","50.410","51.090","50.000","670.73K","0.70%"
"06-09-2017","50.000","49.500","50.370","49.305","561.69K","1.48%"
"05-09-2017","49.270","48.700","49.560","48.660","555.93K","1.74%"
"04-09-2017","48.425","48.000","48.680","47.820","387.21K","0.39%"
"01-09-2017","48.235","48.020","48.630","47.795","477.77K","1.31%"
"31-08-2017","47.610","48.135","48.215","47.500","337.80K","-0.52%"
"30-08-2017","47.860","47.900","48.020","47.565","350.29K","0.44%"
"29-08-2017","47.650","48.070","48.150","47.280","520.01K","-1.60%"
"28-08-2017","48.425","48.340","48.565","47.885","194.71K","0.23%"
"25-08-2017","48.315","48.495","48.830","48.115","332.36K","-0.12%"
"24-08-2017","48.375","48.295","48.920","47.870","390.67K","0.62%"
"23-08-2017","48.075","47.965","48.180","47.540","505.40K","0.37%"
"22-08-2017","47.900","48.100","48.365","47.680","396.89K","0.09%"
"21-08-2017","47.855","48.410","48.600","47.580","433.12K","-1.34%"
"18-08-2017","48.505","48.700","48.785","48.250","430.79K","-1.15%"
"17-08-2017","49.070","49.210","49.485","48.720","390.83K","-0.26%"
"16-08-2017","49.200","49.280","49.485","48.985","380.67K","0.49%"
"15-08-2017","48.960","49.000","49.265","48.830","252.86K","0.39%"
"14-08-2017","48.770","48.650","49.065","48.650","397.01K","0.94%"
"11-08-2017","48.315","47.960","48.465","47.820","377.29K","0.02%"
"10-08-2017","48.305","48.525","48.595","47.770","522.09K","-0.51%"
"09-08-2017","48.555","48.665","48.865","48.220","390.98K","-0.87%"
"08-08-2017","48.980","48.605","49.330","48.605","488.92K","0.61%"
"07-08-2017","48.685","49.070","49.200","48.430","393.22K","-0.85%"
"04-08-2017","49.100","48.910","49.220","48.200","540.16K","0.30%"
"03-08-2017","48.955","49.430","49.430","48.910","499.46K","-0.93%"
"02-08-2017","49.415","49.590","49.840","48.885","714.66K","0.17%"
"01-08-2017","49.330","48.600","49.510","48.600","562.51K","1.95%"
"31-07-2017","48.385","48.670","49.080","48.265","562.72K","-0.84%"
"28-07-2017","48.795","49.205","49.450","48.560","712.10K","-2.15%"
"27-07-2017","49.865","50.160","50.310","49.510","461.16K","-0.92%"
"26-07-2017","50.330","49.785","50.510","49.785","393.91K","1.27%"
"25-07-2017","49.700","49.850","50.820","49.550","539.81K","-1.29%"
"24-07-2017","50.350","49.100","50.350","48.955","823.58K","-0.67%"
"21-07-2017","50.690","52.850","52.850","50.300","814.54K","-4.03%"
"20-07-2017","52.820","53.150","53.550","52.590","387.33K","-0.30%"
"19-07-2017","52.980","52.800","53.120","52.380","318.44K","0.61%"
"18-07-2017","52.660","53.000","53.320","52.380","375.88K","-1.00%"
"17-07-2017","53.190","53.590","53.840","53.050","341.85K","-0.76%"
"14-07-2017","53.600","52.960","53.600","52.600","754.64K","1.21%"
"13-07-2017","52.960","52.010","53.130","52.010","598.42K","1.22%"
"12-07-2017","52.320","51.980","52.740","51.790","328.01K","0.81%"
"11-07-2017","51.900","51.470","52.160","51.410","365.60K","0.99%"
"10-07-2017","51.390","51.380","51.580","50.780","339.49K","0.21%"
"07-07-2017","51.280","51.500","51.500","50.800","400.32K","-0.14%"
"06-07-2017","51.350","50.510","51.450","50.510","705.55K","1.95%"
"05-07-2017","50.370","50.650","50.790","50.100","257.18K","-0.65%"
"04-07-2017","50.700","50.750","51.100","50.420","326.63K","-0.24%"
"03-07-2017","50.820","49.235","50.820","49.220","431.03K","3.31%"
"30-06-2017","49.190","49.665","49.860","49.105","319.96K","-0.89%"
"29-06-2017","49.630","50.550","50.620","49.175","479.07K","-1.31%"
"28-06-2017","50.290","50.000","50.450","49.480","290.97K","0.46%"
"27-06-2017","50.060","50.200","50.440","49.660","439.31K","-1.20%"
"26-06-2017","50.670","50.610","50.980","50.300","295.71K","0.48%"
"23-06-2017","50.430","50.860","50.990","49.885","256.47K","-0.96%"
"22-06-2017","50.920","50.000","51.000","49.590","423.49K","1.82%"
"21-06-2017","50.010","50.050","50.160","49.225","519.16K","-0.20%"
"20-06-2017","50.110","50.380","50.690","50.000","412.28K","-0.22%"
"19-06-2017","50.220","50.380","50.840","50.070","423.55K","0.28%"
"16-06-2017","50.080","50.080","50.540","49.800","649.35K","0.30%"
"15-06-2017","49.930","50.800","50.900","49.750","632.62K","-1.67%"
"14-06-2017","50.780","51.850","51.980","50.700","629.23K","-2.18%"
"13-06-2017","51.910","51.650","52.160","51.650","392.70K","0.52%"
"12-06-2017","51.640","50.900","51.780","50.830","789.97K","1.43%"
"09-06-2017","50.910","50.600","51.210","50.470","371.50K","0.51%"
"08-06-2017","50.650","51.000","51.030","50.200","467.96K","-0.61%"
"07-06-2017","50.960","51.300","51.490","50.750","406.88K","-0.64%"
"06-06-2017","51.290","52.410","52.450","51.000","354.51K","-2.45%"
"02-06-2017","52.580","52.220","53.340","52.000","540.03K","1.27%"
"01-06-2017","51.920","51.000","52.070","50.920","397.15K","1.90%"
"31-05-2017","50.950","51.440","51.500","50.940","593.09K","-2.08%"
"30-05-2017","52.030","52.490","52.640","51.780","464.06K","-1.05%"
"29-05-2017","52.580","52.770","52.770","52.300","222.14K","-0.27%"
"26-05-2017","52.720","53.140","53.140","52.030","378.29K","-0.86%"
"25-05-2017","53.180","53.320","53.480","52.680","274.11K","-0.02%"
"24-05-2017","53.190","53.050","53.190","52.610","304.70K","0.13%"
"23-05-2017","53.120","53.160","54.340","52.860","622.87K","0.08%"
"22-05-2017","53.080","53.570","53.640","52.690","513.99K","-0.49%"
"19-05-2017","53.340","53.350","53.680","52.930","342.59K","0.93%"
"18-05-2017","52.850","53.200","53.600","52.170","504.20K","-1.38%"
"17-05-2017","53.590","54.010","54.190","53.350","471.93K","-1.42%"
"16-05-2017","54.360","54.200","54.730","53.970","412.38K","-0.07%"
"15-05-2017","54.400","54.250","54.400","53.940","384.50K","0.93%"
"12-05-2017","53.900","53.630","54.260","53.510","271.40K","0.35%"
"11-05-2017","53.710","53.800","54.360","53.430","359.56K","-0.24%"
"10-05-2017","53.840","53.650","54.260","53.570","412.71K","0.07%"
"09-05-2017","53.800","54.360","54.370","53.520","322.00K","-0.59%"
"08-05-2017","54.120","54.110","54.250","53.530","391.00K","0.59%"
"05-05-2017","53.800","53.650","53.920","52.950","405.79K","0.06%"
"04-05-2017","53.770","53.600","54.300","53.500","552.40K","0.62%"
"03-05-2017","53.440","53.450","53.450","52.820","316.48K","0.06%"
"02-05-2017","53.410","53.810","53.890","53.190","399.77K","-0.56%"
"28-04-2017","53.710","53.270","54.050","53.110","452.77K","0.24%"
"27-04-2017","53.580","53.920","54.030","53.500","398.24K","-1.03%"
"26-04-2017","54.140","53.930","54.270","53.630","512.80K","0.45%"
"25-04-2017","53.900","52.840","53.900","52.640","747.23K","2.08%"
"24-04-2017","52.800","52.240","52.870","52.100","770.54K","2.88%"
"21-04-2017","51.320","51.550","51.800","51.240","358.41K","-0.58%"
"20-04-2017","51.620","51.200","51.660","50.890","486.02K","0.43%"
"19-04-2017","51.400","50.430","51.700","50.350","840.74K","2.93%"
"18-04-2017","49.935","49.120","50.430","47.965","801.74K","2.79%"
"13-04-2017","48.580","49.000","49.005","48.375","301.36K","-0.86%"
"12-04-2017","49.000","49.265","49.890","48.835","373.43K","0.11%"
"11-04-2017","48.945","49.585","49.885","48.570","366.71K","-1.47%"
"10-04-2017","49.675","49.250","49.900","49.250","247.92K","0.14%"
"07-04-2017","49.605","49.310","49.860","49.095","350.67K","0.27%"
"06-04-2017","49.470","49.530","49.550","48.815","564.48K","-0.78%"
"05-04-2017","49.860","50.550","50.560","49.765","364.00K","-1.35%"
"04-04-2017","50.540","50.600","50.620","49.510","522.11K","0.14%"
"03-04-2017","50.470","51.400","51.470","50.170","338.44K","-1.31%"
"31-03-2017","51.140","51.000","51.210","50.860","462.78K","0.27%"
"30-03-2017","51.000","50.900","51.000","50.370","273.34K","0.18%"
"29-03-2017","50.910","51.060","51.400","50.670","361.29K","0.47%"
"28-03-2017","50.670","49.800","50.890","49.650","453.39K","2.33%"
"27-03-2017","49.515","49.760","49.760","48.680","647.66K","-1.29%"
"24-03-2017","50.160","50.600","50.600","49.840","451.18K","-0.87%"
"23-03-2017","50.600","50.500","50.600","49.835","413.45K","0.52%"
"22-03-2017","50.340","49.550","50.390","49.135","661.69K","0.66%"
"21-03-2017","50.010","51.170","51.500","49.810","569.72K","-2.00%"
"20-03-2017","51.030","50.820","51.230","50.710","471.39K","0.18%"
"17-03-2017","50.940","51.680","51.680","50.670","940.42K","-1.85%"
"16-03-2017","51.900","52.900","53.000","51.600","497.65K","-0.02%"
"15-03-2017","51.910","52.620","52.820","51.740","576.05K","-1.56%"
"14-03-2017","52.730","53.000","53.390","52.670","485.60K","-0.62%"
"13-03-2017","53.060","52.100","53.070","51.600","412.65K","2.02%"
"10-03-2017","52.010","52.250","52.870","51.830","329.72K","-0.06%"
"09-03-2017","52.040","52.800","53.020","51.510","617.49K","-1.44%"
"08-03-2017","52.800","52.830","53.400","52.790","283.92K","-0.21%"
"07-03-2017","52.910","53.180","53.320","52.760","331.47K","-0.30%"
"06-03-2017","53.070","53.500","53.850","52.860","396.35K","-1.21%"
"03-03-2017","53.720","53.200","53.930","52.840","267.48K","0.28%"
"02-03-2017","53.570","53.330","53.950","53.270","305.01K","0.32%"
"01-03-2017","53.400","52.570","53.570","52.190","457.93K","2.40%"
"28-02-2017","52.150","52.600","52.750","52.070","318.93K","-0.34%"
"27-02-2017","52.330","53.070","53.320","51.700","519.15K","-0.65%"
"24-02-2017","52.670","53.500","53.700","52.040","553.59K","-1.75%"
"23-02-2017","53.610","54.300","54.650","53.500","327.12K","-0.85%"
"22-02-2017","54.070","55.000","55.100","53.470","337.16K","-1.46%"
"21-02-2017","54.870","53.820","54.890","53.700","269.34K","1.61%"
"20-02-2017","54.000","54.200","54.720","53.740","172.53K","0.06%"
"17-02-2017","53.970","54.220","54.390","53.140","359.50K","-0.74%"
"16-02-2017","54.370","55.680","55.740","54.060","345.47K","-2.18%"
"15-02-2017","55.580","56.200","56.240","55.260","298.42K","-0.57%"
"14-02-2017","55.900","55.090","56.040","54.760","350.81K","1.25%"
"13-02-2017","55.210","54.150","55.550","54.150","331.06K","2.24%"
"10-02-2017","54.000","54.000","54.570","53.850","227.16K","0.84%"
"09-02-2017","53.550","53.720","53.860","52.870","520.00K","-0.13%"
"08-02-2017","53.620","53.800","54.220","52.760","395.65K","-0.33%"
"07-02-2017","53.800","54.070","54.630","53.730","302.74K","-1.03%"
"06-02-2017","54.360","55.530","55.530","54.150","470.57K","-2.11%"
"03-02-2017","55.530","55.740","56.210","55.450","236.16K","-0.54%"
"02-02-2017","55.830","55.690","56.070","55.050","312.03K","-0.45%"
"01-02-2017","56.080","55.800","56.650","55.700","323.15K","1.05%"
"31-01-2017","55.500","56.000","56.970","55.420","436.61K","-1.18%"
"30-01-2017","56.160","57.100","57.250","55.850","334.91K","-2.31%"
"27-01-2017","57.490","57.700","57.930","57.200","289.48K","-0.95%"
"26-01-2017","58.040","58.630","58.630","57.680","383.20K","-0.36%"
"25-01-2017","58.250","58.000","58.570","57.890","558.33K","0.80%"
"24-01-2017","57.790","57.000","57.870","56.830","401.23K","1.56%"
"23-01-2017","56.900","55.800","57.000","55.210","498.31K","1.66%"
"20-01-2017","55.970","55.740","56.100","55.400","299.54K","0.09%"
"19-01-2017","55.920","55.500","56.220","55.160","375.13K","0.76%"
"18-01-2017","55.500","55.000","55.630","54.800","469.24K","1.11%"
"17-01-2017","54.890","54.520","55.100","53.760","449.68K","-0.27%"
"16-01-2017","55.040","55.600","55.710","54.460","518.06K","-2.27%"
"13-01-2017","56.320","56.150","57.280","55.330","645.13K","1.17%"
"12-01-2017","55.670","57.450","57.990","55.630","906.31K","-2.91%"
"11-01-2017","57.340","55.260","57.400","55.120","916.45K","3.99%"
"10-01-2017","55.140","55.330","55.970","54.340","554.20K","-0.02%"
"09-01-2017","55.150","54.020","55.280","54.020","687.94K","2.43%"
"06-01-2017","53.840","53.880","54.070","53.510","264.34K","-0.15%"
"05-01-2017","53.920","53.230","54.150","53.150","438.94K","0.88%"
"04-01-2017","53.450","54.370","54.700","52.920","449.38K","-1.44%"
"03-01-2017","54.230","53.140","54.890","53.140","535.10K","2.55%"
"02-01-2017","52.880","51.340","53.220","51.340","200.55K","2.20%"
"30-12-2016","51.740","51.860","52.090","51.250","214.32K","-1.03%"
"29-12-2016","52.280","53.200","53.230","51.960","406.22K","-2.24%"
"28-12-2016","53.480","53.290","53.540","53.280","279.25K","0.13%"
"27-12-2016","53.410","53.870","53.870","53.250","237.58K","-0.02%"
"23-12-2016","53.420","53.440","53.840","52.790","252.79K","-0.37%"
"22-12-2016","53.620","53.400","54.040","53.300","431.58K","0.06%"
"21-12-2016","53.590","52.750","53.590","52.600","623.41K","2.00%"
"20-12-2016","52.540","51.500","52.540","51.480","549.12K","1.45%"
"19-12-2016","51.790","51.310","51.800","50.370","375.38K","0.54%"
"16-12-2016","51.510","51.020","51.850","50.880","608.94K","0.98%"
"15-12-2016","51.010","50.530","51.120","50.300","493.65K","0.71%"
"14-12-2016","50.650","50.080","51.030","50.080","520.54K","0.34%"
"13-12-2016","50.480","49.485","50.840","49.485","678.14K","1.84%"
"12-12-2016","49.570","49.800","50.320","49.335","424.34K","-1.18%"
"09-12-2016","50.160","51.000","51.000","49.420","691.40K","-1.36%"
"08-12-2016","50.850","49.760","50.850","49.590","1.13M","2.43%"
"07-12-2016","49.645","48.060","49.650","48.060","851.64K","3.53%"
"06-12-2016","47.950","47.580","48.000","47.320","469.40K","0.50%"
"05-12-2016","47.710","46.250","47.960","46.220","349.85K","2.38%"
"02-12-2016","46.600","47.000","47.000","46.000","478.58K","-1.14%"
"01-12-2016","47.135","47.500","48.125","46.980","417.06K","-1.45%"
"30-11-2016","47.830","48.000","48.220","47.545","447.50K","-0.71%"
"29-11-2016","48.170","48.115","48.240","47.490","329.55K","-0.27%"
"28-11-2016","48.300","48.050","48.755","47.690","391.82K","-0.41%"
"25-11-2016","48.500","48.545","48.670","48.315","222.00K","-0.19%"
"24-11-2016","48.590","48.300","48.855","48.175","351.94K","0.89%"
"23-11-2016","48.160","47.655","48.250","47.415","605.43K","2.10%"
"22-11-2016","47.170","47.500","47.525","46.765","362.57K","0.11%"
"21-11-2016","47.120","46.400","47.375","46.110","467.62K","2.29%"
"18-11-2016","46.065","46.450","46.885","46.005","415.96K","-0.16%"
"17-11-2016","46.140","46.045","46.660","45.555","242.44K","-0.24%"
"16-11-2016","46.250","46.255","47.070","45.655","336.68K","-0.32%"
"15-11-2016","46.400","46.090","46.495","45.635","309.91K","1.07%"
"14-11-2016","45.910","46.465","46.800","45.500","498.58K","-0.24%"
"11-11-2016","46.020","45.115","46.440","45.115","463.73K","2.04%"
"10-11-2016","45.100","45.800","46.095","44.570","928.95K","-1.46%"
"09-11-2016","45.770","44.445","45.980","44.110","605.39K","-1.50%"
"08-11-2016","46.465","46.750","46.750","45.780","554.00K","-0.85%"
"07-11-2016","46.865","47.030","47.190","46.415","386.42K","0.56%"
"04-11-2016","46.605","46.480","46.745","46.020","317.00K","-0.63%"
"03-11-2016","46.900","47.000","47.415","46.870","318.35K","-0.73%"
"02-11-2016","47.245","48.000","48.000","46.980","482.33K","-2.43%"
"01-11-2016","48.420","49.270","49.400","48.230","260.97K","-1.44%"
"31-10-2016","49.125","49.170","49.350","48.770","314.72K","-0.10%"
"28-10-2016","49.175","48.590","49.325","48.350","316.18K","0.42%"
"27-10-2016","48.970","48.850","49.170","48.280","381.03K","0.97%"
"26-10-2016","48.500","48.685","48.750","47.605","412.26K","-0.53%"
"25-10-2016","48.760","48.585","49.370","48.585","423.80K","-0.27%"
"24-10-2016","48.890","48.395","48.990","48.395","291.28K","1.20%"
"21-10-2016","48.310","48.300","48.480","47.705","333.02K","-0.21%"
"20-10-2016","48.410","47.525","48.430","47.280","545.64K","1.92%"
"19-10-2016","47.500","47.300","47.900","47.240","302.79K","0.39%"
"18-10-2016","47.315","47.200","47.530","47.045","416.16K","0.91%"
"17-10-2016","46.890","47.030","47.625","46.825","540.66K","-1.26%"
"14-10-2016","47.490","46.335","47.740","46.235","457.53K","3.02%"
"13-10-2016","46.100","46.520","46.520","45.635","396.96K","-1.73%"
"12-10-2016","46.910","47.150","47.675","46.765","388.69K","-0.41%"
"11-10-2016","47.105","47.700","47.950","46.960","406.61K","-1.48%"
"10-10-2016","47.815","46.920","47.815","46.745","343.90K","1.96%"
"07-10-2016","46.895","47.200","47.365","46.485","390.51K","-0.89%"
"06-10-2016","47.315","47.500","48.080","47.230","439.45K","-0.28%"
"05-10-2016","47.450","46.440","47.540","46.220","636.13K","0.84%"
"04-10-2016","47.055","45.120","47.260","45.120","955.51K","3.57%"
"30-09-2016","45.435","44.350","45.490","43.570","481.02K","1.39%"
"29-09-2016","44.810","45.250","45.465","44.665","331.05K","-0.03%"
"28-09-2016","44.825","43.860","45.050","43.755","368.77K","2.57%"
"27-09-2016","43.700","44.960","45.000","43.195","608.12K","-2.02%"
"26-09-2016","44.600","45.450","45.450","44.500","400.92K","-2.40%"
"23-09-2016","45.695","46.130","46.320","45.500","273.26K","-1.04%"
"22-09-2016","46.175","45.600","46.610","45.600","533.46K","1.61%"
"21-09-2016","45.445","45.475","45.850","45.165","201.94K","0.69%"
"20-09-2016","45.135","45.440","45.655","45.135","215.21K","-0.54%"
"19-09-2016","45.380","45.000","45.630","44.855","266.25K","1.37%"
"16-09-2016","44.765","45.750","46.200","44.640","604.40K","-2.53%"
"15-09-2016","45.925","45.700","46.280","45.335","334.59K","0.33%"
"14-09-2016","45.775","46.000","46.365","45.410","374.77K","-0.33%"
"13-09-2016","45.925","46.450","46.500","45.830","317.72K","-0.67%"
"12-09-2016","46.235","46.000","46.240","45.295","574.72K","-1.04%"
"09-09-2016","46.720","46.080","47.015","45.950","498.46K","0.57%"
"08-09-2016","46.455","46.900","47.070","45.885","516.75K","-0.94%"
"07-09-2016","46.895","45.870","47.065","45.735","518.09K","2.35%"
"06-09-2016","45.820","45.700","46.400","45.575","258.80K","-0.05%"
"05-09-2016","45.845","45.800","46.205","45.480","266.16K","0.17%"
"02-09-2016","45.765","45.500","45.880","44.375","461.32K","0.70%"
"01-09-2016","45.445","45.600","46.470","45.200","520.28K","0.04%"
"31-08-2016","45.425","45.520","46.230","45.415","439.52K","-0.38%"
"30-08-2016","45.600","45.300","46.070","44.825","438.55K","1.31%"
"29-08-2016","45.010","45.100","45.550","44.515","229.21K","-0.82%"
"26-08-2016","45.380","44.350","45.490","44.270","450.76K","2.46%"
"25-08-2016","44.290","45.000","45.000","44.180","515.82K","-2.38%"
"24-08-2016","45.370","45.200","45.870","45.040","267.42K","0.04%"
"23-08-2016","45.350","45.250","45.940","44.760","370.87K","1.10%"
"22-08-2016","44.855","44.775","45.700","44.460","307.22K","-0.41%"
"19-08-2016","45.040","45.700","45.700","44.320","398.17K","-1.44%"
"18-08-2016","45.700","45.600","45.815","45.175","296.43K","0.13%"
"17-08-2016","45.640","46.745","46.850","45.275","363.15K","-2.03%"
"16-08-2016","46.585","47.130","47.485","46.095","357.03K","-1.89%"
"15-08-2016","47.480","47.100","48.010","47.100","213.96K","0.96%"
"12-08-2016","47.030","47.565","47.900","46.935","282.26K","-1.58%"
"11-08-2016","47.785","47.500","47.950","46.900","352.31K","0.94%"
"10-08-2016","47.340","46.740","47.775","46.645","402.53K","0.55%"
"09-08-2016","47.080","45.500","47.250","45.475","396.03K","2.40%"
"08-08-2016","45.975","46.480","47.230","45.795","321.02K","-0.78%"
"05-08-2016","46.335","45.110","46.405","44.815","364.33K","3.15%"
"04-08-2016","44.920","44.685","45.750","44.475","430.73K","1.29%"
"03-08-2016","44.350","43.700","44.560","43.170","451.11K","0.54%"
"02-08-2016","44.110","46.005","46.195","43.710","632.59K","-4.29%"
"01-08-2016","46.085","47.500","47.645","45.865","331.01K","-1.67%"
"29-07-2016","46.870","46.350","47.105","46.350","355.95K","1.66%"
"28-07-2016","46.105","48.100","48.310","45.860","588.84K","-4.20%"
"27-07-2016","48.125","47.400","48.500","47.400","735.63K","3.08%"
"26-07-2016","46.685","45.920","47.100","45.910","405.14K","1.65%"
"25-07-2016","45.925","45.645","46.465","45.290","253.11K","0.62%"
"22-07-2016","45.640","45.755","46.080","45.325","248.45K","-0.69%"
"21-07-2016","45.955","46.500","46.910","45.700","380.38K","-0.56%"
"20-07-2016","46.215","44.800","46.945","44.475","729.42K","3.44%"
"19-07-2016","44.680","44.905","45.100","43.875","337.33K","-0.70%"
"18-07-2016","44.995","44.850","45.900","44.505","380.75K","0.38%"
"15-07-2016","44.825","44.500","45.380","44.295","375.10K","-0.18%"
"14-07-2016","44.905","44.550","45.425","44.500","641.77K","1.57%"
"13-07-2016","44.210","45.125","45.760","44.165","587.76K","-1.98%"
"12-07-2016","45.105","44.105","45.910","44.105","773.25K","2.89%"
"11-07-2016","43.840","43.300","44.645","43.080","619.47K","2.65%"
"08-07-2016","42.710","40.710","43.110","40.700","643.90K","5.05%"
"07-07-2016","40.655","40.910","42.195","40.585","466.60K","0.43%"
"06-07-2016","40.480","40.900","41.220","39.560","852.22K","-1.53%"
"05-07-2016","41.110","42.525","42.570","40.980","628.52K","-3.90%"
"04-07-2016","42.780","44.025","44.135","42.225","518.33K","-2.55%"
"01-07-2016","43.900","41.635","44.280","41.610","899.21K","6.21%"
"30-06-2016","41.335","41.500","41.825","40.715","897.06K","-2.14%"
"29-06-2016","42.240","43.265","43.355","42.150","653.95K","-1.03%"
"28-06-2016","42.680","42.890","43.695","42.355","659.79K","3.20%"
"27-06-2016","41.355","44.550","44.710","41.170","957.41K","-6.66%"
"24-06-2016","44.305","44.200","46.500","42.000","1.57M","-7.86%"
"23-06-2016","48.085","47.245","48.290","46.715","527.45K","2.89%"
"22-06-2016","46.735","47.400","47.895","46.735","347.58K","-0.80%"
"21-06-2016","47.110","47.900","48.265","47.080","400.26K","-1.81%"
"20-06-2016","47.980","47.170","48.235","47.100","518.03K","5.09%"
"17-06-2016","45.655","44.950","45.970","44.730","489.18K","2.48%"
"16-06-2016","44.550","44.430","44.850","43.810","547.27K","-1.16%"
"15-06-2016","45.075","45.555","46.050","44.870","432.48K","0.19%"
"14-06-2016","44.990","45.540","45.725","44.000","754.15K","-1.61%"
"13-06-2016","45.725","46.100","46.230","45.300","474.45K","-1.89%"
"10-06-2016","46.605","47.825","47.825","46.090","599.31K","-2.89%"
"09-06-2016","47.990","48.665","48.975","47.110","589.77K","-2.06%"
"08-06-2016","49.000","49.580","50.060","48.740","395.40K","-2.00%"
"07-06-2016","50.000","49.500","50.230","48.910","506.31K","1.95%"
"06-06-2016","49.045","48.555","49.405","48.550","343.25K","1.68%"
"03-06-2016","48.235","50.000","50.100","47.910","496.50K","-3.13%"
"02-06-2016","49.795","48.380","50.070","48.330","374.44K","2.56%"
"01-06-2016","48.550","49.370","49.500","48.235","423.98K","-1.90%"
"31-05-2016","49.490","50.350","50.650","48.825","731.39K","-1.59%"
"30-05-2016","50.290","50.000","50.650","49.865","416.00K","1.24%"
"27-05-2016","49.675","49.800","49.895","48.870","387.22K","-0.12%"
"26-05-2016","49.735","49.260","49.980","49.160","338.77K","1.07%"
"25-05-2016","49.210","48.890","49.750","48.805","439.56K","1.24%"
"24-05-2016","48.605","47.300","48.870","46.900","379.02K","2.62%"
"23-05-2016","47.365","47.950","48.085","46.895","264.56K","-0.83%"
"20-05-2016","47.760","47.500","48.415","47.285","323.06K","0.93%"
"19-05-2016","47.320","46.900","48.040","46.365","312.50K","0.33%"
"18-05-2016","47.165","47.105","47.575","46.125","589.15K","-0.23%"
"17-05-2016","47.275","48.700","49.530","46.880","578.01K","-2.29%"
"13-05-2016","48.385","47.200","48.450","46.955","363.83K","1.41%"
"12-05-2016","47.710","48.425","49.020","47.320","361.25K","-1.67%"
"11-05-2016","48.520","48.400","48.780","47.770","378.65K","-0.04%"
"10-05-2016","48.540","47.400","49.000","47.190","607.77K","3.78%"
"09-05-2016","46.770","46.900","48.090","46.660","481.58K","1.42%"
"06-05-2016","46.115","45.780","46.890","45.150","464.50K","0.79%"
"05-05-2016","45.755","46.450","46.505","45.305","393.39K","-1.59%"
"04-05-2016","46.495","47.010","47.565","46.365","430.18K","-1.56%"
"03-05-2016","47.230","48.600","48.715","47.020","524.02K","-3.11%"
"02-05-2016","48.745","48.885","49.820","48.385","345.52K","0.03%"
"29-04-2016","48.730","49.815","50.700","48.730","530.03K","-3.62%"
"28-04-2016","50.560","50.000","51.090","49.365","689.85K","0.12%"
"27-04-2016","50.500","49.800","50.600","49.610","769.67K","3.07%"
"26-04-2016","48.995","48.540","49.485","48.075","557.68K","1.04%"
"25-04-2016","48.490","48.650","48.980","47.500","661.14K","-1.18%"
"22-04-2016","49.070","48.000","49.315","46.800","822.75K","-0.21%"
"21-04-2016","49.175","49.000","50.500","47.010","1.33M","2.20%"
"20-04-2016","48.115","45.465","48.330","44.920","1.50M","6.04%"
"19-04-2016","45.375","44.800","45.530","44.475","463.55K","1.81%"
"18-04-2016","44.570","43.040","44.835","42.880","601.73K","0.53%"
"15-04-2016","44.335","45.045","45.045","44.100","364.41K","-1.51%"
"14-04-2016","45.015","45.020","45.325","44.670","621.54K","-0.09%"
"13-04-2016","45.055","44.200","45.490","44.065","531.39K","3.71%"
"12-04-2016","43.445","43.430","44.200","42.785","282.90K","0.23%"
"11-04-2016","43.345","42.610","43.485","41.865","531.57K","0.20%"
"08-04-2016","43.260","42.495","43.755","42.310","427.04K","2.73%"
"07-04-2016","42.110","42.335","43.010","41.750","554.53K","-0.23%"
"06-04-2016","42.205","42.350","43.380","41.145","536.94K","0.26%"
"05-04-2016","42.095","43.120","43.120","41.750","572.16K","-3.40%"
"04-04-2016","43.575","43.950","44.250","43.180","367.59K","-0.74%"
"01-04-2016","43.900","44.740","45.215","43.455","575.61K","-3.07%"
"31-03-2016","45.290","46.165","46.345","45.275","462.36K","-2.77%"
"30-03-2016","46.580","45.760","47.115","45.540","412.31K","1.57%"
"29-03-2016","45.860","45.800","46.280","44.910","435.75K","-0.30%"
"24-03-2016","46.000","46.895","46.895","45.555","510.84K","-2.41%"
"23-03-2016","47.135","47.900","47.900","46.760","495.18K","-0.38%"
"22-03-2016","47.315","47.335","47.450","46.175","538.81K","-0.23%"
"21-03-2016","47.425","47.000","48.250","46.760","1.00M","1.88%"
"18-03-2016","46.550","44.800","46.810","44.435","812.23K","3.93%"
"17-03-2016","44.790","45.200","45.820","43.760","763.37K","0.49%"
"16-03-2016","44.570","43.900","45.030","43.900","401.31K","1.85%"
"15-03-2016","43.760","43.690","44.300","43.415","427.33K","-2.69%"
"14-03-2016","44.970","45.415","46.405","44.630","480.37K","0.89%"
"11-03-2016","44.575","42.940","44.715","42.760","605.06K","6.04%"
"10-03-2016","42.035","43.735","45.200","42.035","749.09K","-4.06%"
"09-03-2016","43.815","43.030","44.385","42.320","719.05K","0.15%"
"08-03-2016","43.750","45.000","45.350","43.500","704.05K","-4.87%"
"07-03-2016","45.990","46.650","47.065","45.010","705.30K","-3.10%"
"04-03-2016","47.460","46.000","47.850","45.990","707.04K","3.62%"
"03-03-2016","45.800","44.765","45.920","44.045","612.10K","2.32%"
"02-03-2016","44.760","43.900","44.850","43.840","603.72K","3.01%"
"01-03-2016","43.450","42.100","43.630","42.100","536.84K","3.01%"
"29-02-2016","42.180","40.025","42.595","39.820","765.63K","3.21%"
"26-02-2016","40.870","39.405","41.005","39.350","697.08K","5.00%"
"25-02-2016","38.925","39.400","39.500","38.525","441.37K","0.35%"
"24-02-2016","38.790","40.800","40.875","38.100","775.35K","-5.18%"
"23-02-2016","40.910","41.800","42.005","40.550","333.02K","-2.76%"
"22-02-2016","42.070","41.000","42.250","41.000","466.33K","3.93%"
"19-02-2016","40.480","41.000","41.360","40.040","559.03K","-2.52%"
"18-02-2016","41.525","42.050","42.775","41.005","554.27K","-0.07%"
"17-02-2016","41.555","39.900","41.995","39.885","684.91K","4.58%"
"16-02-2016","39.735","40.800","40.930","39.100","652.42K","-0.66%"
"15-02-2016","40.000","38.750","40.500","38.515","699.53K","6.84%"
"12-02-2016","37.440","37.455","38.105","36.830","636.99K","1.95%"
"11-02-2016","36.725","37.705","37.730","35.940","759.22K","-3.30%"
"10-02-2016","37.980","37.735","38.895","37.500","585.83K","1.06%"
"09-02-2016","37.580","38.680","38.950","36.755","779.43K","-3.42%"
"08-02-2016","38.910","41.000","41.530","38.800","659.87K","-4.25%"
"05-02-2016","40.635","39.490","41.545","39.490","787.01K","2.39%"
"04-02-2016","39.685","39.840","40.170","38.560","839.36K","1.21%"
"03-02-2016","39.210","40.125","40.195","38.450","959.53K","-2.49%"
"02-02-2016","40.210","41.300","41.450","39.975","571.77K","-3.06%"
"01-02-2016","41.480","41.980","42.395","40.515","444.26K","-0.74%"
"29-01-2016","41.790","42.695","43.120","41.180","553.39K","-0.94%"
"28-01-2016","42.185","43.400","44.210","42.080","406.06K","-3.73%"
"27-01-2016","43.820","43.660","43.820","42.710","285.20K","0.35%"
"26-01-2016","43.665","42.300","43.750","41.820","464.10K","1.59%"
"25-01-2016","42.980","44.310","44.315","42.765","409.12K","-2.04%"
"22-01-2016","43.875","43.770","44.640","43.500","461.42K","2.40%"
"21-01-2016","42.845","41.000","43.000","40.230","661.62K","5.27%"
"20-01-2016","40.700","42.225","42.260","40.370","667.98K","-5.56%"
"19-01-2016","43.095","43.250","43.675","42.570","655.37K","2.49%"
"18-01-2016","42.050","42.645","43.800","41.965","522.97K","-1.27%"
"15-01-2016","42.590","44.265","44.740","42.000","930.94K","-3.75%"
"14-01-2016","44.250","45.050","45.500","42.850","750.49K","-3.32%"
"13-01-2016","45.770","46.495","47.360","45.335","517.53K","0.22%"
"12-01-2016","45.670","45.310","47.195","45.105","605.19K","1.73%"
"11-01-2016","44.895","44.000","46.020","44.000","650.24K","2.35%"
"08-01-2016","43.865","43.970","45.595","43.850","701.39K","0.61%"
"07-01-2016","43.600","44.580","44.605","43.020","905.35K","-5.07%"
"06-01-2016","45.930","46.700","47.100","44.660","608.52K","-2.63%"
"05-01-2016","47.170","47.000","47.720","45.750","934.91K","-2.12%"
"04-01-2016","48.190","49.000","49.000","48.000","794.99K","-3.64%"
"30-12-2015","50.010","50.750","50.750","49.850","207.31K","-1.54%"
"29-12-2015","50.790","50.920","50.990","50.120","365.38K","0.77%"
"28-12-2015","50.400","51.390","51.480","50.350","309.95K","-1.70%"
"23-12-2015","51.270","50.850","51.370","50.570","653.46K","2.29%"
"22-12-2015","50.120","49.980","50.550","49.495","624.46K","2.03%"
"21-12-2015","49.125","49.010","50.580","48.860","844.02K","0.16%"
"18-12-2015","49.045","48.200","49.375","48.040","971.62K","0.48%"
"17-12-2015","48.810","48.650","49.690","48.180","735.90K","2.80%"
"16-12-2015","47.480","47.000","47.850","45.895","862.00K","1.96%"
"15-12-2015","46.565","46.890","48.300","46.475","886.15K","-0.22%"
"14-12-2015","46.670","49.095","49.195","46.545","796.67K","-4.08%"
"11-12-2015","48.655","50.140","50.180","48.190","892.23K","-2.85%"
"10-12-2015","50.080","50.100","50.950","48.990","1.31M","0.78%"
"09-12-2015","49.690","47.410","50.640","46.450","1.25M","5.41%"
"08-12-2015","47.140","49.110","49.490","46.290","771.51K","-3.90%"
"07-12-2015","49.055","49.250","49.955","48.600","458.04K","0.70%"
"04-12-2015","48.715","48.405","48.900","47.900","637.36K","1.01%"
"03-12-2015","48.230","48.900","50.020","47.750","913.31K","-0.22%"
"02-12-2015","48.335","49.930","49.950","47.000","1.03M","-2.52%"
"01-12-2015","49.585","50.010","51.900","48.995","1.50M","-0.19%"
"30-11-2015","49.680","48.425","49.680","47.840","1.29M","3.30%"
"27-11-2015","48.095","47.400","48.730","47.260","693.12K","0.78%"
"26-11-2015","47.725","47.750","48.000","46.255","1.33M","2.93%"
"25-11-2015","46.365","44.795","46.600","44.200","1.25M","4.39%"
"24-11-2015","44.415","43.330","44.920","43.200","1.53M","4.73%"
"23-11-2015","42.410","42.300","42.730","41.620","763.89K","-0.68%"
"20-11-2015","42.700","42.000","42.985","41.775","808.77K","1.85%"
"19-11-2015","41.925","41.440","42.255","41.270","749.91K","2.62%"
"18-11-2015","40.855","39.900","41.190","39.580","856.10K","2.59%"
"17-11-2015","39.825","39.100","39.950","38.925","483.29K","2.68%"
"16-11-2015","38.785","38.650","39.485","38.460","450.73K","0.26%"
"13-11-2015","38.685","38.010","39.480","37.825","522.66K","1.74%"
"12-11-2015","38.025","38.900","38.940","37.830","827.90K","-2.11%"
"11-11-2015","38.845","39.860","40.200","38.500","729.79K","-2.64%"
"10-11-2015","39.900","40.220","40.400","39.635","645.19K","0.35%"
"09-11-2015","39.760","40.470","41.220","39.600","774.57K","-0.75%"
"06-11-2015","40.060","39.270","40.240","39.000","861.23K","2.38%"
"05-11-2015","39.130","40.360","40.390","38.460","1.37M","-2.37%"
"04-11-2015","40.080","40.660","40.690","39.100","2.12M","-8.01%"
"03-11-2015","43.570","42.110","43.570","41.850","898.59K","-1.21%"
"02-11-2015","44.105","42.390","44.310","42.300","903.37K","3.53%"
"30-10-2015","42.600","42.245","42.635","41.995","923.66K","1.38%"
"29-10-2015","42.020","42.520","42.520","41.500","818.09K","-0.18%"
"28-10-2015","42.095","40.685","42.590","40.055","980.33K","4.34%"
"27-10-2015","40.345","42.095","42.130","40.345","758.59K","-3.94%"
"26-10-2015","42.000","42.790","43.080","41.760","618.99K","-0.38%"
"23-10-2015","42.160","41.400","43.370","41.200","982.27K","3.16%"
"22-10-2015","40.870","39.525","41.000","39.010","712.91K","4.17%"
"21-10-2015","39.235","38.495","39.420","37.930","592.74K","2.15%"
"20-10-2015","38.410","38.920","39.085","37.605","567.98K","-1.04%"
"19-10-2015","38.815","38.800","39.300","38.090","565.79K","0.09%"
"16-10-2015","38.780","40.300","40.490","38.590","856.24K","-2.78%"
"15-10-2015","39.890","40.500","41.000","39.575","1.05M","-0.80%"
"14-10-2015","40.210","40.750","42.000","40.180","897.88K","-2.46%"
"13-10-2015","41.225","42.465","42.480","40.200","834.03K","-2.44%"
"12-10-2015","42.255","42.500","43.170","41.900","1.05M","0.08%"
"09-10-2015","42.220","41.950","42.850","41.450","1.80M","2.20%"
"08-10-2015","41.310","41.335","42.120","40.690","1.71M","2.13%"
"07-10-2015","40.450","39.250","41.410","39.200","2.01M","5.35%"
"06-10-2015","38.395","37.465","38.795","36.015","1.36M","3.30%"
"05-10-2015","37.170","35.800","37.510","34.030","1.51M","3.64%"
"02-10-2015","35.865","37.675","37.940","35.530","1.11M","-4.44%"
"01-10-2015","37.530","38.670","39.685","37.225","900.55K","-1.48%"
"30-09-2015","38.095","39.360","39.480","37.850","1.46M","1.48%"
"29-09-2015","37.540","37.100","38.920","36.370","1.47M","-1.00%"
"28-09-2015","37.920","40.570","40.570","37.250","1.90M","-6.93%"
"25-09-2015","40.745","43.600","43.600","40.300","2.00M","-3.16%"
"24-09-2015","42.075","44.200","45.490","41.655","2.55M","-0.60%"
"23-09-2015","42.330","41.400","44.385","38.565","3.68M","1.87%"
"22-09-2015","41.555","50.510","50.550","40.110","4.68M","-17.22%"
"21-09-2015","50.200","53.800","54.010","46.285","4.36M","-17.22%"
"18-09-2015","60.640","62.200","62.200","59.740","553.64K","-3.12%"
"17-09-2015","62.590","63.260","63.500","62.530","310.26K","-0.97%"
"16-09-2015","63.200","62.900","63.350","62.560","393.98K","1.90%"
"15-09-2015","62.020","61.400","62.380","61.050","260.88K","1.17%"
"14-09-2015","61.300","61.260","62.160","60.790","210.91K","-0.33%"
"11-09-2015","61.500","61.900","61.920","61.000","250.66K","-0.58%"
"10-09-2015","61.860","61.900","62.800","61.470","262.93K","-0.90%"
"09-09-2015","62.420","63.050","63.600","62.140","375.01K","1.18%"
"08-09-2015","61.690","61.350","62.470","61.350","429.02K","1.95%"
"07-09-2015","60.510","60.860","61.040","60.330","190.05K","0.35%"
"04-09-2015","60.300","61.070","61.160","59.340","455.46K","-2.21%"
"03-09-2015","61.660","60.580","62.190","60.230","441.81K","3.02%"
"02-09-2015","59.850","60.560","60.980","59.760","311.48K","-0.84%"
"01-09-2015","60.360","61.300","61.550","59.750","363.86K","-2.82%"
"31-08-2015","62.110","62.500","62.880","61.560","348.44K","-1.26%"
"28-08-2015","62.900","63.290","63.290","61.850","396.30K","-0.44%"
"27-08-2015","63.180","63.900","64.300","62.710","451.95K","2.33%"
"26-08-2015","61.740","61.910","62.730","60.430","565.64K","-1.36%"
"25-08-2015","62.590","60.410","63.450","59.860","1.04M","4.98%"
"24-08-2015","59.620","60.600","61.700","57.550","1.02M","-4.87%"
"21-08-2015","62.670","62.340","63.920","62.000","559.09K","-1.77%"
"20-08-2015","63.800","64.750","65.090","63.370","485.54K","-2.39%"
"19-08-2015","65.360","66.250","66.610","65.220","367.35K","-2.02%"
"18-08-2015","66.710","67.200","67.730","66.430","287.66K","-1.29%"
"17-08-2015","67.580","68.650","69.060","66.890","359.41K","-0.31%"
"14-08-2015","67.790","67.100","68.120","66.480","481.31K","2.14%"
"13-08-2015","66.370","67.530","67.740","66.270","276.66K","0.48%"
"12-08-2015","66.050","67.700","67.700","65.850","727.29K","-3.46%"
"11-08-2015","68.420","70.720","70.720","67.940","558.28K","-3.85%"
"10-08-2015","71.160","71.100","71.340","70.290","244.65K","0.84%"
"07-08-2015","70.570","70.090","70.900","69.530","305.61K","-0.51%"
"06-08-2015","70.930","71.570","72.130","70.690","250.93K","-0.66%"
"05-08-2015","71.400","69.950","72.340","69.950","571.77K","2.87%"
"04-08-2015","69.410","68.550","69.450","68.080","402.05K","1.34%"
"03-08-2015","68.490","69.400","69.400","67.560","393.09K","0.00%"
"31-07-2015","68.490","69.000","69.190","68.190","377.25K","-0.31%"
"30-07-2015","68.700","69.790","69.790","68.200","336.63K","-0.61%"
"29-07-2015","69.120","70.790","70.960","68.440","466.30K","-1.92%"
"28-07-2015","70.470","69.850","70.840","69.470","390.25K","1.57%"
"27-07-2015","69.380","70.950","70.950","68.860","525.55K","-2.69%"
"24-07-2015","71.300","72.750","73.040","70.950","343.91K","-2.38%"
"23-07-2015","73.040","73.690","73.860","72.430","202.08K","0.05%"
"22-07-2015","73.000","73.300","73.650","72.510","369.39K","-1.47%"
"21-07-2015","74.090","74.800","75.260","73.750","403.27K","-0.88%"
"20-07-2015","74.750","75.280","75.340","74.080","345.69K","-0.88%"
"17-07-2015","75.410","76.180","76.300","75.040","214.25K","-0.11%"
"16-07-2015","75.490","74.740","76.370","74.180","477.54K","2.36%"
"15-07-2015","73.750","74.280","74.290","73.440","325.63K","-0.93%"
"14-07-2015","74.440","75.930","75.930","73.200","355.62K","-1.76%"
"13-07-2015","75.770","75.960","76.880","74.660","405.95K","0.76%"
"10-07-2015","75.200","76.060","76.060","74.090","356.51K","1.46%"
"09-07-2015","74.120","72.840","75.120","72.840","390.13K","2.52%"
"08-07-2015","72.300","74.400","74.400","71.960","677.60K","-2.89%"
"07-07-2015","74.450","75.550","75.900","74.020","463.23K","-1.42%"
"06-07-2015","75.520","74.740","76.350","74.650","267.11K","-1.29%"
"03-07-2015","76.510","77.500","77.500","76.300","249.81K","-1.26%"
"02-07-2015","77.490","78.160","78.750","77.300","237.22K","-0.51%"
"01-07-2015","77.890","76.500","78.600","76.060","369.73K","3.07%"
"30-06-2015","75.570","77.000","77.670","75.570","342.62K","-2.23%"
"29-06-2015","77.290","76.000","78.650","75.550","425.15K","-3.36%"
"26-06-2015","79.980","79.390","80.360","79.060","335.16K","0.25%"
"25-06-2015","79.780","78.860","80.660","78.850","205.13K","-0.01%"
"24-06-2015","79.790","80.400","80.400","78.530","292.58K","-0.85%"
"23-06-2015","80.470","80.580","81.250","80.010","331.68K","0.89%"
"22-06-2015","79.760","79.120","80.200","78.550","346.82K","2.94%"
"19-06-2015","77.480","76.500","78.040","76.500","597.79K","1.52%"
"18-06-2015","76.320","75.130","76.360","74.200","427.63K","0.74%"
"17-06-2015","75.760","77.230","77.280","75.530","311.34K","-1.37%"
"16-06-2015","76.810","75.410","77.200","74.940","335.75K","0.91%"
"15-06-2015","76.120","76.500","76.710","75.600","294.41K","-1.95%"
"12-06-2015","77.630","78.900","79.160","76.950","400.51K","-2.40%"
"11-06-2015","79.540","79.090","80.290","78.940","472.78K","0.71%"
"10-06-2015","78.980","76.680","79.140","76.450","508.09K","3.24%"
"09-06-2015","76.500","76.500","76.890","74.690","439.38K","-0.34%"
"08-06-2015","76.760","78.000","78.290","76.390","369.97K","-1.70%"
"05-06-2015","78.090","78.050","78.820","77.500","298.86K","-1.14%"
"04-06-2015","78.990","79.500","79.610","78.010","329.11K","-0.78%"
"03-06-2015","79.610","79.510","80.960","78.950","369.91K","0.52%"
"02-06-2015","79.200","80.910","80.910","78.750","281.54K","-1.54%"
"01-06-2015","80.440","81.300","81.500","79.980","377.90K","0.02%"
"29-05-2015","80.420","82.500","82.500","80.190","479.63K","-2.14%"
"28-05-2015","82.180","83.690","83.970","81.530","289.39K","-2.03%"
"27-05-2015","83.880","82.930","84.150","82.180","358.28K","1.13%"
"26-05-2015","82.940","84.500","85.350","82.480","338.81K","-2.04%"
"22-05-2015","84.670","85.570","85.740","84.290","304.89K","-0.61%"
"21-05-2015","85.190","85.130","85.640","84.410","254.68K","-0.09%"
"20-05-2015","85.270","85.620","85.990","84.710","261.17K","-0.42%"
"19-05-2015","85.630","82.810","85.910","82.700","569.33K","4.43%"
"18-05-2015","82.000","80.160","82.290","79.850","476.55K","3.03%"
"15-05-2015","79.590","81.390","81.710","79.340","329.80K","-2.08%"
"14-05-2015","81.280","78.100","81.480","78.080","349.97K","-0.51%"
"13-05-2015","81.700","82.490","83.210","81.150","272.51K","-0.33%"
"12-05-2015","81.970","84.660","84.890","81.800","387.15K","-3.69%"
"11-05-2015","85.110","85.170","85.270","84.150","256.03K","0.44%"
"08-05-2015","84.740","84.060","85.240","83.150","330.10K","1.81%"
"07-05-2015","83.230","81.500","84.180","80.730","565.23K","1.87%"
"06-05-2015","81.700","82.520","84.200","80.780","715.31K","-1.41%"
"05-05-2015","82.870","85.400","85.600","82.540","530.55K","-2.08%"
"04-05-2015","84.630","85.400","85.410","83.830","326.15K","-0.79%"
"30-04-2015","85.300","86.070","86.070","83.950","477.54K","0.58%"
"29-04-2015","84.810","89.000","89.000","84.190","453.71K","-3.47%"
"28-04-2015","87.860","89.600","89.900","86.790","422.53K","-1.95%"
"27-04-2015","89.610","87.820","89.610","87.270","727.55K","4.57%"
"24-04-2015","85.690","85.930","86.650","84.810","429.32K","0.56%"
"23-04-2015","85.210","85.860","86.650","84.470","423.46K","-0.68%"
"22-04-2015","85.790","86.030","87.310","84.680","548.13K","-0.92%"
"21-04-2015","86.590","88.140","88.790","86.230","517.91K","-1.32%"
"20-04-2015","87.750","89.000","89.340","87.520","440.96K","-1.09%"
"17-04-2015","88.720","89.430","91.950","88.380","583.62K","-1.05%"
"16-04-2015","89.660","91.520","92.100","89.530","457.08K","-1.86%"
"15-04-2015","91.360","91.900","92.690","91.190","256.04K","-0.33%"
"14-04-2015","91.660","92.500","93.230","91.060","279.38K","-0.84%"
"13-04-2015","92.440","93.010","93.380","92.370","401.22K","-1.66%"
"10-04-2015","94.000","93.150","94.560","92.820","479.55K","1.23%"
"09-04-2015","92.860","92.250","93.030","91.940","279.24K","1.55%"
"08-04-2015","91.440","91.480","91.880","89.640","309.58K","0.10%"
"07-04-2015","91.350","91.200","91.770","90.320","268.91K","0.96%"
"02-04-2015","90.480","90.270","90.620","89.870","271.14K","-0.23%"
"01-04-2015","90.690","91.450","92.250","90.260","478.90K","-0.85%"
"31-03-2015","91.470","92.620","93.170","90.570","354.57K","-0.96%"
"30-03-2015","92.360","90.450","92.360","90.390","403.81K","2.51%"
"27-03-2015","90.100","90.000","91.250","88.460","717.88K","1.24%"
"26-03-2015","89.000","87.500","89.010","84.730","965.63K","0.82%"
"25-03-2015","88.280","88.360","89.300","87.640","345.28K","0.47%"
"24-03-2015","87.870","86.790","88.460","85.650","481.13K","1.02%"
"23-03-2015","86.980","89.850","89.850","86.700","398.80K","-2.67%"
"20-03-2015","89.370","88.900","89.870","88.110","415.99K","0.86%"
"19-03-2015","88.610","87.390","88.870","87.000","382.04K","1.01%"